{"type":"FeatureCollection","features":[{"type":"Feature","geometry":{"type":"Polygon","coordinates":[[[33.78049758384968,35.20813711758318],[33.92467406700398,34.95322760220232],[33.53851226280476,34.94415625210466],[33.48393538902546,34.79579123135271],[33.131392511828196,34.6803356039113],[32.60339263389851,34.61473425503435],[32.27109054039265,34.71969565029802],[32.143721613390696,35.04254492397966],[32.30098632286335,35.016261659819506],[32.48311522911335,35.15294226284685],[32.744952234728586,35.11427267666521],[32.81907180259968,35.28174551602068],[33.07747939537312,35.31861075039568],[33.37370971153523,35.30648001309099],[33.90731719444538,35.436847292143725],[33.78049758384968,35.20813711758318]]]},"properties":{"name":"Cyprus","role":"land"}},{"type":"Feature","geometry":{"type":"MultiPolygon","coordinates":[[[[140.01261428306844,41.38180883999529],[139.97774795006063,41.5034671651906],[140.1244917244747,41.7921520101613],[140.09969619224813,41.9459720480031],[139.7772016854122,42.112052522856615],[139.71174148033407,42.47759588833513],[139.97396377037313,42.65139731045427],[140.2089643807247,42.728900514799975],[140.49982741783407,42.896407686430834],[140.5168257088497,43.05700262661638],[140.37356093834188,43.18519171353044],[140.59891799400594,43.326991640288256],[140.89655593345907,43.134826265532396],[141.06417373131063,43.09662588711443],[141.3036451668575,43.187030397612475],[141.30192092369344,43.72046621914568],[141.70942214439657,43.91419180508318],[141.74572280357626,44.628566347319506],[141.56659987877157,44.96956595059099],[141.52277663658407,45.18263205166521],[141.87533095787313,45.435424410063646],[142.5390425057247,44.842650972563646],[143.02050307701376,44.463683687407396],[143.50817397545126,44.155761324126146],[144.02810195396688,43.950927339751146],[144.61382583092,43.84276159878435],[144.75043776939657,43.88161429043474],[145.1399946541622,44.178283296782396],[145.2098951668575,44.03688772793474],[145.059382471545,43.785766206938646],[145.14857009361532,43.59949835415544],[145.44813064049032,43.16955908413591],[144.99468520592,42.93744238491716],[144.5901899666622,42.859584413725756],[144.37011245201376,42.94904669399919],[144.16639235924032,42.942226015288256],[143.84792617271688,42.77464636440935],[143.330378565295,42.196105562407396],[143.21375564049032,41.926539980132006],[142.84231093834188,42.066852174956225],[141.92812636802938,42.50126227017107],[141.721003565295,42.53934820767107],[141.3969068856075,42.51944311733904],[140.9296217293575,42.255458437163256],[140.69352248619344,42.55014380093279],[140.5408735604122,42.53700216885271],[140.223444971545,42.36310919399919],[140.24552443931844,42.2284427511281],[140.76766494224813,42.00501211758318],[141.15503982017782,41.74934347744646],[140.97927382896688,41.65285452480974],[140.58887771080282,41.67771109219255],[140.26859572838094,41.324672304350756],[140.11245253990438,41.27311285610857],[140.01261428306844,41.38180883999529]]],[[[143.05691054771688,53.06198462124529],[143.13886550377157,52.856246553618334],[143.1432905525997,52.51123770352068],[143.03341201256063,52.312186800200365],[142.94488051842,51.961112581450365],[142.94391921470907,51.61730536099138],[143.07418349693563,51.2676273214406],[143.34070876549032,50.88577612515154],[143.63314345787313,50.234977327544115],[144.03820327232626,49.5088382589406],[144.53988173912313,48.753322206694506],[143.59835341881063,49.23361929531755],[143.15282729576376,49.25887259121599],[142.85399917076376,49.12769659634294],[142.64614394615438,48.657523714262865],[142.48990920494344,47.901603304106615],[142.61463454674032,47.45959814663591],[142.99332717369344,46.9536624776906],[143.23647597740438,46.86326178188982],[143.4448042244747,46.571742616850756],[143.30341628502157,46.01119955654802],[143.00429824302938,46.577350221831225],[142.61477187584188,46.71281012173357],[142.32734206627157,46.56305655117693],[141.89834121177938,45.91478308315935],[141.70838454674032,46.13979300137224],[141.62282851646688,46.55804022427263],[141.90938857506063,47.07343252773943],[141.73180678795126,47.471191011626146],[141.8106489510372,47.675616823393725],[142.03646377037313,47.959281526762865],[141.9775190682247,48.284747682768725],[141.73958877037313,48.8072887289113],[141.92135146568563,48.943133913237475],[142.04911330650594,49.35470923062029],[142.082819971545,49.70768316860857],[142.08507827232626,50.30426748867693],[142.15287307213094,50.89004477139177],[142.11239150474813,51.21959265347185],[142.0165815682247,51.4305911886281],[141.64321425865438,51.81308706875505],[141.59817031334188,52.216674410063646],[141.8114576668575,52.628043733794115],[141.8409986824825,52.960021578032396],[141.68964675377157,53.16572149868669],[141.76703933189657,53.2722659933156],[142.21412185142782,53.29970511074724],[142.67486098717,53.54017218228044],[143.05691054771688,53.06198462124529]]],[[[146.359955,44.42083],[146.091919,44.236107],[145.779419,43.928604],[145.437469,43.716934],[145.407471,43.829437],[145.74469,44.051659],[146.078033,44.463608000000136],[146.359955,44.42083]]],[[[148.52191200000016,45.287216000000114],[148.28524800000014,45.220825000000104],[147.96414200000015,45.01166500000011],[147.622742,44.897217],[147.291077,44.66693900000013],[147.111908,44.793884],[147.656372,45.075272],[147.894989,45.229988000000105],[148.312195,45.267212],[148.700806,45.520828],[148.839966,45.34665700000011],[148.52191200000016,45.287216000000114]]],[[[149.54357900000014,45.585823],[149.667755,45.85083],[150.34274300000016,46.2116620000001],[150.425537,46.118881],[150.198853,45.932495],[149.69247400000017,45.638603],[149.54357900000014,45.585823]]],[[[154.745239,49.579163],[154.834961,49.345825000000104],[154.600525,49.36721],[154.745239,49.579163]]],[[[155.483307,50.119438],[155.208588,50.080826],[155.247742,50.301384],[155.638031,50.3780440000001],[155.765533,50.463882000000126],[155.896942,50.698601],[156.116364,50.74749],[156.15304600000013,50.524994],[155.795258,50.188881],[155.483307,50.119438]]],[[[156.168854,50.741379],[156.49411,50.842491],[156.4008480000001,50.625641],[156.168854,50.741379]]]]},"properties":{"name":"Ainus","role":"land"}},{"type":"Feature","geometry":{"type":"MultiPolygon","coordinates":[[[[120.36362746666218,14.530945383269213],[119.97168258140827,14.90490301724138],[119.77184585045124,15.469834886748217],[119.81296065758015,15.978120409209154],[119.68141463707234,16.187451921660326],[119.76202681968952,16.35914000149431],[120.20210555504109,16.042466722685717],[120.2931242317989,16.233226381499193],[120.30344680259968,16.41746290798845],[120.24656203697468,16.874698244292162],[120.31154159019734,17.071763597685717],[120.3230314583614,17.370326601225756],[120.3930769295528,18.04379232998552],[120.56437209556843,18.43162306423845],[120.80041793297077,18.55281790371599],[121.03637221763874,18.527911745268725],[121.58078292320515,18.294051729399584],[121.83984664390827,18.275552355009935],[122.0495939583614,18.447494112212084],[122.13901046226765,18.384166322905443],[122.14715102623249,18.206330858427904],[122.02781203697468,18.00917204495134],[122.00743392418171,17.793162904936693],[122.07029250572468,17.43757780667009],[122.31363967369343,17.260247789580248],[122.39557937095906,17.114329897124193],[122.20331099937702,16.542222582060717],[122.06395247886921,16.33230360623064],[121.68860152672077,16.058362566191576],[121.43898299644734,15.918075166899584],[121.3681745858028,15.498668276030443],[121.24220565269734,15.30783327694597],[121.45681289146687,14.882681451994799],[121.61163619468952,14.38752134915056],[121.7287931771114,14.108259760100267],[121.97345260093952,13.949970804411791],[122.10659316490437,13.918491922575853],[122.17925551841999,14.064768396574877],[122.39741042564656,14.306631647307299],[122.67462447593952,14.269106470305346],[122.77617171715046,14.174032770354174],[122.85634139488484,13.888343416411303],[122.98506453941609,13.729808412749193],[123.13177016685749,13.692007623869799],[123.35920241783406,13.952952943999193],[123.63851455162312,13.832856737334154],[123.66124251793171,13.693143449980639],[123.39762404869343,13.527418695647142],[123.81889632652546,12.97563227291765],[123.67696670006062,12.892744623381517],[123.23898604820515,13.02520903225603],[123.19697097252156,13.24111422177019],[123.09369185875202,13.380644403654955],[122.82416060875202,13.621467195708178],[122.48540786216999,13.88120039578142],[122.32527450035359,13.77921064968767],[122.49199965904499,13.430172525603197],[122.39409163902546,13.30291327114763],[122.0672941536739,13.65160997982683],[121.62493422935749,13.89840944882097],[121.33172133873249,13.827899538237475],[121.24972060631062,13.71338041897478],[121.00936416099812,13.655685030180834],[120.59850600670124,13.921617113310717],[120.5106306404903,14.112003885466478],[120.79860213707234,14.385773264128588],[121.10496810386921,14.253032289702318],[121.21723464439656,14.418434702116869],[120.89658645103718,14.551147066313646],[120.70640853355671,14.728614412505053],[120.47143081138874,14.804338060576342],[120.36362746666218,14.530945383269213]]],[[[121.09403518150593,12.201097093779467],[120.89078811119343,12.365831934172533],[120.73374465416218,12.549723230559252],[120.54695418785359,13.152829729277514],[120.34050277183796,13.387433611113451],[120.64858535240437,13.413506113249682],[121.03917983482624,13.407996736723803],[121.18066695640827,13.332071863371752],[121.3044767708614,13.129049860197924],[121.31683639000202,12.741561495024584],[121.27363875816609,12.52547415371599],[121.09403518150593,12.201097093779467]]],[[[125.32305434654499,11.12385233517351],[125.0699568123653,11.244016252715014],[124.85420516441609,11.491314493376635],[124.91656020591999,11.643918596465014],[124.87549117515827,11.834406458098314],[124.33040908287312,12.208060823637865],[124.2640486092403,12.417557321745775],[124.95213607261921,12.527031503874682],[125.11906722496296,12.476568781096361],[125.24640944908406,12.292607866484545],[125.33314803550984,11.562225900847338],[125.44868758629109,11.206709467131517],[125.32305434654499,11.12385233517351]]],[[[121.87300399254109,10.468407236296557],[121.9663191170528,11.230978571135424],[121.99363997886921,11.758330904204271],[122.21063521812702,11.580912195403002],[122.47016433189656,11.454417787749193],[122.6350202889278,11.442058168608568],[122.91992476890827,11.525263391692064],[122.89682296226765,11.150391184050463],[122.70619491050984,10.940329157072924],[122.2972746224239,10.647209726530932],[121.87300399254109,10.468407236296557]]],[[[118.86455062340046,10.02356108303728],[118.69967177818562,10.035908304411791],[118.98916152427937,10.392306886870287],[119.10811904381062,10.627629839140795],[119.20700362633015,11.129742227751635],[119.34453872154499,11.002969347197435],[119.56431106041218,10.501556955534838],[119.21700576256062,10.29114969845476],[118.86455062340046,10.02356108303728]]],[[[122.94163039634968,9.047589861113451],[122.76859572838093,9.21239813442888],[122.39562514732624,9.478434168059252],[122.30312636802937,9.649777017790697],[122.34745315025593,9.815056406218432],[122.60209945152546,9.910903536040209],[122.70073989341999,10.03183230038347],[122.92015365074421,10.851844392973803],[123.11761764000202,10.934868417937182],[123.23906997154499,10.922424875456713],[123.31205275963093,10.738339983183764],[123.10443404625202,10.229646288115404],[122.96222213218952,9.594010912138842],[123.13299849937702,9.25130709286394],[123.03712752769734,9.066852174956225],[122.94163039634968,9.047589861113451]]],[[[117.27061751793171,8.45083101864519],[117.12781051109577,8.469577394682787],[117.22448256920124,8.685808740813158],[117.53589156578327,9.048627458769701],[117.80207351158406,9.208031259734057],[118.08850387047077,9.431024156767748],[118.5080671639278,9.921140276152514],[118.55771163414265,9.673459612090014],[118.50457290123249,9.482750498015307],[118.27627089927937,9.266241632658861],[117.96718886802937,9.11309393521013],[117.85714248131062,8.833304964262865],[117.71008590172077,8.712273203093432],[117.44408706138874,8.635461412627123],[117.27061751793171,8.45083101864519]]],[[[126.04523757408406,6.608192526060961],[125.95463088463093,6.652467809874437],[125.91082290123249,6.849339567381762],[125.74777511070515,7.185722433287523],[125.61458114097859,7.236262880522631],[125.44320968101765,6.962694250304125],[125.28043654869343,6.593827806670092],[125.4659757942989,6.24478157635393],[125.53285506675984,5.939940534788988],[125.46145156334187,5.717408262450121],[125.28927138756062,5.488303266722582],[125.07284835289265,5.722916685301684],[125.1634626717403,5.907373033720873],[125.12945846031452,6.053437315184496],[124.96576980064656,6.084847532469652],[124.80300429771687,5.785874448973559],[124.22405532310749,6.089605890471361],[123.97346023033406,6.336855493742846],[123.88060286949421,6.565385423857592],[123.86417678306843,6.851268373686693],[124.07358077476765,7.258353792387865],[124.02478316734577,7.474268041808031],[123.81526473472859,7.658065401274584],[123.46498397300984,7.790728651244066],[123.33368209312702,7.77139004345598],[123.24790481041218,7.593303285796068],[123.02297500084187,7.478448950011156],[122.72541335533406,7.452396951872728],[122.71332076500202,7.674750887114428],[122.63507369468952,7.782581411559008],[122.45516494224812,7.693248354155443],[122.22833541343952,7.26072224255266],[121.99187758873249,6.872631155211351],[121.83990767906452,6.967609964568041],[121.84884932945515,7.196360670287035],[122.09366897056843,7.775066934782885],[122.21169570396687,7.902391992766283],[122.38402846763874,7.985355936247728],[122.63799575279499,8.004962526518725],[122.73632338951374,8.062362276274584],[122.79649642418171,8.272155367094896],[123.13582137535359,8.450786195952318],[123.4858732552364,8.496016107756517],[123.61694625328327,8.33746203060808],[123.66279891441609,8.013531290251635],[123.80546859215046,8.0837255346364],[124.0239363045528,8.109618746001146],[124.11720565269734,8.192410074431322],[124.21039870689656,8.446743570525072],[124.37160018394734,8.561454378325365],[124.67058089683796,8.428687654692553],[124.74164107750202,8.918048464018725],[124.87212661216999,8.924685083586596],[124.99087050865437,8.715273462492846],[125.22484878013874,8.995329462248705],[125.40131667564656,8.951235376555346],[125.4609709114864,9.053023897368334],[125.43950179527546,9.370639406401537],[125.36229232261921,9.624602876860521],[125.42805007408406,9.783579431731127],[125.61384108970906,9.53620585079851],[125.93394759605671,9.174750887114428],[126.07461074302937,8.812918268401049],[125.92319777916218,8.482217394072435],[126.02999404381062,8.380792223173998],[126.27187636802937,8.425783716399096],[126.30630019615437,8.235264383513353],[126.25448897789265,8.0445409643239],[126.2799406380489,7.733274065215014],[126.37267592857624,7.536518655974291],[126.32172683189656,7.148838602263353],[126.04523757408406,6.608192526060961]]]]},"properties":{"name":null,"role":"land"}},{"type":"Feature","geometry":{"type":"Polygon","coordinates":[[[-7.491503682629812,37.208156191069506],[-7.83604237128948,37.032252870757006],[-8.033637967602957,37.008788667876146],[-8.280239072339285,37.088580690581225],[-8.66705986549114,37.12144049282732],[-8.990849462048757,36.990008913237475],[-9.016643491284597,37.06980093594255],[-8.84151169349407,37.525146089751146],[-8.851028409497488,37.910182558257006],[-8.93278595496868,37.9618411886281],[-8.822993245618093,38.206073366362475],[-8.853651967541921,38.49964102383318],[-9.236570325391043,38.41744955654802],[-9.285158124463308,38.61946829434099],[-9.069152799145925,38.64295920010271],[-8.941892591016043,38.74191626187029],[-9.04084965278362,38.92018087979021],[-9.175754514233816,38.732230745512865],[-9.361637082593191,38.67114599819841],[-9.54900738288616,38.77451666470232],[-9.397706952588308,39.23036154385271],[-9.117922750012625,39.644034944731615],[-8.915585484997976,40.138148866850756],[-8.969669309155691,40.19001730557146],[-8.694069829480398,40.992171846587084],[-8.851777997510183,41.407828890044115],[-8.92073532630657,41.767020784575365],[-8.806055036084402,41.889178835112475],[-8.157261338727224,42.08703955288591],[-7.918560948865164,41.88916739102068],[-7.098435845868337,41.86795385952654],[-6.859518495099294,41.9849124776906],[-6.70870443870281,41.96004446621599],[-6.518426862256277,41.74909933682146],[-6.139497724072683,41.52643927212419],[-6.241148915784109,41.320479952055834],[-6.796627965466726,41.092826448637865],[-6.857170548932302,40.86157950039568],[-6.824864831464041,40.65656622524919],[-6.884172883527029,40.214034639555834],[-6.878323045270193,39.70239599819841],[-7.084203687207449,39.59907492275896],[-7.430998769299734,39.52051504727068],[-6.933383431927908,38.961349092680834],[-7.317340817944753,38.499625765044115],[-7.393876519696462,38.29498633022966],[-7.028099027173269,38.239581667143725],[-6.844775167004812,38.100211702544115],[-7.242514577405203,37.810897432524584],[-7.351443734662283,37.644435487944506],[-7.491503682629812,37.208156191069506]]]},"properties":{"name":"Portugal","role":"land"}},{"type":"Feature","geometry":{"type":"Polygon","coordinates":[[[8.819559130175364,38.976913057524584],[8.69609931419636,38.99581106777849],[8.417174372179758,39.212203584868334],[8.374221834643137,39.307845674712084],[8.508480104906809,39.94647558804216],[8.42818931053425,40.46485479946794],[8.20155242393757,40.66299780483904],[8.240707430346262,40.855338655669115],[8.76607230613972,40.86280020352068],[9.30620387504841,41.184447847563646],[9.590851816637766,40.902911745268725],[9.793739351732981,40.56368216152849],[9.630800280077707,40.09585531826677],[9.698009523852122,39.69349630947771],[9.648338350756418,39.457213960844896],[9.478920015795481,39.144157015044115],[9.296275171740305,39.23312338467302],[9.062541994555247,39.21989019985857],[8.819559130175364,38.976913057524584]]]},"properties":{"name":"Sardinia","role":"land"}},{"type":"Feature","geometry":{"type":"Polygon","coordinates":[[[109.42965224693562,18.096622072417162],[108.65192702720906,18.482448183257006],[108.56047347496296,19.060296617705248],[108.57689956138874,19.187371813017748],[108.87368300865437,19.40395887966814],[109.19816115806843,19.684140764433764],[109.42011550377156,19.659205995757006],[109.5503263802364,19.91355665798845],[109.91588118980671,19.800006471831225],[110.06061843345906,19.940053545195482],[110.25832656334187,19.940475069243334],[110.61735061119343,20.017461382109545],[110.88536361168171,19.70678290005388],[110.61250594566609,19.47118719692888],[110.4270353646114,19.2294193136281],[110.2987165779903,18.898843370634935],[110.36146834800984,18.765576921660326],[110.26251510093952,18.62562712307634],[109.66907027672077,18.41473539944353],[109.42965224693562,18.096622072417162]]]},"properties":{"name":"Hainan","role":"land"}},{"type":"Feature","geometry":{"type":"Polygon","coordinates":[[[80.5628996224239,5.931666456419848],[80.3410749764278,5.969314657408617],[80.22215560386921,6.058007322508715],[80.01677230308796,6.495999895293139],[79.85409072349812,7.061153494078539],[79.83217147300984,8.10314806576433],[79.72417739341999,8.41657694454851],[79.80870345543171,8.647491060454271],[79.67463210533406,8.80493029232683],[79.70579055259968,8.930883966643236],[79.89601424644734,8.920387827116869],[80.05261519859577,9.113884531218432],[80.07652572105671,9.279133402068041],[80.17807296226765,9.445190035063646],[80.34759810875202,9.470330797392748],[80.66241744468952,9.299456201750658],[81.09344008873249,8.626881204802416],[81.06007674644734,8.410785280424975],[81.32613662193562,8.258867822844408],[81.44597152183796,7.92872007961931],[81.80485824058796,7.313169561583422],[81.86616805504109,7.08456143017473],[81.77901748131062,6.753964983183764],[81.59991744468952,6.448580347258471],[81.20268538902546,6.079191290099047],[80.85180190513874,5.951348863798998],[80.5628996224239,5.931666456419848]]]},"properties":{"name":"Sinhalese kingdom","role":"land"}},{"type":"Feature","geometry":{"type":"Polygon","coordinates":[[[23.948000017243686,59.16888370404382],[24.52041938324108,58.708498299585365],[25.313149652001265,59.151698987422826],[26.458204484654857,59.11780840527421],[26.546285625628208,58.66271956910061],[27.663288210999713,58.95605697043894],[27.51068758097277,57.611431231197855],[27.60590255435066,56.706888984107934],[27.65084223773919,56.27996199191689],[27.37053292420636,55.71934336485123],[26.245430387074208,55.89609317211597],[25.30739744607341,56.48853502959016],[24.714955588599217,56.34042456522161],[21.90450131031612,56.350039320300105],[21.141797875946047,56.12729915620206],[21.31027576029526,55.51305839899451],[21.66960083983667,55.51305839899451],[22.028925919378082,55.2563976278935],[21.92626161093768,54.94840470257229],[22.131590227818485,54.79440823991168],[22.080258073598287,54.58907962303088],[22.18292238203869,54.53774746881068],[22.234254536258888,54.12709023504906],[21.464272222955863,53.81909730972785],[21.10494714341445,53.81909730972785],[20.80980619721845,53.63757257198401],[20.709395381809642,53.75806555047458],[20.428245098664974,53.77814771355634],[20.386296984331626,53.511104384406636],[20.078304059010414,53.511104384406636],[20.078304059010414,53.665100847067244],[19.564982516808396,53.45977223018644],[19.205657437266982,53.25444361330563],[18.948996666165975,53.25444361330563],[18.58967158662456,53.100447150645024],[18.281678661303353,53.357107921746035],[18.684934699163794,54.25402242200741],[18.964976343615305,54.227584444243334],[19.25500396202351,54.27719458218279],[19.32809928367878,54.16145285244646],[19.733119043810618,54.310268007475756],[20.00570395897175,54.54745825405779],[19.863169702990305,54.75173147793474],[19.942570719225657,54.84985693569841],[20.98520377586628,54.81164129849138],[21.13734343956257,54.845458589751146],[21.223853144152415,55.111449800688646],[21.21629622886921,55.3436656820363],[21.018450769884836,55.63400992031755],[20.99595740745808,56.024127565581225],[20.916007074816477,56.096671663481615],[20.964827570421946,56.60902365322771],[21.324379953844797,56.854415498930834],[21.339747461779368,57.17707022305193],[21.677331003649485,57.46365698452654],[22.563637766344797,57.615558229643725],[22.58542159508015,57.508651338774584],[23.07088950584675,57.261317812163256],[23.215449366076243,56.98066671963396],[23.41446975181843,56.892413698393725],[23.767813715441477,56.8658824789113],[24.158383402331125,56.97548636074724],[24.346499475939524,57.159720979887865],[24.23618606041218,57.72816046353044],[24.415644678576243,57.94793280239763],[24.49678519676472,58.213153444487475],[24.331091913683665,58.30793341274919],[24.05835059593464,58.111529909331225],[23.90806868980671,58.22444876309099],[23.670859369738352,58.24138983364763],[23.69046500633503,58.665484987456225],[23.36081984947468,58.767421327788256],[23.41575721214558,59.11896475430193],[23.948000017243686,59.16888370404382]]]},"properties":{"name":"Teutonic Knights","role":"land"}},{"type":"Feature","geometry":{"type":"Polygon","coordinates":[[[-2.142923348755842,43.331471028881836],[-1.914577808873403,43.30541571255388],[-1.702391829983938,43.19593771572771],[-1.491382804410208,43.209621034819506],[-1.397272315518606,43.031756960112475],[-0.907353666321981,42.88129767056169],[-1.664297551499534,42.12541942266957],[-1.604866036927435,41.76883033523699],[-2.130006796834982,41.81657040431949],[-2.258612697220503,41.82826184980909],[-2.3180442117926,42.065987908097476],[-2.080318153504212,42.065987908097476],[-2.199181182648406,42.24428245181377],[-2.674633299225183,42.42257699553006],[-2.555770270080988,43.076323655823124],[-2.139749668076309,43.13575517039523],[-2.142923348755842,43.331471028881836]]]},"properties":{"name":"Navarre","role":"land"}},{"type":"Feature","geometry":{"type":"Polygon","coordinates":[[[44.28083709190632,10.396465860564135],[43.49670832934207,9.728573861702625],[42.46479282000343,9.507449109701488],[41.570925555704534,10.291756102257501],[41.5680683582059,10.312571514757199],[41.50658556133184,10.760489371041267],[41.654002062665924,11.350155376377634],[42.8099584908321,11.778485857207201],[42.5553312630489,11.568253122527025],[42.668772730334055,11.511313043791674],[43.10357192466999,11.53131254788103],[43.36809447716023,11.455634676176928],[43.788584742052805,10.941863619048021],[44.28083709190632,10.396465860564135]]]},"properties":{"name":"Shoa","role":"land"}},{"type":"Feature","geometry":{"type":"Polygon","coordinates":[[[6.763964025938454,5.826528050402973],[6.08877995918537,4.328133188444994],[5.851289782030832,4.42929085369768],[5.60658982704426,4.632113062102221],[5.419493708117258,4.955793939787767],[5.333021196825754,5.247909151274584],[5.44819215248371,5.476928793150805],[5.383361372454413,5.610234342772387],[5.152887854082831,5.641512953001879],[4.886312040789374,6.003147207457445],[4.634121450884589,6.212299905974291],[4.072063478930243,6.439846121031664],[3.949497255785712,6.579388700682543],[4.823392396112526,7.929541061423894],[5.337624153714358,8.724019929031105],[6.878752839859935,8.642907892918181],[7.365425056537486,7.912899567901853],[7.365425056537486,6.939555134546751],[6.899720429053349,6.127803964515512],[6.763964025938454,5.826528050402973]]]},"properties":{"name":"Benin","role":"land"}},{"type":"Feature","geometry":{"type":"MultiPolygon","coordinates":[[[[8.358129534228098,3.088348947722338],[8.358129534228098,3.31741865750017],[8.467210802538645,3.361051641661547],[8.4781189293697,3.557397686201952],[8.630832705004465,3.655570589262865],[8.82717898796345,3.611938320357226],[8.783546480639231,3.448316179472826],[8.576292070849192,3.066532455641649],[8.358129534228098,3.088348947722338]]],[[[10.46185646941483,12.47375118639364],[10.070016651836823,14.22477715239241],[10.807099158507285,14.593318405727643],[11.765306417178873,16.214899920402644],[11.986431169180012,20.342561957757212],[12.428680673182285,21.00593621376062],[12.63987097593244,20.998058678280586],[13.313265659723275,20.972940619143642],[15.008469446528892,15.035567909729917],[15.819260203866392,14.298485403059459],[15.819260203866392,13.119153392386728],[14.712640872177422,12.506980996133255],[12.354972422515246,11.202738875043536],[10.726510310701428,11.291084884233328],[10.46185646941483,12.47375118639364]]]]},"properties":{"name":"Kanem-Bornu","role":"land"}},{"type":"Feature","geometry":{"type":"Polygon","coordinates":[[[46.877734106218426,13.473871601683081],[46.601199182970774,13.40054567928972],[45.825903925402415,13.405233942229174],[45.69247725914265,13.347759805876635],[45.395979914171946,13.07389887448015],[44.963572535021555,12.825172029692553],[44.681067499621165,12.82455977078142],[44.440535578234446,12.639777742583178],[44.062747034533274,12.613552652556322],[43.84059050987507,12.663913332182787],[43.483645472033274,12.93000467892351],[43.30284789512898,13.240954004485033],[43.38397887657429,13.565180383879564],[43.34756377647663,13.851036630827807],[43.2069425911739,14.079471193510912],[42.79587844322468,15.47008093472185],[42.763525995714915,15.666981302458666],[42.88387969444538,15.984922014433764],[42.76366332481648,16.64545591946306],[45.24036913418436,17.693671699410253],[46.2768914091897,17.11782599107396],[46.659412505366426,15.424765841972887],[46.33527120463091,14.096846193905204],[46.711331972808495,13.935677293257665],[46.877734106218426,13.473871601683081]]]},"properties":{"name":"Yemen","role":"land"}},{"type":"Feature","geometry":{"type":"Polygon","coordinates":[[[85.37910750816609,19.60537489529314],[85.11320784996296,19.442306123930834],[84.90661910484577,19.18141134854021],[84.65877059410359,18.933131777007006],[84.2627287239864,18.45584066982927],[83.9876814217403,18.20749434109392],[83.68471816490437,18.08344992275896],[83.38139632652546,17.710679613310717],[83.07697585533406,17.500392519194506],[82.5464201302364,17.226087175566576],[82.35399917076374,17.085914217192553],[82.23458388756062,16.647302232939623],[82.08141616295124,16.462741457182787],[81.78898147056843,16.32870253201189],[81.59676650474812,16.302877031523607],[81.36909774254109,16.34686430569353],[81.25310042808796,16.225911699492357],[81.0879011483028,15.826792322356127],[80.96311477134968,15.723398767668627],[80.73596480797077,15.837270342070482],[80.45975783775593,15.773146234709642],[79.43194022856,16.017480187767116],[79.32813168485968,17.23299513274122],[81.86185280153937,18.730193974415585],[84.30392613648812,20.751919204121563],[84.6843318434497,20.21248106062526],[85.37910750816609,19.60537489529314]]]},"properties":{"name":"Orissa","role":"land"}},{"type":"Feature","geometry":{"type":"Polygon","coordinates":[[[-5.030658327829566,35.344443735384985],[-4.810393116556519,31.65003401297147],[-9.62504383613323,30.406100832182787],[-9.817042317883718,30.755221925932787],[-9.857763257519949,31.06018980618181],[-9.813266721265066,31.289060198027514],[-9.635323491589773,31.575402818877123],[-9.317557302014578,31.963718019682787],[-9.222252812878835,32.25624807949724],[-9.218686070935476,32.5803600179738],[-8.640263524548757,33.12173422451677],[-8.314414945142019,33.33848150845232],[-7.332620587842214,33.69637259121599],[-7.004007783429373,33.874984346587084],[-6.752974477307546,34.123351656157396],[-6.511472192303884,34.45429953213396],[-6.302049127118337,34.86143835659685],[-5.928758588330496,35.72785910244646],[-5.565000024335134,35.8623424398488],[-5.479359117047537,35.80520590420427],[-5.171789613263357,35.42376288052263],[-5.030658327829566,35.344443735384985]]]},"properties":{"name":"Merinides","role":"land"}},{"type":"Feature","geometry":{"type":"Polygon","coordinates":[[[-14,17.720272316634777],[-7.711186042968258,17.875545035939695],[-0.47785827660806,18.757658178178744],[0.757100122526605,18.757658178178744],[4.285552691482803,18.05196766438751],[5.344088462169662,17.169854522148455],[5.167665833721848,15.052782980774737],[4.285552691482803,13.994247210087877],[2.878831280503675,13.20296641641212],[-1.35997141884711,10.818639898027314],[-3.477042960220825,10.289372012683884],[-6.829072900729209,10.112949384236067],[-14,11.630959834756206],[-14,17.720272316634777]]]},"properties":{"name":"Mali","role":"land"}},{"type":"Feature","geometry":{"type":"Polygon","coordinates":[[[40.72049988346774,10.115313777249092],[40.80503678017941,9.529987655451997],[40.200159196929775,8.080253882554778],[39.141623426242916,7.113764700623299],[38.71774683719798,7.113764700623299],[37.32699067649401,7.113764700623299],[35.96601611418234,8.080253882554778],[35.51235792674511,10.013232246417736],[36.722113093244374,13.879188974143647],[37.629429468118836,14.523515095431307],[39.141623426242916,13.879188974143647],[40.50259798855459,11.624047549636868],[40.72049988346774,10.115313777249092]]]},"properties":{"name":"Ethiopia","role":"land"}},{"type":"Feature","geometry":{"type":"Polygon","coordinates":[[[37.47998717735554,18.819871507841967],[38.0285978646114,18.477939211089037],[38.306651148302805,18.24978407498064],[38.527468714220774,18.161315523344896],[38.685671839220774,18.002805315215014],[38.90385722093653,17.364074841192043],[35.15598421728055,15.511481814739057],[32.78486409094198,15.285660850325858],[30.97829637563641,15.624392296945654],[29.510460106950635,20.027901103002982],[30.075012517983623,20.70536399624257],[30.97829637563641,20.93118496065577],[33.123595537561776,20.592453514035974],[37.47998717735554,18.819871507841967]]]},"properties":{"name":"Makkura","role":"land"}},{"type":"Feature","geometry":{"type":"Polygon","coordinates":[[[30.97829637563641,15.624392296945654],[32.78486409094198,15.285660850325858],[35.15598421728055,15.511481814739057],[33.91396891300796,12.01125686633451],[33.23650601976838,11.446704455301521],[32.55904312652879,11.446704455301521],[31.20411734004961,11.785435901921314],[30.752475411223212,12.349988312954302],[30.97829637563641,15.624392296945654]]]},"properties":{"name":"Alwa","role":"land"}},{"type":"Feature","geometry":{"type":"Polygon","coordinates":[[[46.877734106218426,13.473871601683081],[46.711331972808495,13.935677293257665],[46.33527120463091,14.096846193905204],[46.659412505366426,15.424765841972887],[47.83758652372263,16.42168231904352],[50.511135257684785,17.146712484185798],[53.955028542110604,19.729632447505164],[56.94577797332251,20.635920153933014],[57.93127349327351,20.400937639433764],[57.80608275841023,20.171960436064623],[57.778426203234446,19.31421049709978],[57.83862975548054,19.03480681057634],[57.65703490684773,18.970885835844896],[57.18620971153523,18.938108049590014],[56.90431121300007,18.81680067654314],[56.73888686607624,18.689376436430834],[56.608599695666086,18.466741167265795],[56.549361261828196,18.218829714018725],[56.4575529427364,18.09156187649431],[56.2575903267696,17.97677382107439],[56.01284316490437,17.93178518887224],[55.561072382433665,17.937171541411303],[55.290408167345774,17.676099382597826],[55.19483855675007,17.148564897734545],[54.91061309288288,16.97005995388689],[54.756079706652415,16.95067175503435],[54.40687468956257,17.045220934111498],[54.08425811241413,17.01911886807146],[53.681250605089915,16.897540651518725],[52.894324335558665,16.60995253201189],[52.65216735313679,16.488719545561693],[52.23764327476765,16.10025557156267],[52.135169062121165,15.687059961516283],[51.95041182945515,15.540526949126146],[51.312563929064524,15.246890627104662],[50.29111770103718,14.958784662444017],[49.33384993980671,14.632695757109545],[49.17317870567585,14.498915277678392],[48.96038726280476,14.21889742489519],[48.76460174034382,14.097749315459154],[48.536746057970774,14.046437822539232],[48.270144495470774,14.077626787382982],[48.0361662239864,14.045357309538744],[47.36957457969929,13.6690526830739],[46.877734106218426,13.473871601683081]]]},"properties":{"name":"Hadramaut","role":"land"}},{"type":"Feature","geometry":{"type":"Polygon","coordinates":[[[54.77081969688679,24.73348196621599],[55.09080031822468,25.02003630276384],[55.457198175890696,25.420184694487475],[55.53048613975788,25.37295492764177],[56.01545623253132,25.771625124174975],[56.36705306480671,26.23611982937517],[56.40502837608601,25.861381136137865],[56.16130736778523,25.47334440823259],[56.36601928184773,25.454724870879076],[56.406260523302805,25.308688722807787],[56.40537551353718,24.8195072042531],[56.610796961291086,24.47688253994646],[56.79418853233601,24.26761397000017],[57.146197351916086,23.9824710714406],[57.90421584556843,23.571113191801928],[58.08071807335163,23.501605592924975],[58.46465590904499,23.50877150173845],[58.62849334190632,23.4582954275197],[59.02163604210163,23.020764909941576],[59.25432113121296,22.72900541897478],[59.46142104576374,22.538865648466967],[59.82569030235554,22.37445219631853],[59.837283167345774,22.279178224760912],[59.53569320152546,21.8020511495656],[59.25884917686726,21.47744711514177],[58.86135390709187,21.11447676296892],[58.51204970787312,20.421229921538256],[58.403086695177805,20.357472978789232],[58.04437163780476,20.43295057888689],[57.93127349327351,20.400937639433764],[56.78285797913236,22.290627166423207],[55.55439193272457,23.519093212831],[54.77081969688679,24.73348196621599]]]},"properties":{"name":"Muscat","role":"land"}},{"type":"Feature","geometry":{"type":"Polygon","coordinates":[[[46.659412505366426,15.424765841972887],[46.2768914091897,17.11782599107396],[45.24036913418436,17.693671699410253],[42.76366332481648,16.64545591946306],[42.53529265831257,17.07066687222185],[42.206519159777415,17.514735780913256],[42.009444269640696,17.736680589873217],[41.628558191759836,18.047204576689623],[41.39917663048054,18.440644823271654],[41.033022913439524,19.28490790005388],[40.81975844810749,19.68472059841814],[41.922550674907015,20.766511713616357],[41.81245652795076,21.71258711091823],[41.13804430799661,22.406392976434496],[40.179837049325016,24.0279744911095],[39.07421328931933,25.50213950445042],[37.420911989940144,27.834118954335942],[37.363535735251304,27.957371649593455],[36.593479460249455,29.78728888308865],[36.52476660895469,31.161545908983946],[37.211895121902344,33.56649570430072],[38.03644933743952,34.59718847372219],[38.372162177518426,35.14088777601609],[40.0291220249877,34.3910499198379],[44.08318025137882,30.33699169344677],[48.61717190595118,25.686974471197686],[50.85731587293009,23.88040675589211],[51.58590224693562,24.003221117216967],[51.94559768150593,23.945495210844896],[52.25463775108601,23.987481676298998],[52.38302901695515,24.10818251248064],[52.93944076011921,24.02441557522478],[53.0757055611446,24.087190233427904],[53.68676284263874,23.987481676298998],[54.01652816246296,24.05045660610857],[54.34709838341023,24.154452882964037],[54.48741439293171,24.34434279080095],[54.59216216514851,24.37732847805681],[54.77081969688679,24.73348196621599],[55.55439193272457,23.519093212831],[56.78285797913236,22.290627166423207],[57.93127349327351,20.400937639433764],[56.94577797332251,20.635920153933014],[53.955028542110604,19.729632447505164],[50.511135257684785,17.146712484185798],[47.83758652372263,16.42168231904352],[46.659412505366426,15.424765841972887]]]},"properties":{"name":null,"role":"land"}},{"type":"Feature","geometry":{"type":"Polygon","coordinates":[[[42.8099584908321,11.778485857207201],[41.654002062665924,11.350155376377634],[41.50658556133184,10.760489371041267],[41.5680683582059,10.312571514757199],[41.52688195216976,10.279881546371954],[40.72049988346774,10.115313777249092],[40.50259798855459,11.624047549636868],[39.141623426242916,13.879188974143647],[37.629429468118836,14.523515095431307],[36.722113093244374,13.879188974143647],[35.51235792674511,10.013232246417736],[35.96601611418234,8.080253882554778],[37.32699067649401,7.113764700623299],[38.71774683719798,7.113764700623299],[38.605020684873864,6.597308569790442],[35.57782178476831,5.527006069275479],[33.02152049134584,6.864538013373648],[32.34880962465572,9.527647378549165],[32.84695298113419,10.104653994359682],[31.74525482031599,10.248353754466404],[31.26759938121858,10.646399953714242],[30.78994394212117,11.203664632661223],[30.599761371261398,11.115971520296771],[24.074465964367207,11.181973046384048],[23.19994183767005,11.775300538947805],[20.673287450301128,11.956221643123333],[18.627952846500676,10.169490738236744],[15.657358111202049,11.30618068591897],[14.712640872177422,12.506980996133255],[15.819260203866392,13.119153392386728],[15.819260203866392,14.298485403059459],[15.008469446528892,15.035567909729917],[13.313265659723275,20.972940619143642],[12.63987097593244,20.998058678280586],[10.543247828677456,31.571333843188505],[12.532702649482994,30.804904526976536],[17.001952545304682,28.750951383364868],[17.970530295354642,28.61240420414305],[21.679066131896533,28.081928277797015],[25.438186915915864,28.00822002712997],[27.428309683926102,27.197429269792465],[29.344724201269287,24.0279744911095],[30.818889214610206,23.659433237774273],[32.51417897995226,23.73314148844132],[35.189864191515696,24.39991911526384],[35.72469619224812,23.91181906338396],[35.48792937706257,23.790595613676928],[35.468489679796946,23.720668398100756],[35.575850519640696,23.231660448271654],[35.74630263756062,22.914340578276537],[36.1113615364864,22.64825590725603],[36.29022124717976,22.572381578642748],[36.47324660728718,22.337684236723803],[36.66042998741413,22.166537843901537],[36.90349868248249,21.728648744780443],[37.12776854942585,21.227176271635912],[37.25457290123249,19.651727281767748],[37.39818480919148,18.91500052090349],[37.47998717735554,18.819871507841967],[33.123595537561776,20.592453514035974],[30.97829637563641,20.93118496065577],[30.075012517983623,20.70536399624257],[29.510460106950635,20.027901103002982],[30.97829637563641,15.624392296945654],[30.752475411223212,12.349988312954302],[31.20411734004961,11.785435901921314],[32.55904312652879,11.446704455301521],[33.23650601976838,11.446704455301521],[33.91396891300796,12.01125686633451],[35.15598421728055,15.511481814739057],[38.90385722093653,17.364074841192043],[39.008826288683665,17.056781374174975],[39.20794204185749,16.326509081084154],[39.517928156359446,15.46304854031267],[39.79644683311726,15.088771425444506],[39.88854125450398,15.18427427883806],[39.85619262169148,15.400236688811205],[40.03721145103718,15.387916170317553],[40.217452082140696,15.083317362028978],[40.38988402794148,14.90578707333269],[40.739138636095774,14.919243417937182],[41.341250452502024,14.342323862273119],[41.76108840416218,13.885752283293627],[42.07897857139851,13.861013971526049],[42.35708144615437,13.467672907072924],[42.40844253013874,13.175496660429857],[42.63643935631062,13.09338244076433],[43.3304777474239,12.434074007231615],[43.458682093127024,12.224659525114916],[43.47482207725788,12.097622476775072],[43.259139093859446,11.963715158659838],[43.061846765978586,11.91882189388933],[42.8099584908321,11.778485857207201]]]},"properties":{"name":null,"role":"land"}},{"type":"Feature","geometry":{"type":"Polygon","coordinates":[[[39.087699502849276,-2],[39.41664348918111,-1.375006425969531],[43.41489377502695,2.5147870561347103],[44.281409389217814,3.357797510020823],[46.449290647584505,4.080424596143054],[47.63646532348032,4.096041917326509],[47.38398650596882,3.794777952391527],[46.36050322960163,2.667831026274584],[45.541262659533274,1.967072092253588],[44.56746962974812,1.462954007346056],[44.300696405871165,1.290809475142382],[43.724307093127024,0.800251446921251],[42.91478255699421,-0.016971982758619],[42.440066370470774,-0.511580146592237],[41.88418487022663,-1.21815697078047],[41.6073217720821,-1.593676365655043],[41.65220168541218,-1.752453006547071],[41.60989287803913,-1.876740492623426],[41.41938459043526,-2],[39.087699502849276,-2]]]},"properties":{"name":"Islamic city-states","role":"land"}},{"type":"Feature","geometry":{"type":"Polygon","coordinates":[[[76.07506087730671,10.553955637175463],[78.1596335770094,11.06481724294239],[79.71073440025593,11.44494207974138],[79.82626632164265,10.358728014189623],[79.78994277427937,10.250633798796557],[79.30626967857624,10.25594576473894],[79.22248366783406,10.19222220059099],[79.07228377769734,9.759851061064623],[78.92660811851765,9.492679201323412],[79.15964797447468,9.27715643521013],[78.79764846275593,9.130231462675951],[78.66012862633015,9.123585306364916],[78.31383803795124,8.995764337736986],[78.18113234947468,8.811212145048998],[78.1357755989864,8.499774538237475],[77.89976027916218,8.257814966399096],[77.48439315269734,8.028187357146166],[77.34137252281452,8.053283296782396],[76.70353225181843,8.706356607634447],[76.6623869271114,8.884175859648607],[76.53785994957234,9.118999086577318],[76.3852873177364,9.747702203947924],[76.07506087730671,10.553955637175463]]]},"properties":{"name":"Pandya state","role":"land"}},{"type":"Feature","geometry":{"type":"Polygon","coordinates":[[[79.71073440025593,11.44494207974138],[78.1596335770094,11.06481724294239],[78.02809431112587,11.74027170903867],[77.30546722500364,13.76362755018091],[77.44999264222808,14.197203801854247],[80.0870695442989,14.94643362637224],[80.16166213463093,14.254099451262377],[80.16971877525593,13.891985498625658],[80.07589248131062,13.669416986662767],[80.31988051841999,13.33321341152849],[80.31345656822468,13.104481302458666],[80.22375777672077,12.831091486174486],[79.76935103843952,11.730975710112475],[79.71073440025593,11.44494207974138]]]},"properties":{"name":"Chola Empire","role":"land"}},{"type":"Feature","geometry":{"type":"MultiPolygon","coordinates":[[[[84.30392613648812,20.751919204121563],[81.86185280153937,18.730193974415585],[79.32813168485968,17.23299513274122],[79.43194022856,16.017480187767116],[80.45975783775593,15.773146234709642],[80.30021956871296,15.645742975432299],[80.08940413902546,15.175155245024584],[80.0870695442989,14.94643362637224],[77.44999264222808,14.197203801854247],[77.30546722500364,13.76362755018091],[78.02809431112587,11.74027170903867],[78.1596335770094,11.06481724294239],[76.07506087730671,10.553955637175463],[75.65175155113484,11.423489175993822],[75.21094039390827,12.10236796017351],[74.96174148033406,12.876961313444994],[74.73362258384968,13.68335875149431],[74.40150741050984,14.419635378081225],[73.84143355797077,15.390475832182787],[73.57273391197468,16.037927232939623],[73.40928939293171,16.558538042265795],[73.06422713707234,18.031716905791185],[72.85335067222859,19.244680010039232],[72.75949386070515,20.057649217802904],[72.86443618248249,20.311982713896654],[73.10968306968952,20.687320314604662],[73.11286452720906,20.827090822417162],[72.93113234947468,20.95375784512224],[72.76573470543171,21.150355898100756],[72.66594222496296,21.848943315703295],[72.69562056968952,22.12853582974138],[72.31904891441609,22.11503180142107],[72.12713912437702,21.828742586333178],[72.28899672935749,21.54956968899431],[72.25619796226765,21.352563463408373],[72.1208601326778,21.155339800078295],[71.89442733238484,20.989677034575365],[71.52892592857624,20.823730074126146],[71.0244474739864,20.657476030547045],[70.85505202720906,20.650762163359545],[70.46747878502156,20.77700003262224],[70.20994857261921,20.94797857876482],[69.75222304771687,21.398070894438646],[69.12606337974812,21.96850737209978],[68.8941755623653,22.285655580717943],[69.01423171470906,22.30496748562517],[69.49224379966999,22.24880941982927],[69.96852401207234,22.35145720120134],[70.17620376060749,22.478955827910326],[70.41056350181843,22.752622209746264],[70.31022170494343,22.82864340420427],[70.04594710777546,22.777261339384935],[69.66488936851765,22.789163194853685],[69.10719588707234,22.898904405791185],[68.88241103599812,22.99714811917009],[73.18649283410694,24.675296550626562],[73.98138262884139,24.45850842478989],[74.19817075467806,23.952669464504332],[73.54780637716806,21.784788206137648],[73.76459450300472,21.495737371688755],[75.13758596663696,21.206686537239868],[79.11203494030921,21.85705091474987],[79.4010857747581,22.218364457810985],[79.4010857747581,23.374567795606545],[79.90692473504366,23.446830504218774],[80.48502640394145,23.30230508699433],[80.70181452977812,22.796466126708765],[82.00254328479814,22.868728835320994],[82.36385682785924,22.65194070948432],[83.1587466225937,21.568000080300976],[84.30392613648812,20.751919204121563]]],[[[110.96831038902546,1.225523196417711],[111.1199064583614,1.270334206778429],[110.89339736412312,1.511309229094408],[110.96976760338093,1.759294830519579],[111.1337995858028,2.032884918410204],[111.37182906578327,2.598927341658495],[111.63454726646687,2.720227085310839],[112.30133346031452,2.874169908720873],[112.75924972008015,3.008589826781176],[112.95166305015827,3.155150734145067],[113.18754104088093,3.614647709090136],[113.42307570884968,3.759805523116015],[113.81483748863484,4.262612425047777],[114.16662124107624,4.511172853667162],[114.45025924156452,4.562621675688646],[114.74521163414265,4.984381281096361],[114.87784865806843,4.855816923338793],[115.0368986458614,4.895166479308031],[115.12111190269734,4.830928407866381],[115.36143020103718,4.875920377928637],[115.41776565025593,5.111135088164232],[115.20305159996296,5.275868974882982],[115.29166701744343,5.453975282866381],[115.71728042076374,5.467606626707934],[115.78708938072468,5.740099035460375],[115.97079757164265,5.881146513182543],[116.09869674156452,6.097453676421068],[116.3377790779903,6.358475290495775],[116.59562972496296,6.899092756468676],[116.74052718590046,6.689739786345385],[116.88901809166218,6.645576559264086],[117.03112319420124,6.836500250059984],[117.16805556724812,6.61441572781267],[117.5070906014278,6.392770849425219],[117.54088881920124,6.240357481200121],[117.35358718345906,5.877785764891527],[117.37006667564656,5.788860403258226],[117.86653426597859,5.904306493956469],[117.91826919029499,5.80275686855974],[117.76156142662312,5.580031000334642],[118.25600722740437,5.663704000670336],[118.37702468345906,5.638547502715014],[118.84297469566609,5.340928159911059],[118.99796584556843,5.277723394591234],[119.04260543297077,5.169805132109545],[118.88132766197468,4.978847585875414],[118.68284133384968,4.914877020079516],[118.41559127281452,4.901593290526293],[118.10842421959187,4.939047418791674],[117.94840529869343,4.798915945250414],[117.9918318123653,4.684646688658617],[118.39120772789265,4.374171339232348],[118.31868270347859,4.234229646880053],[118.11238387535359,4.144840799528978],[117.58916762779499,4.048401914793871],[117.54050734947468,3.940269790846727],[117.68385604332234,3.629244171339892],[117.58021834800984,3.565474830824755],[117.07397750328327,3.507199846465014],[117.21508315513874,3.272402368742846],[117.13904097984577,3.170576893050097],[117.34200576256062,3.02487715359392],[117.82918837974812,2.314259611327074],[117.84828475425984,2.225346170622728],[117.69636062095906,1.900947533804796],[117.73006728599812,1.799350224692247],[117.91282180259968,1.590053402144335],[118.24725631187702,1.387442909438036],[118.51726058433796,1.165625892836474],[118.76522353599812,0.823025428015612],[118.55611709068562,0.746316217142962],[118.21828750084187,0.758291922766588],[117.85968306968952,0.865542970854662],[117.7082853646114,0.820732377726458],[117.53428939293171,0.610662959772966],[117.37497237633015,0.197262354452036],[117.31821731041218,-0.139655172567942],[117.42981246422077,-0.622370518487074],[117.37029555748249,-1.00378415707884],[117.04563430259968,-0.934580959122755],[116.57888320396687,-1.367720283310987],[116.38421157310749,-1.660468496125318],[116.0462751717403,-1.934458292763807],[116.12256206993388,-2],[114.92705365723899,-2],[114.63467687314419,-1.659178846363348],[116.01955682286133,0.187327753259529],[116.43372652744965,1.360808582926406],[116.22664167515549,2.05109142390692],[115.32927398188083,3.086515685377693],[114.56996285680225,3.500685389966002],[113.74162344762564,3.086515685377693],[112.4991143338607,2.258176276201075],[111.26320936843021,0.789785377395276],[110.96831038902546,1.225523196417711]]],[[[120.43191054771687,0.636000238615892],[120.45365410653346,0.384119658456928],[120.33727553795124,0.356190972287081],[120.14297011802937,0.190549142915629],[119.9567976326778,-0.140282243233301],[119.87274459312702,-0.464555866759397],[119.90378097008015,-0.680548943322279],[120.10934737633015,-0.985140777867414],[120.27553906425004,-2],[119.23342905447797,-2],[119.20475295494343,-1.431936181824781],[119.24367049644734,-1.22849301223097],[119.39629653404499,-0.904066480439283],[119.59723952720906,-0.878214098256208],[119.57819655845906,-0.490620143454649],[119.69748977134968,0.005301356572531],[119.91373732994343,0.539560459811113],[120.10897353599812,0.724265299994372],[120.23886397789265,0.788090430457018],[120.43191054771687,0.636000238615892]]]]},"properties":{"name":"minor Hindu kingdoms","role":"land"}},{"type":"Feature","geometry":{"type":"Polygon","coordinates":[[[98.63722518394734,27.47874220486345],[98.59203139454138,25.75815164462812],[94.72078000054935,25.97602530564657],[92.03401788582516,25.426228247251167],[91.71659611285132,24.09334076070442],[91.41017440269734,22.72083433743181],[91.08137801597859,22.561330400664232],[90,22.560958467680834],[90,22.979495607573412],[90,24.96434738507545],[90,25.686974471197676],[88.66374230840769,26.414279106455098],[91.83027165606045,27.276754060666583],[95.08209354361047,28.722008232911037],[97.61128834503826,28.938796358747705],[98.55070355699716,28.2884319812377],[98.63722518394734,27.47874220486345]]]},"properties":{"name":null,"role":"land"}},{"type":"Feature","geometry":{"type":"Polygon","coordinates":[[[91.41017440269734,22.72083433743181],[91.71659611285132,24.09334076070442],[92.03401788582516,25.426228247251167],[94.72078000054935,25.97602530564657],[98.59203139454138,25.75815164462812],[98.58264716014986,25.400880760258406],[100.50179668952718,24.313983007565444],[100.14048314646607,23.37456779560655],[101.00763564981274,21.423474663076533],[100.22794265390873,20.389056301173344],[99.84117787222739,20.481864939730535],[98.66999851699818,18.397251431507474],[97.57322219322468,16.44506987209978],[97.35199264000202,16.527171693999193],[97.21499160240437,16.93980749722185],[96.88161757896687,17.345660768706225],[96.77038100670124,17.332707964140795],[96.73407271812702,16.887960039336107],[96.66289809654499,16.69722708340349],[96.4692488045528,16.512576662260912],[95.71379378746296,16.15521391506853],[95.55232528160359,15.875349603850267],[95.32981399009968,15.677930437285326],[95.12479690025593,15.995128236967943],[94.97264388511921,15.835991464812182],[94.75341323326374,15.93716963406267],[94.81927779625202,16.21047171230974],[94.41559890220906,16.076203905302904],[94.3040876717403,15.948904596526049],[94.14435866783406,16.00573881741228],[94.14335921715046,16.215379320341967],[94.3920011849239,16.908359132964037],[94.4648542733028,17.26426275845232],[94.46533492515827,17.6644721853322],[94.42045882652546,18.140813432890795],[94.05371383140827,19.061149202544115],[93.9655866951778,19.194356523711107],[93.83903792808796,18.952691637236498],[93.45794204185749,19.174213014799975],[93.81499770591999,19.257560335356615],[93.72381881187702,19.5940376150197],[93.33432296226765,20.025172792632006],[93.06563094566609,19.99283369656267],[92.89442733238484,20.113166414458178],[92.93328383873249,20.31016882534685],[92.82709792564656,20.424287401396654],[92.66279128502156,20.404885851103685],[92.4033537239864,20.61396177883806],[92.17629531334187,20.886634432036303],[91.94604781578327,21.36257895107927],[91.84590438316609,21.908670030791185],[91.57107070396687,22.543313585478685],[91.41017440269734,22.72083433743181]]]},"properties":{"name":"Pagan","role":"land"}},{"type":"Feature","geometry":{"type":"Polygon","coordinates":[[[107.01773418125487,15.022454240537204],[106.06602525266834,14.486254636303137],[105.87574433746508,14.46367893449936],[105.77697441821945,15.425669848262032],[104.93303328904541,17.45088269805765],[104.111285899852,17.998714290853265],[101.64604373227175,17.998714290853265],[101.657367324407,19.661170456991734],[101.85148057957011,20.532435407532958],[102.97995917115581,20.966465635065923],[105.41238593274157,21.902014389521984],[106.23413332193499,21.69657754222363],[107.46579268883015,20.976270281035326],[107.37433913658406,20.880792223173998],[106.8070402474239,20.905006014067553],[106.7462492317989,20.815949999052904],[106.77157119224812,20.63813933010759],[106.38092330406452,20.11008795376482],[105.96486953209187,19.88052328701677],[105.84338668297077,19.70240934963884],[105.70696547935749,19.2828803884572],[105.53258040855671,18.844211183745287],[105.86413100670124,18.489196382719896],[106.36444381187702,18.007497392851732],[106.43306258629109,17.550279222685717],[106.62225631187702,17.328355394560717],[107.00507535871475,17.037970481707667],[106.78865233879057,16.36508506022093],[106.8609150474028,15.497932556874257],[107.01773418125487,15.022454240537204]]]},"properties":{"name":"Đại Việt","role":"land"}},{"type":"Feature","geometry":{"type":"Polygon","coordinates":[[[105.87574433746508,14.46367893449936],[106.06602525266834,14.486254636303137],[107.01773418125487,15.022454240537204],[107.29674819420124,14.176478944975756],[107.3097029061153,13.878046594817064],[107.51459029625202,13.421952806670092],[107.45781997154499,13.065914713103197],[107.48226455162312,12.583323084074877],[107.38450149009968,12.354075990874193],[107.5112794249128,11.668009000426444],[108.94330729750659,11.41220059964261],[108.69589522789265,11.145221315581225],[108.16427901695515,10.966188989836596],[107.93872359703327,10.806869112212084],[107.67287734459187,10.52675589199724],[107.41204360435749,10.3673587667531],[107.26571944664265,10.347982011992357],[107.03562453697468,10.436424814421557],[106.77315810631062,10.63917215939226],[106.70439437340046,10.44842108364763],[106.74860671470906,10.067325197417162],[106.65627578209187,9.743097864348314],[106.48202804039265,9.552120767790697],[106.22927382896687,9.55157621975603],[106.11839583824421,9.335317217070482],[105.92659285972859,9.188765131194017],[105.50307753990437,9.02901705380144],[105.20842269371296,8.65352591152849],[104.90707686851765,8.474970422942064],[104.74248031090046,8.493669115263842],[104.82237533043171,9.472297273833178],[104.89044478843952,9.6948095190114],[104.98728469322468,9.822088800627611],[104.9785261483028,9.980911813933275],[104.76486495445515,10.177400194365404],[104.42780593345906,10.284679018217943],[104.16030410240437,10.519180856902025],[104.0030622811153,10.537899576384447],[103.83095076988484,10.47399767513933],[103.52486709068562,10.52416857357683],[103.67030623863484,10.765905939299486],[103.52488997886921,11.057841860014818],[103.40011886070515,11.038512788969896],[103.19204238365437,10.904642664153002],[103.03959182213093,10.897970758635424],[102.96258834312702,11.367944322783373],[102.65849593590046,12.066133104521654],[102.52975753258015,12.14844950314226],[102.32390883873249,12.186125360686205],[101.91858199547077,12.585492693144701],[101.58664229820515,12.661016069609545],[101.3291120858028,12.558820329863451],[101.02302840660359,12.672516428191088],[100.87163070152546,12.678542696196459],[100.95698073814656,13.364850603300951],[100.90870955894734,13.447337709624193],[101.80252544454719,13.980415676017579],[105.87574433746508,14.46367893449936]]]},"properties":{"name":"Khmer Empire","role":"land"}},{"type":"Feature","geometry":{"type":"Polygon","coordinates":[[[107.01773418125487,15.022454240537204],[106.8609150474028,15.497932556874257],[106.78865233879057,16.36508506022093],[107.00507535871475,17.037970481707667],[107.11497024009968,16.954610429961107],[107.69201949547077,16.37142714138689],[107.80916884849812,16.28274305935564],[108.0953474373653,16.25158842678728],[108.23614791343952,16.080380998808764],[108.36306289146687,15.623269640166185],[108.49894240806843,15.36310728665056],[108.78612044761921,15.090558611113451],[108.91776565025593,14.792262636382006],[109.07114699791218,14.170025430876635],[109.30712417076374,12.906332575041674],[109.06843093345906,12.48651274319353],[109.09094527672077,12.118089281279467],[109.04842666099812,11.933768831450365],[109.07335189293171,11.635222040373705],[108.94330729750659,11.41220059964261],[107.5112794249128,11.668009000426444],[107.38450149009968,12.354075990874193],[107.48226455162312,12.583323084074877],[107.45781997154499,13.065914713103197],[107.51459029625202,13.421952806670092],[107.3097029061153,13.878046594817064],[107.29674819420124,14.176478944975756],[107.01773418125487,15.022454240537204]]]},"properties":{"name":"Champa","role":"land"}},{"type":"Feature","geometry":{"type":"Polygon","coordinates":[[[100.90870955894734,13.447337709624193],[100.47393325279499,13.509931169707201],[100.23968032310749,13.490372263152025],[100.04000380943562,13.394650064665697],[99.9303312630489,13.261001192290209],[99.85143231201717,13.908152967405353],[100.2127458550783,14.197203801854247],[100.64632210675163,14.197203801854247],[100.93537294120053,14.0526783846298],[100.90870955894734,13.447337709624193]]]},"properties":{"name":"Luva","role":"land"}},{"type":"Feature","geometry":{"type":"Polygon","coordinates":[[[98.63722518394734,27.47874220486345],[98.55070355699716,28.2884319812377],[97.61128834503826,28.938796358747705],[95.08209354361047,28.722008232911037],[91.83027165606045,27.276754060666583],[88.66374230840769,26.414279106455098],[86.23137003639518,27.003945111791463],[83.73995815744011,28.204841485100737],[80.05398091946621,29.981535549447877],[79.80756351070187,30.709232719747167],[79.80756351070187,31.160874648573557],[80.07854866799771,31.883501734695784],[79.80756351070187,33.057770749644405],[79.89789189646716,34.05138299306247],[81.25281768294633,34.05138299306247],[81.794787997538,34.503024921888866],[81.79462389462604,34.76804767338405],[82.69337400437699,34.743311431831266],[86.82103604173155,35.1118526851665],[89.91678256974747,35.185560935833536],[90,35.62781043983581],[89.91678256974747,35.99635169317104],[90,36.51230944784036],[91.68578058575658,36.36489294650627],[95.51860962044294,37.10197545317673],[101.68757091375052,36.3073807256478],[102.40610101767813,33.720672351508384],[100.68162876825185,28.690961624015074],[98.63722518394734,27.47874220486345]]]},"properties":{"name":"Tibet","role":"ally","label":"Төвд","labelAt":[91.43,32.04]}},{"type":"Feature","geometry":{"type":"Polygon","coordinates":[[[85.37910750816609,19.60537489529314],[84.6843318434497,20.21248106062526],[84.30392613648812,20.751919204121563],[83.1587466225937,21.568000080300976],[82.36385682785924,22.65194070948432],[82.00254328479814,22.868728835320994],[80.70181452977812,22.796466126708765],[80.48502640394145,23.30230508699433],[79.90692473504366,23.446830504218774],[79.4010857747581,23.374567795606545],[79.4010857747581,22.218364457810985],[79.11203494030921,21.85705091474987],[75.13758596663696,21.206686537239868],[73.76459450300472,21.495737371688755],[73.54780637716806,21.784788206137648],[74.19817075467806,23.952669464504332],[73.98138262884139,24.45850842478989],[73.18649283410694,24.675296550626562],[68.88241103599812,22.99714811917009],[68.79081252525593,23.028724275786303],[68.37294295738484,23.326415621001146],[68.0721769661739,23.67518766995134],[68.04699996422077,23.764070116240404],[67.69232467125202,23.814155183989428],[67.48602584312702,23.928060136992357],[67.31589034508015,24.092885576445482],[67.2042341561153,24.588166795927904],[66.99953750084187,24.714782320219896],[66.70171645591999,24.752278886992357],[66.64811232994343,24.90462454434099],[66.70050338218952,25.114379488188646],[66.62050918052937,25.31748541470232],[66.43233016441609,25.488610826689623],[66.30008986900593,25.494687639433764],[67.74817373612484,28.39449734646444],[68.23649729416968,29.37237261042104],[69.82627688363858,31.757041994624394],[71.00797290748199,33.054590569824995],[71.66897595325027,33.78039783576664],[72.79127117046276,34.22479658505415],[72.82517929104583,34.06944867021553],[73.11423012549471,33.274558875481084],[73.47554366855583,32.98550804103219],[80.05398091946621,29.981535549447877],[83.73995815744011,28.204841485100737],[86.23137003639518,27.003945111791463],[88.66374230840769,26.414279106455098],[90,25.686974471197676],[90,24.96434738507545],[90,22.979495607573412],[90,22.560958467680834],[90,21.93025358792009],[89.86968520591999,22.1332279073781],[89.79633620689656,21.832069002348803],[89.57895186851765,21.700582109648607],[89.45661452720906,21.94171293850603],[89.23388198326374,21.655381761748217],[89.07225326011921,21.774339281279467],[88.88093856285359,21.514886461455248],[88.72346023033406,21.53995283718767],[88.65697768638874,21.857440553862475],[88.56759932945515,21.89536627407732],[88.37705520103718,21.577336870390795],[88.24792769859577,21.596122347075365],[88.05304244468952,21.938741289336107],[87.86748794029499,21.696960054594896],[87.64071944664265,21.563081346709154],[86.93719771812702,21.288428865630053],[86.79619124840046,21.1356693136281],[86.84421065758015,20.875316225249193],[86.92611220787312,20.69125898953142],[86.6378507942989,20.31910666104021],[86.63238051841999,20.203647218901537],[86.11916640709187,19.806542955595873],[85.9089460701778,19.723508440215014],[85.37910750816609,19.60537489529314]]]},"properties":{"name":"Sultanate of Delhi","role":"other","label":"Делийн султант улс","labelAt":[77.83,26.41]}},{"type":"Feature","geometry":{"type":"Polygon","coordinates":[[[81.79462389462604,34.76804767338405],[81.794787997538,34.503024921888866],[81.25281768294633,34.05138299306247],[79.89789189646716,34.05138299306247],[79.80756351070187,33.057770749644405],[80.07854866799771,31.883501734695784],[79.80756351070187,31.160874648573557],[79.80756351070187,30.709232719747167],[80.05398091946621,29.981535549447877],[73.47554366855583,32.98550804103219],[73.11423012549471,33.274558875481084],[72.82517929104583,34.06944867021553],[72.79127117046276,34.22479658505415],[74.659174681669,34.9644361838324],[76.01377130856017,35.49663716530693],[78.4526377242227,35.135323622245814],[81.25281768294633,35.31598039377637],[81.79462389462604,34.76804767338405]]]},"properties":{"name":"Kashmir and Ladakh","role":"land"}},{"type":"Feature","geometry":{"type":"Polygon","coordinates":[[[72.79127117046276,34.22479658505415],[71.66897595325027,33.78039783576664],[71.00797290748199,33.054590569824995],[69.82627688363858,31.757041994624394],[67.8842165896851,36.85156295178611],[67.34224627509343,37.21287649484722],[66.70994757473647,37.21287649484722],[66.52929080320592,38.1161603525],[64.63239470213507,38.838787438622234],[63.729110844482285,39.47108613897919],[62.103199900707274,40.37436999663197],[62.01287151494199,41.187325468519475],[61.10958765728921,41.187325468519475],[60.025647028105865,42.361594483468096],[63.54845407295173,45.25210282795702],[70.50373977687818,50.129835659282065],[79.17526481034493,49.40720857315983],[82.42708669789495,49.587865344690385],[85.67890858544497,50.310492430812616],[88.38876015840334,50.4008208165779],[90,50.07330645934762],[93.80846330432006,49.67819373045566],[93.26649298972838,49.136223415863995],[93.80846330432006,48.59425310127232],[93.80846330432006,48.05228278668065],[90,46.42637184290564],[90,43.89717704147783],[92.00189558901448,41.909952554641706],[81.25281768294633,35.31598039377637],[78.4526377242227,35.135323622245814],[76.01377130856017,35.49663716530693],[74.659174681669,34.9644361838324],[72.79127117046276,34.22479658505415]]]},"properties":{"name":"Chagatai Khanate","role":"realm","label":"Цагаадайн улс","labelAt":[72.5,38.8]}},{"type":"Feature","geometry":{"type":"Polygon","coordinates":[[[52.61114028404499,72.74000128384294],[53.07971862266804,72.906520448882],[53.502303156359446,73.13657721157732],[54.14409163902546,73.14571722622576],[54.736163172228586,73.2577167379445],[55.81617644737507,73.30733831997576],[56.508502039416086,73.17386969204607],[56.27160552452351,72.85721167202654],[55.822093042834055,72.75388678188982],[55.51757720421101,72.47799261685076],[55.52035811851765,72.10975226040544],[55.72066405723835,71.64242132778826],[56.378794702990305,71.13226660366716],[57.25065902183796,70.8177982198781],[57.23775390098835,70.69104345913591],[56.05858519981648,70.73096808071794],[55.67880156944538,70.70719488735857],[54.998293909533274,70.52167090054216],[54.69406035850788,70.74377020474138],[54.03161147545124,70.71947821255388],[53.72863677452351,70.7650638448781],[53.714697870714915,70.92670019741716],[54.320654901964915,71.08981665249529],[54.30786803673054,71.20566137905779],[53.2337980599239,71.51353796597185],[52.55046752403523,71.5898929464406],[52.12104705284382,71.46488531704607],[51.81493667076374,71.47981604214372],[51.53354171226765,71.65794714565935],[51.482134851916086,71.8446765768117],[51.76045897911335,72.0792957174367],[52.35105422447468,72.0413318502492],[52.58397963951374,72.1277347433156],[53.088538202746165,72.47346838589372],[53.05286315391804,72.63060339565935],[52.61114028404499,72.74000128384294]]]},"properties":{"name":null,"role":"land"}},{"type":"Feature","geometry":{"type":"Polygon","coordinates":[[[18.684934699163794,54.25402242200741],[18.281678661303353,53.357107921746035],[18.58967158662456,53.100447150645024],[18.948996666165975,53.25444361330563],[19.205657437266982,53.25444361330563],[19.564982516808396,53.45977223018644],[20.078304059010414,53.665100847067244],[20.078304059010414,53.511104384406636],[20.386296984331626,53.511104384406636],[20.428245098664974,53.77814771355634],[20.709395381809642,53.75806555047458],[20.80980619721845,53.63757257198401],[21.10494714341445,53.81909730972785],[21.464272222955863,53.81909730972785],[21.358384324327346,53.19726252285008],[21.358384324327346,52.28299278044206],[21.750214213930782,52.02177285403977],[21.68490923233021,51.564637982835755],[21.42368930592792,51.49933300123518],[21.750214213930782,50.78097820362888],[21.768063558826285,49.74367772256412],[21.316853343510925,49.86400044664822],[21.13532323123402,49.833745427935405],[20.681497950541754,49.652215315658495],[20.530222856977666,49.80349040922258],[20.34869274470076,49.742980371796946],[20.015887538859765,49.80349040922258],[19.89486746400849,49.47068520338159],[19.562062258167497,49.53119524080722],[19.562062258167497,49.71272535308413],[19.38053214589059,49.80349040922258],[19.13849199618805,49.71272535308413],[19.10823697747523,49.59170527823286],[18.71199266146571,49.589642100788076],[18.47034601263393,49.93922834799766],[16.99498690133026,50.39060796045915],[16.57660148170683,50.23592695816174],[16.37841891451679,50.55877725315797],[14.969120658943137,50.976586211891515],[15.16730322613318,51.527871295866866],[15.956452783028846,52.18343766144564],[15.764534780902293,52.265471213805796],[15.760173774291564,52.57074167655705],[15.843905101217622,52.71029388810048],[16.053120673865045,52.71644728729599],[16.203755181044727,53.34332759862226],[16.41554031203445,53.52485771089917],[16.203755181044727,53.70638782317607],[16.657580461736995,53.85766291674016],[16.687835480449813,54.03919302901707],[16.99038566757799,54.19046812258115],[17.111405742429262,54.12995808515552],[17.746761135398433,54.4325082722837],[17.65761283348347,54.6854625570363],[18.279448542101633,54.724120699126146],[18.453806910021555,54.52537878628435],[18.51315597008015,54.315780245024584],[18.684934699163794,54.25402242200741]]]},"properties":{"name":"Poland","role":"land"}},{"type":"Feature","geometry":{"type":"Polygon","coordinates":[[[22.234254536258888,54.12709023504906],[22.18292238203869,54.53774746881068],[22.080258073598287,54.58907962303088],[22.131590227818485,54.79440823991168],[21.92626161093768,54.94840470257229],[22.028925919378082,55.2563976278935],[21.66960083983667,55.51305839899451],[21.31027576029526,55.51305839899451],[21.141797875946047,56.12729915620206],[21.90450131031612,56.350039320300105],[24.714955588599217,56.34042456522161],[25.30739744607341,56.48853502959016],[26.245430387074208,55.89609317211597],[27.37053292420636,55.71934336485123],[27.301137649979484,55.35232691566898],[27.692967539582924,54.960497026065546],[27.692967539582924,54.503362154861534],[27.105222705177766,53.91561732045638],[27.039917723577197,52.936042596447784],[26.12564798116917,52.74012765164606],[25.79912307316631,52.28299278044206],[23.38283875394511,52.34829776204263],[22.599178974738233,52.936042596447784],[22.234254536258888,54.12709023504906]]]},"properties":{"name":"Lithuania","role":"land"}},{"type":"Feature","geometry":{"type":"Polygon","coordinates":[[[20.99418346540108,44.70007972459091],[21.358384324327346,44.772919896376166],[22.07673912193365,44.4463949883733],[22.337959048335943,44.772919896376166],[22.664483956338806,44.64230993317502],[22.468569011537088,44.38109000677273],[22.9257038827411,44.18517506197101],[22.9257038827411,43.79334517236757],[23.513448717146257,44.054565098769864],[24.231803514752556,43.79334517236757],[24.623633404356,43.98926011716929],[25.472598165163447,43.728040190767],[26.45217288917204,44.250480043571585],[27.954187465985218,44.250480043571585],[28.084797429186366,44.577004951574445],[27.82357750278407,44.838224877976735],[28.01860651185924,45.3154810971337],[28.402156507925586,45.35938606658693],[29.06437215319496,45.1647497859796],[29.710764917834055,45.25833471890154],[29.457522425158274,44.91514929409685],[29.089749369128,44.875732027251146],[28.918236765368235,44.76575049038591],[28.686247858507883,44.48805197354021],[28.57311347435261,44.19782217617693],[28.44569304893757,43.476363741118334],[28.034638437731516,43.39190252896013],[27.887320551378977,43.0635257589406],[26.64808783397376,42.55255052195668],[26.582782852373185,41.83419572435038],[26.060342999568604,42.09541565075267],[24.297108496353133,42.030110669152094],[21.4889942875285,42.87907542995954],[21.684909232330213,43.728040190767],[20.99418346540108,44.70007972459091]]]},"properties":{"name":"Bulgar Khanate","role":"land"}},{"type":"Feature","geometry":{"type":"Polygon","coordinates":[[[27.60590255435066,56.706888984107934],[27.51068758097277,57.611431231197855],[27.663288210999713,58.95605697043894],[27.702038797838938,59.297504030424975],[27.893597635729563,59.34611090298357],[28.163104090197336,59.590682588774584],[28.4443636269405,59.73374136563005],[28.79593375633503,59.67222174282732],[29.076066050036204,59.907794557768725],[29.41362861107136,59.860030733305834],[29.765452417834055,59.7362438070363],[30.126639399035227,59.80604513760271],[29.68729690025593,60.131000124174975],[28.665709168978292,62.20874538664886],[27.231594534992126,63.35447998456054],[30.603998127121553,64.93804540067741],[34.293414148791086,65.39624365444841],[34.425662073595774,65.10652502651872],[34.772864374621165,64.68222387905779],[34.88461211632038,64.3667713033742],[35.081763300402415,64.28833349819841],[36.01547149132038,64.19702490444841],[36.23997024009968,63.91862066860857],[36.98754027794148,63.841483675200365],[37.410540613634836,63.749496065337084],[37.94491866539265,63.850394808012865],[38.05385878990437,64.12927588101091],[37.87985518883015,64.30789526577654],[37.26195052574421,64.3138919698781],[36.996741327746165,64.40655859585466],[36.56850722740437,64.7645755636281],[36.88390639732624,65.0676990377492],[37.10194304893757,65.06812628384294],[37.60409453819538,64.85277136440935],[39.19344237755085,64.5110355245656],[39.62159636925007,64.47596319790544],[39.99705031822468,64.54121740933122],[40.32217315147663,64.46293219204607],[40.46206191490437,64.75027807827654],[39.979388269884836,65.15314062710466],[39.823103937609446,65.43561133022966],[39.9513273567989,65.58116491909685],[41.35424712608601,65.95517309780779],[41.62328246544148,66.06516607876482],[42.21078780601765,66.41000708218279],[43.241431269152415,66.25089605923357],[43.87621978233601,66.01096686001482],[44.052840265734446,66.04050024624529],[48.00281681736112,64.95215921095321],[51.26806589738977,63.25422968933831],[53.09660538220581,61.49099518612284],[54.72922992222013,58.878795922099926],[54.92163183184503,58.11297299381046],[45.96480886560179,57.734515685377644],[46.04366736934393,62.078740020527995],[45.71714246134106,62.20934998372915],[41.211098730901526,61.16447027811998],[41.211098730901526,60.446115480513676],[40.949878804499235,60.18489555411138],[39.8396941172895,60.1195905725108],[37.88054466927231,61.03386031491883],[37.09688489006543,61.16447027811998],[36.31322511085855,60.6420304253154],[36.24792012925798,60.1195905725108],[38.40298452207689,59.27062581170336],[38.860119393280904,58.35635606929534],[37.74993470607116,56.98495145568331],[36.11731016605684,56.72373152928101],[34.28877068124079,57.833916216490756],[33.50511090203392,57.9645261796919],[32.52553617802532,57.899221198091325],[32.416699735763686,57.27845750622241],[31.281186175604823,57.27845750622241],[30.73811447292015,56.98223657748532],[30.93559509207821,56.389794720011125],[30.68874431813063,55.89609317211597],[29.948191996287896,56.537905184379674],[29.05952921007661,56.537905184379674],[28.812678436129033,56.88349626790629],[27.60590255435066,56.706888984107934]]]},"properties":{"name":"Novgorod","role":"ally"}},{"type":"Feature","geometry":{"type":"Polygon","coordinates":[[[27.37053292420636,55.71934336485123],[27.65084223773919,56.27996199191689],[27.60590255435066,56.706888984107934],[28.812678436129033,56.88349626790629],[29.05952921007661,56.537905184379674],[29.948191996287896,56.537905184379674],[30.68874431813063,55.89609317211597],[30.93559509207821,56.389794720011125],[30.73811447292015,56.98223657748532],[31.281186175604823,57.27845750622241],[32.416699735763686,57.27845750622241],[32.52553617802532,57.899221198091325],[33.50511090203392,57.9645261796919],[34.28877068124079,57.833916216490756],[36.11731016605684,56.72373152928101],[37.74993470607116,56.98495145568331],[38.860119393280904,58.35635606929534],[38.40298452207689,59.27062581170336],[36.24792012925798,60.1195905725108],[36.31322511085855,60.6420304253154],[37.09688489006543,61.16447027811998],[37.88054466927231,61.03386031491883],[39.8396941172895,60.1195905725108],[40.949878804499235,60.18489555411138],[41.211098730901526,60.446115480513676],[41.211098730901526,61.16447027811998],[45.71714246134106,62.20934998372915],[46.04366736934393,62.078740020527995],[45.96480886560179,57.734515685377644],[45.58653249813992,57.31147636368617],[45.71714246134106,55.287021934068406],[45.325312571737626,54.89519204446497],[43.62738305012273,54.96049702606554],[43.10494319731815,54.69927709966325],[43.62738305012273,53.91561732045638],[43.62738305012273,52.21768779884148],[40.688658878096945,50.97689314843059],[38.79481441168033,51.04219813003117],[38.27237455887575,50.91158816683002],[38.1417645956746,49.60548853481856],[37.03157990846486,49.73609849801971],[34.680600570844234,48.56060882920939],[29.84803193240183,49.278963626815695],[29.456202042798395,48.36469388440768],[27.42832177808028,47.38362035754267],[27.170527686778343,47.97286399480424],[24.297108496353133,48.756523774011114],[21.770678624203192,49.59170527823286],[21.768063558826285,49.74367772256412],[21.750214213930782,50.78097820362888],[21.42368930592792,51.49933300123518],[21.68490923233021,51.564637982835755],[21.750214213930782,52.02177285403977],[21.358384324327346,52.28299278044206],[21.358384324327346,53.19726252285008],[21.464272222955863,53.81909730972785],[22.234254536258888,54.12709023504906],[22.599178974738233,52.936042596447784],[23.38283875394511,52.34829776204263],[25.79912307316631,52.28299278044206],[26.12564798116917,52.74012765164606],[27.039917723577197,52.936042596447784],[27.105222705177766,53.91561732045638],[27.692967539582924,54.503362154861534],[27.692967539582924,54.960497026065546],[27.301137649979484,55.35232691566898],[27.37053292420636,55.71934336485123]]]},"properties":{"name":"Ryazan","role":"ally","label":"Орос ноёдууд","labelAt":[34.42,54.04]}},{"type":"Feature","geometry":{"type":"MultiPolygon","coordinates":[[[[54.92163183184503,58.11297299381046],[54.72922992222013,58.878795922099926],[53.09660538220581,61.49099518612284],[51.26806589738977,63.25422968933831],[48.00281681736112,64.95215921095321],[44.052840265734446,66.04050024624529],[44.12211135338093,66.2671619283742],[44.383608850939524,66.61201819058122],[44.36195281456257,66.90596350308122],[44.21916488121296,67.08982428188982],[43.703597101671946,67.26593359585466],[44.21583465050007,67.71826513882341],[44.16874984215046,68.09702643032732],[43.8221655220821,68.3273197042531],[44.012026819689524,68.49190863247576],[44.66781142662312,68.38859137173357],[45.57964232872273,68.44253882046404],[45.8634367317989,68.3833499776906],[46.6340666146114,67.7005115377492],[45.46258071373249,67.6390643941945],[45.092505487902415,67.54207953091326],[44.87120727012898,67.31241949673357],[45.38563445518757,67.09937628384294],[45.715350183947336,66.84962805386247],[46.40205291221882,66.71860083218279],[47.5711889595821,66.8163104879445],[47.706187281115305,66.89010962124529],[48.08066085289265,67.56245764370622],[48.63532165001179,67.65238531704607],[49.18562987755085,67.83882483120622],[50.49589827965046,68.1534686910695],[51.83080962608601,68.40938147183122],[52.244875940783274,68.54455908413591],[52.33738234947468,68.33572729702654],[52.719729456408274,68.35138281460466],[52.93876937340046,68.47117956753435],[53.00575164268757,68.6805683004445],[53.50243285606648,68.81625708218279],[53.889117273791086,68.78699835415544],[53.78207686851765,68.33842047329607],[53.3959074349239,68.30042608853044],[53.316844019396555,68.13638647671404],[53.62573913048054,68.04768713589372],[54.37974837730671,68.16070898647966],[54.752295526964915,68.04978521938982],[55.1264982552364,68.40060766812029],[55.335391077502024,68.48309668179216],[56.1951017708614,68.56686743374529],[57.02422622154499,68.44890936489763],[57.52586654136921,68.49463995571794],[57.95919707725788,68.7047611105031],[58.40928939293171,68.83285864468279],[58.77038100670124,68.8560062276906],[59.34587386558796,68.69986303921404],[59.06195739219929,68.4974857198781],[59.119788202746165,68.393092714507],[59.762347254259836,68.297389589507],[59.92537597130085,68.58127173062029],[60.51208404014851,68.58985479946794],[60.93412307213093,68.81508215542497],[60.98595717857624,69.00259741421404],[60.36923507164265,69.46769293423357],[61.030039820177805,69.74060400601091],[62.2812719673946,69.7051273214406],[63.92324355552937,69.45921667690935],[64.87299636314656,69.22766455288591],[65.35536483238484,69.18344458218279],[66.58425429771687,68.88553961392107],[68.21540358970906,68.20135077114763],[68.48788741539265,68.22421606655779],[69.10895064781452,68.83031042690935],[68.51176742027546,68.83668097134294],[68.25765517662312,68.94111975308122],[68.09354690025593,69.13594397183122],[68.10592940758015,69.42932470913591],[67.77870467613484,69.55685003872576],[66.88444045494343,69.62308081265154],[66.79896834800984,69.74374731655779],[66.9648542733028,69.95582159634294],[67.42175582359577,70.22343023892107],[67.39824202965046,70.59850653286638],[67.28530410240437,70.70580633755388],[66.7748136849239,70.73557623501482],[66.67020705650593,70.86613043423357],[66.81797316978718,71.10538061733904],[67.8225431771114,71.4166522848195],[68.31624892662312,71.63485296841326],[68.81211379478718,72.09546240444841],[69.05668929527546,72.64471777554216],[69.34311202476765,72.83426245327654],[70.21435836265827,72.73346289272966],[71.66292098472859,72.83070715542497],[72.45530227134968,72.82427557583513],[72.7139997811153,72.76958807583513],[72.84480575035359,72.49460943813982],[72.4983244271114,71.96181067104997],[71.89781478355671,71.58716162319841],[71.79755691002156,71.43180426235857],[72.13623336265827,71.27759131069841],[72.67970565269734,70.823512636382],[72.7742033333614,70.45523413296404],[72.43689254234577,70.18696936245622],[72.55148604820515,69.65626104946794],[72.52553084800984,69.06907995815935],[72.64349654625202,68.806911073882],[72.84616378258015,68.63523443813982],[73.30861190269734,68.5165515768117],[73.39364913414265,68.38238867397966],[73.17524245689656,68.16592749233904],[72.83769515465046,67.64564856167497],[71.93047622154499,67.156276308257],[71.39950087974812,66.94906958218279],[71.54405501793171,66.71412237759294],[70.83993056724812,66.55140265103044],[69.79152205894734,66.7549320089406],[69.08476546715046,66.68753393765154],[69.17261031578327,66.5482898580617],[69.76729873131062,66.32971533413591],[70.47356704185749,66.23597296353044],[71.2595320076778,66.22281225796404],[71.79433730552937,66.15806158657732],[72.20881179283406,66.17345770474138],[72.55741408775593,66.49599035854997],[73.16545394371296,66.64375647183122],[73.69016555259968,66.86506994839372],[73.9845075936153,67.26336248989763],[74.35252669761921,67.40435370083513],[74.74171737144734,67.68622168179216],[74.66936019371296,68.10174902554216],[74.39512923668171,68.34698828335466],[74.50497725914265,68.59347876187029],[74.91630080650593,68.70638617153826],[75.53720382164265,68.77486761685076],[76.32775405357624,68.77634008999529],[77.03982070396687,68.4637714254445],[77.10788253258015,68.11375006313982],[76.95493606041218,67.65331610317888],[77.09069350670124,67.52774389858904],[77.50477889488484,67.432399355132],[78.08904555748249,67.41131170864763],[78.47786239097859,67.478541933257],[78.53574660728718,67.61183508511247],[77.94601729820515,67.77371557827654],[77.48322585533406,67.802516542632],[77.51418593834187,67.97325476284685],[77.97751906822468,68.14512213345232],[77.63582900474812,68.81619604702654],[77.40597823570515,68.9356189596242],[75.59802535484577,69.21000250454607],[74.90170577476765,69.0810047018117],[74.31795791099812,69.16254004116716],[73.91452315758015,69.15427740688982],[73.65407851646687,69.75646551724138],[73.79099563072468,70.05221136685076],[74.24957564781452,70.5729480611867],[73.69797042320515,71.14139898892107],[73.21685317466999,71.45773657437029],[73.59136489341999,71.7068591939992],[74.13715651939656,71.75452765103044],[74.58655074547077,71.87217291470232],[74.99873641441609,72.13043554897966],[75.11987594078327,72.68748053188982],[75.6173429817989,72.62549170132341],[75.58253768394734,72.17061956997576],[75.29658034752156,71.89686926479997],[75.28428939293171,71.44608648892107],[75.67058852623249,71.1991229879445],[77.00164321373249,71.06264074917497],[77.73619368980671,71.02547796841326],[78.10473159263874,70.84130438442888],[78.60852340172077,70.8499256002492],[78.37160018394734,71.25054510708513],[78.13690474937702,71.3739276754445],[76.86612990806843,71.4490238058156],[76.33285811851765,71.71974524136247],[76.4566984505489,71.86785467739763],[77.07490066002156,71.8923831808156],[77.78991988609577,71.77691229458513],[78.12636855552937,71.84759863491716],[78.08573440025593,72.17527350063982],[78.64725783775593,72.2623782980031],[79.22255996177937,72.2712894308156],[80.33872512291218,72.0076404439992],[80.82826522300984,71.76702459927263],[81.67136672447468,71.57430609341326],[82.49135116050984,71.56809576626482],[82.88012221763874,71.49126776333513],[82.21532729576374,71.20361670132341],[82.04561141441609,70.41893347378435],[82.50152877281452,70.7111316549367],[82.80373671959187,70.81927832241716],[83.07590774009968,70.58175238247576],[83.03633407066609,70.24492987271013],[83.67697432945515,70.46026190396013],[83.6571150154903,70.598170839507],[83.16804793785359,71.18223150845232],[83.56109145591999,71.62442358608904],[83.2024259896114,71.82590826626482],[82.43625930259968,72.0505863058156],[82.32062056968952,72.22227820034685],[80.98231795738484,72.44697912808122],[80.84419539879109,72.58019598599138],[80.8288679451778,73.01351507778826],[80.46401503990437,73.31357916470232],[80.83822921226765,73.55255468960466],[81.87746718834187,73.6022220480031],[83.02044204185749,73.61229284878435],[84.61605361412312,73.74268683071794],[85.0014982552364,73.57619055386247],[85.85619643638874,73.82476385708513],[86.49205306480671,73.8738284933156],[86.75694564293171,73.7865711080617],[86.32635024498249,73.63435705776872],[86.12352279136921,73.4511218893117],[87.1396818489864,73.6040531026906],[87.69079116295124,73.90001257534685],[87.54062179039265,74.09967383022966],[86.97762587974812,74.29900702114763],[86.81353286216999,74.43529089565935],[86.95832351158406,74.78206213589372],[89.28468612144734,75.46612127896013],[90,75.60154303188982],[91.6346769661739,75.65272863979997],[93.59205916832234,75.88084753628435],[94.69433883140827,76.18358191128435],[95.96726516197468,76.1692386495656],[95.9818220467403,75.90201147671404],[97.11641219566609,75.87083014126482],[98.28865340660359,76.05653723354997],[98.71624282310749,76.07403906460466],[99.46723464439656,75.96692236538591],[99.7794294686153,76.05931433315935],[99.77360824058796,76.2853504049367],[99.98323348472859,76.43696936245622],[100.83031753013874,76.45540960903826],[101.38946059654499,76.62499579067888],[101.11151412437702,76.8528552877492],[101.16646102379109,77.0057636129445],[101.6904630989864,77.2025867330617],[103.39330581138874,77.5577884542531],[105.0625105233028,77.5685077535695],[105.46972945640827,77.32931860562029],[104.78229049156452,77.14876898403826],[104.70460799644734,76.92750128384294],[105.52814773033406,76.98001440640154],[106.24293807457234,76.91346319790544],[107.16025832603718,76.94913061733904],[107.07137587974812,76.77097662563982],[106.40403274009968,76.4322772848195],[107.66595748375202,76.44307287808122],[108.24447158287312,76.64641913052263],[109.6564054817989,76.69128759976091],[111.42728713463093,76.56807287808122],[112.0571623177364,76.45135840054216],[112.58854964683796,76.25924261685076],[112.82231429527546,76.0588870870656],[113.53300765465046,76.0936542379445],[113.7230329842403,75.86883886929216],[113.11340621422077,75.49444922085466],[113.62504867027546,75.27267035122576],[112.57712844322468,74.88621100063982],[111.58661941002156,74.73096045132341],[108.33986190269734,73.69124182339372],[107.26554397056843,73.52222784634294],[106.20830825279499,73.25850256558122],[105.2788191170528,72.7515369283742],[106.08698562095906,72.8553958761281],[106.50154403160359,73.06131323452654],[107.80428603599812,73.1427722799367],[109.99058822105671,73.43995245571794],[110.44228652427937,73.56786688442888],[110.17844680259968,73.79822119351091],[110.55127242515827,74.03844793911638],[110.94413283775593,73.94327124233904],[111.21531203697468,73.76829870815935],[111.76165297935749,73.65779455776872],[112.47680190513874,73.65914496060076],[113.22158339927937,73.74810370083513],[113.31173995445515,73.38266333218279],[113.54699233482624,73.20093115444841],[114.1866789192989,73.55099829312029],[114.9341154427364,73.56032141323747],[115.61149123619343,73.62520178433122],[116.67113784263874,73.61922796841326],[117.53464797447468,73.54927404995622],[118.46038344810749,73.51922949429216],[118.33846572349812,73.18611487026872],[118.49779799888874,73.03624304409685],[120.57851699302937,72.83511694546404],[122.24328139732624,72.90912207241716],[122.88243392418171,72.75281103726091],[123.51475051353718,73.17200811978044],[123.40985396812702,73.48077734585466],[124.22215560386921,73.69691046353044],[124.8176603646114,73.658229433257],[125.71732619713093,73.39780005093279],[127.71956160972859,73.4015384542531],[128.4988813729122,73.12594183560076],[128.52492812584188,72.9523425924367],[127.31350234459187,72.71388586636247],[126.2164411873653,72.38231238003435],[126.22529891441609,72.24934729214372],[127.12090590904499,72.21193274136247],[127.41754439781452,72.14218481655779],[128.43249038170126,71.75462683315935],[129.3552046150997,71.1756854879445],[130.17171767662313,70.81534918423357],[130.7792768807247,70.67834051724138],[131.05480483482626,70.68650396938982],[131.41268447349813,70.86376532192888],[132.28361037681844,71.66087683315935],[132.79061416099813,71.59201391812029],[133.1384077400997,71.45321234341326],[134.24135878990438,71.26194342251482],[134.6229048104122,71.30131109829607],[135.51061538170126,71.51182135220232],[136.22661879967,71.51315649624529],[136.76502517174032,71.40578039761247],[137.62967971275594,71.07541998501482],[138.0757856697872,71.24595221157732],[138.11939528892782,71.47020300503435],[138.67487624595907,71.61844977017107],[139.15876296470907,71.41796454067888],[139.74447158287313,71.40359839077654],[139.82569411705282,71.62836035366716],[139.73856643150594,71.83789404507341],[139.84789565513876,72.23560675259294],[139.33877089927938,72.1643558370656],[138.9693403572872,72.2105213033742],[139.31179336021688,72.38319738979997],[140.2150221199825,72.43185003872576],[140.58907607506063,72.49523504849138],[141.29397109459188,72.78707464810076],[142.20023635338094,72.67872198696794],[144.56183913658407,72.45562323208513],[145.5999555916622,72.42622717495622],[144.82036879967,72.14334448452654],[145.66462233970907,72.16052588101091],[145.67818740318563,71.92672308560076],[144.88077834556844,71.72314795132341],[145.10038283775594,71.57618292446794],[145.74624160240438,71.69371374722185],[146.18606093834188,71.84209784146013],[146.91512587974813,72.20190008755388],[148.69796279381063,72.1661868917531],[149.53032973717,72.02736242886247],[149.721980127795,71.89520605679216],[148.71085647056844,71.62939795132341],[149.71541884849813,71.4376483785695],[150.6937055916622,71.34668310757341],[151.11947158287313,71.25476416226091],[151.4799604744747,71.08581122036638],[151.64484694908407,70.89377936001482],[152.1340132088497,70.66443213101091],[153.40442946861532,70.72815283413591],[155.04923537681844,70.9385486471242],[156.04317763756063,70.98655279751482],[157.3964186043575,70.927516542632],[158.4086714119747,70.81418951626482],[159.22921279381063,70.54745062466326],[159.6279096932247,70.21980627651872],[159.44381240318563,69.76456030483904],[159.6729536385372,69.6519275533742],[160.68160537193563,69.57847937222185],[160.67403701256063,69.27026709194841],[160.86234572838094,69.08311804409685],[161.17081740806844,69.15864904995622],[161.41610244224813,69.35423620815935],[161.96099379967,69.52816351528826],[163.03823378990438,69.54520758267107],[163.72240737388876,69.6744876730031],[164.0536909432247,69.66003759976091],[164.318171534045,69.46485479946794],[164.63646987388876,69.41282232876482],[166.30924514244344,69.37832983608904],[166.70035842369344,69.43165930386247],[167.32007888267782,69.65857275601091],[168.09997085045126,69.23150213833513],[168.9860639900997,68.96339758511247],[169.1132154793575,68.784205995757],[169.3886061043575,68.71748694058122],[170.08889296959188,68.77854498501482],[170.83280471275594,68.9219470846242],[170.90487197349813,69.03432043667497],[170.43130019615438,69.55891760464372],[170.05626967857626,69.61091955776872],[170.45170119713094,70.0192142355031],[172.35924819420126,69.9092288839406],[172.90816787193563,69.8347659933156],[173.0082807869747,69.69170721646013],[173.6366529793575,69.76070746060076],[175.61097243736532,69.77942999478044],[176.19217971275594,69.71265753384294],[177.07915786217,69.53360327358904],[178,69.41801379600739],[178,64.54871208123964],[177.42666152427938,64.6067386495656],[177.25146010826376,64.8561054098195],[176.33170607994344,64.77292975063982],[175.89977553795126,64.54742773647966],[176.46778396080282,64.4089847433156],[176.753230127795,64.57114752407732],[177.08159926842,64.51739843960466],[177.08158400963094,64.30297430630388],[177.53472426842,64.08968695278826],[178,64.18971780757752],[178,62.4139247322014],[177.29084304283407,62.48678549404802],[177.19034865806844,62.67001303311052],[176.83198073814657,62.676410280424975],[176.54911330650594,62.3796878683156],[175.17263320396688,61.96908529873552],[174.54230788658407,61.89065512295427],[174.25043776939657,61.71468313809099],[173.92676833580282,61.61596258755388],[173.48090651939657,61.601100527007006],[172.91828444908407,61.278129183012865],[172.49244216392782,61.263324342924975],[172.00008681724813,60.85757406826677],[171.24840835045126,60.65417822476091],[171.07238295982626,60.45214422817888],[170.33680251549032,60.27710302944841],[170.2730512947872,60.01343115444841],[169.87749770592,59.8745609151906],[169.61364272545126,60.01220282192888],[169.45571425865438,60.29626806851091],[169.15412429283407,60.43464239712419],[168.21090224693563,60.432860933501146],[167.1039839119747,60.27102621670427],[166.86841872642782,60.17341574307146],[166.02721694420126,59.70872076626482],[165.94497207115438,59.77061041470232],[166.203425440295,60.35263785000505],[165.77999404381063,60.35411413784685],[165.4153852791622,60.11518820400896],[164.9329634041622,59.96187552090349],[164.8815718025997,59.73413809414568],[164.58460524986532,59.66465338345232],[164.3280592293575,59.96072729702654],[164.1105299324825,60.07820852871599],[163.7668257088497,59.88375815029802],[163.38868239830282,59.81406363125505],[163.0429029793575,59.462001405913256],[163.25451186607626,59.29037436123552],[162.83521560142782,59.055907808501146],[162.9074049324825,58.891280733305834],[162.22001174400594,58.48553045864763],[161.80436232994344,58.1017223226613],[161.79993728111532,57.86273535366716],[161.98922255943563,57.71985205288591],[162.20365432213094,57.67936285610857],[162.8256635994747,57.700980745512865],[163.12783339927938,57.55162390347185],[162.93203261802938,57.37424048062029],[162.59327224205282,57.169540010649584],[162.51240066002157,57.033492647368334],[162.74430373619344,56.59970816250505],[163.09797194908407,56.55972632046404],[163.17226699302938,56.383815370757006],[163.1659956307247,56.106498323637865],[163.00907424400594,55.94406851406755],[162.77128127525594,55.91659506436052],[162.54719069908407,56.10531576748552],[162.72187331627157,56.34234961147966],[162.52181533287313,56.34873541470232],[162.31757644127157,56.24010046597185],[161.86132338951376,55.86087378140154],[161.60943129967,55.55691488857927],[161.502741846545,55.287372194487475],[161.64737990806844,54.985091768462084],[161.93853286217,54.84510000820818],[162.00820449302938,54.73822363491716],[161.87586501549032,54.56412848110857],[161.56661513756063,54.42324026699724],[161.13636306236532,54.40906866665544],[160.682917627795,54.4482799398488],[160.40430739830282,54.36758764858904],[159.93114760826376,54.086356722075365],[159.69506362388876,53.85922583218279],[159.68349746177938,53.579433046538256],[159.9047651619747,53.40018042202654],[159.89686110924032,53.24057730313005],[159.59176162193563,53.133624635893725],[159.31981948326376,53.12647207852068],[158.4613600106075,52.82596167202654],[158.3895063729122,52.2026859151906],[158.25802138756063,52.01712378140154],[157.89777663658407,51.66602285977068],[157.20952895592,51.229003511626146],[156.69637587974813,50.957748018462084],[156.56373122642782,51.234359346587084],[156.36185744713094,51.914237581450365],[156.3332319588497,52.27155645962419],[156.17524245689657,52.60925634976091],[156.03809646080282,52.78148993130388],[155.94184401939657,53.193080507475756],[155.7107954354122,53.80493887539568],[155.70746901939657,54.06495245571794],[155.46520522545126,54.91977270718279],[155.4534712166622,55.27581366177263],[155.62757399986532,56.26791723843279],[155.70299819420126,56.36959799404802],[156.23583510826376,56.756827913481615],[156.55787185142782,56.94747122402849],[156.87765029381063,57.36274298306169],[156.77685073326376,57.58045538540544],[157.5111646981075,57.74545248623552],[158.32625869224813,58.026820741850756],[159.10428908775594,58.424884401518725],[159.39269545982626,58.610351167876146],[159.64911941002157,58.95374640103044],[160.84424880455282,59.554244600493334],[161.53524306724813,59.9416881429738],[161.81792739342,60.2679935323781],[162.38112929771688,60.46357306118669],[163.32929519127157,60.69494970913591],[163.4448042244747,60.89026602383318],[163.7926588387325,61.128192506987475],[163.83137038658407,61.23308905239763],[163.57572463463094,61.330470644194506],[163.94228652427938,61.73741491909685],[164.00829604576376,62.1308971273488],[164.2772016854122,62.22288092251482],[165.28571608970907,62.2881351339406],[165.06716445396688,62.435687624174975],[164.1376753182247,62.532653413969896],[163.34025100181844,62.411300264555834],[162.99024489830282,62.32608374233904],[163.00915053795126,62.17827948208513],[162.71056655357626,61.76318701382341],[162.74877456138876,61.60898550625505],[162.23524001549032,61.5099254476613],[161.53577712486532,61.1868167745656],[160.64498427818563,60.71775396938982],[160.11884597252157,60.563624941069506],[160.00710586021688,60.59125097866716],[160.23559096763876,60.94700964565935],[159.81551650474813,60.98108252163591],[159.7435102791622,61.099635683257006],[160.1493482918575,61.66016729946794],[159.9658003182247,61.765040956694506],[159.45463088463094,61.56075247402849],[159.2310591072872,61.546310030180834],[159.1064253182247,61.70729025479021],[158.84125808189657,61.78396948452654],[157.09798720787313,61.63339956875505],[156.423152002795,61.40100439663591],[156.4184370369747,61.121329866606615],[155.6666822762325,60.778041444975756],[155.73389724205282,60.55536612148943],[155.15180495689657,60.39435156460466],[154.69332412193563,60.199019991118334],[154.3156538338497,59.98334845181169],[153.9429731697872,59.56882818813982],[153.94446853111532,59.39667852993669],[154.18178847740438,59.30077704067888],[154.75280288170126,59.28121908779802],[154.90589431236532,59.102767549712084],[154.38708022545126,59.03995092983904],[153.92443374107626,58.922347627837084],[153.13988784263876,59.010123811919115],[152.82833388756063,58.947738252837084],[152.504206690295,58.76871832485857],[152.19124892662313,58.9259410726613],[151.6906538338497,58.75345953579607],[151.35448745201376,58.691119753081225],[151.00748732994344,58.79334219570818],[151.05617812584188,58.923812471587084],[151.85726455162313,59.055812441069506],[151.52360061119344,59.34394415493669],[151.14020827720907,59.43957098599138],[150.12006667564657,59.3894534933156],[149.72957900474813,59.595328890044115],[149.04528335045126,59.58715399380388],[148.7284498543575,59.476337038237475],[148.74720290611532,59.29743155117693],[148.41608718345907,59.09739264126482],[147.91918471763876,59.261474214751146],[146.99962905357626,59.19095953579607],[146.3073530525997,59.28595312710466],[146.05396560142782,59.25107153530779],[145.9569654793575,58.98285635586443],[145.5127973885372,59.03694876309099],[145.40413955162313,59.32550390835466],[144.84569838951376,59.283195100981615],[144.38981154869344,59.309859834868334],[143.30285170982626,59.2665286886281],[142.84585097740438,59.27252539272966],[142.3577680916622,59.140956484038256],[141.92383864830282,58.94089468594255],[141.59083083580282,58.727531038481615],[141.34955886314657,58.50086554165544],[140.58739760826376,58.239310823637865],[140.0287428231075,57.64412649746599],[139.29383376549032,57.33617743130388],[138.86675551842,57.12446554775896],[138.3459272713497,56.80420645352068],[137.60193923424032,56.240348421294115],[137.22909072349813,55.98272284146013],[136.52126601646688,55.5898929464406],[135.26954177330282,55.02874334927263],[134.98522475670126,54.853934847075365],[134.90200332115438,54.55941732998552],[135.09450820396688,54.432784639555834],[135.72582534263876,54.4072643148488],[136.19642165611532,54.47499807949724],[136.49160293052938,54.4554935323781],[136.34353164146688,53.88782843228044],[136.35065749595907,53.70121344204607],[136.48705581138876,53.65484198208513],[126.43676989997174,54.917240104841824],[118.10962183723511,56.89317354345729],[109.07678326070727,57.59886405724852],[93.97500626557478,56.89317354345729],[85.08330579180519,58.16341646828151],[77.03843393458506,61.974145242754204],[70.6872193104639,62.538697653787196],[61.881311869416805,59.851680200893746],[58.293141299587475,58.42450462459385],[55.465224704696695,58.13594170674786],[54.92163183184503,58.11297299381046]]],[[[56.96043685386921,73.35708960171404],[55.75743392418171,73.57743414517107],[54.66363051841999,73.4719959127492],[54.01755050133015,73.73358496304216],[54.8935766548946,74.06292303677263],[55.88524154136921,74.1048084127492],[55.945574793322336,74.26536139126482],[55.618506464464915,74.41746100063982],[55.96450332115437,74.60336645718279],[56.65202620933796,74.69341620083513],[56.30263808677937,74.87056311245622],[56.994978937609446,75.27312811489763],[57.72869780967976,75.29101141567888],[58.17005828331257,75.5315662252492],[59.01763060997273,75.79893072720232],[60.042971643908274,75.91752203579607],[60.948985132677805,75.96097906704607],[61.302588495714915,76.23785742397966],[61.8187475533321,76.28919561978044],[62.5932951302364,76.16482885952654],[63.67331984947468,76.32630499478044],[65.9260588021114,76.50735815640154],[66.44234755943562,76.82964666958513],[68.45671370933796,76.92682226772966],[68.86719039390827,76.76642187710466],[68.93684676597859,76.60583838101091],[68.57145980308796,76.39442022915544],[67.72246840904499,76.17451819058122],[66.54819014976765,75.97989233608904],[62.66149428795124,75.49864538784685],[61.83259490440632,75.3565173971242],[60.88701919029499,75.24749334927263],[60.333655390246165,75.03255804653826],[60.62335112999226,74.93528326626482],[60.008772882921946,74.67541082974138],[58.85056594322468,74.68941839810076],[58.60250380943562,74.50352057095232],[58.88194564293171,74.39136084194841],[58.19052413414265,74.08507879849138],[57.67119887779499,74.18831213589372],[57.404734644396555,74.05159338589372],[57.79941848228718,73.92428930874529],[57.82281402061726,73.78055151577654],[57.330393824084055,73.48490484829607],[56.96043685386921,73.35708960171404]]]]},"properties":{"name":"Siberians","role":"land"}},{"type":"Feature","geometry":{"type":"Polygon","coordinates":[[[20.99418346540108,44.70007972459091],[21.684909232330213,43.728040190767],[21.4889942875285,42.87907542995954],[20.70533450832162,42.81377044835897],[19.606965097887766,41.76153906460466],[19.143036875231516,41.93209036465349],[18.90989974449421,42.217792116362475],[18.528643640978586,42.35274466152849],[18.001368555529368,42.694457613188646],[17.595679316027415,42.888900362212084],[17.07508758018757,43.22274740811052],[16.99226287315632,43.32271536465349],[16.639813456042063,43.389735780913256],[16.70147612999226,43.84666021938982],[16.865100977066206,44.24473664179024],[17.457542834540394,44.14599633221121],[17.75376376327749,44.39284710615879],[18.938647478225867,44.39284710615879],[19.785081820473508,44.93614220642296],[20.313656921379664,44.90109301699363],[20.70533450832162,44.64230993317502],[20.99418346540108,44.70007972459091]]]},"properties":{"name":"Serbia","role":"land"}},{"type":"Feature","geometry":{"type":"MultiPolygon","coordinates":[[[[24.65642628249336,37.901413077728705],[24.76285743142493,38.003319956303606],[25.27220650131173,37.56472113091166],[25.31781985085383,37.40184103098311],[24.65642628249336,37.901413077728705]]],[[[22.869903425427715,38.83716368115139],[23.014345698977706,38.961408842619434],[23.242412446688213,39.04411813294447],[23.78977264119343,38.71863293758614],[24.131872762759194,38.65335708482884],[24.207895011996026,38.5523591317064],[24.291519486156545,38.19476089687233],[24.588006258180208,38.15292605377605],[24.527188458790736,37.967368965721576],[24.3143261609276,37.98534666287396],[24.02544161382762,38.38569989188942],[23.660534817490806,38.40357465937644],[23.63772814271976,38.52262680680808],[23.120776847909273,38.86676557896794],[22.869903425427715,38.83716368115139]]],[[[13.36769584129597,45.69448813076677],[13.156165155871165,45.72652395840349],[13.104608568651926,45.58238562222185],[12.898650202257883,45.55837210293474],[12.448155436022532,45.394286714751146],[12.279743227465403,45.40228994961443],[12.176189455492747,45.21429022427263],[11.970674173705593,45.43624164177947],[12.144820791307122,45.762766549782334],[12.645492316911515,45.91514484018367],[13.080858860915335,45.98044982178424],[13.36769584129597,45.69448813076677]]],[[[14.174608263476145,45.01038702603044],[13.991256746752512,44.783099733549975],[13.895102533800852,44.759181581694506],[13.672059092028391,45.05035742397966],[13.526890787585032,45.454310976225756],[13.799984011156809,45.566371523100756],[13.995128603323355,45.45800996897966],[13.799213658521637,45.30563167857832],[13.908055294522592,44.979106770575456],[14.174608263476145,45.01038702603044]]],[[[24.69346717308308,34.94047125454607],[24.690066370470774,35.09244116421404],[24.324357065661204,35.207789980132006],[23.56772330711628,35.25498160000505],[23.46688559959675,35.31790503140154],[23.52943900535847,35.569625459868334],[23.879452738268625,35.5524173605031],[24.388283762438547,35.37296637173357],[24.768567118151438,35.4280277120656],[25.013600382311594,35.362479768950365],[25.511635813219797,35.294765077788256],[25.7889738411739,35.13700445767107],[25.93549254844929,35.21303518887224],[26.236044916613352,35.22876318569841],[26.160485300524485,35.024283968169115],[25.89868071983601,35.04525717373552],[24.69346717308308,34.94047125454607]]]]},"properties":{"name":"Venice","role":"land"}},{"type":"Feature","geometry":{"type":"Polygon","coordinates":[[[9.432161364062082,42.79413565273943],[9.405494722826731,42.58059652920427],[9.48671153496052,42.40637930508318],[9.452508959276926,42.048305116850756],[9.357456240160715,41.901210390288256],[9.304538759691965,41.57526739712419],[9.173024210436594,41.349906526762865],[8.726921114428293,41.56056936855974],[8.626926455004465,41.73208960171404],[8.742449793322336,41.88159903164568],[8.51069835136677,42.13412436123552],[8.62842181633259,42.261657320219896],[8.500446352465403,42.3597789632863],[8.609300646288645,42.48734625454607],[9.018427881701243,42.691039644438646],[9.432161364062082,42.79413565273943]]]},"properties":{"name":"Corsica","role":"land"}},{"type":"Feature","geometry":{"type":"Polygon","coordinates":[[[12.697230371935618,43.93475683804216],[13.60087111900593,43.53480490322771],[13.731556925280344,43.37416037197771],[13.791634592516672,43.123344026762865],[14.076401988771629,42.633776395633475],[13.713563181785265,42.3975769787395],[13.414687551088651,42.36436857532876],[13.580729568142324,42.09870134804289],[13.647146374963796,41.799825717346266],[13.863000997133572,41.750013112230164],[13.979230409071146,41.33490806959598],[13.760507236067037,41.20669841656926],[13.498390230639231,41.301864229399584],[12.976777109606516,41.3713756429738],[12.641516718371165,41.53109701748552],[12.394848856432688,41.72954901333513],[11.960132972273152,42.00737273979235],[12.069747212953885,42.297951768507296],[12.053143011248519,42.53041059238244],[12.16937242318609,42.63003580261464],[12.152768221480724,43.0617450469542],[12.219185028302192,43.22778706400788],[12.697230371935618,43.93475683804216]]]},"properties":{"name":"Papal States","role":"land"}},{"type":"Feature","geometry":{"type":"MultiPolygon","coordinates":[[[[13.760507236067037,41.20669841656926],[13.979230409071146,41.33490806959598],[13.863000997133572,41.750013112230164],[13.647146374963796,41.799825717346266],[13.580729568142324,42.09870134804289],[13.414687551088651,42.36436857532876],[13.713563181785265,42.3975769787395],[14.076401988771629,42.633776395633475],[14.519309076769602,42.229701601225756],[14.719955477221262,42.1417613851613],[14.922405275805247,41.97177084561052],[15.448605570299875,41.8567272054738],[16.012843164904368,41.904323183257006],[16.198414835436594,41.74566992397966],[15.873253855211985,41.50214346523943],[15.991044077379954,41.40614279385271],[16.94596389244343,41.09381445522966],[18.033919367296946,40.59665258999529],[18.059941324694407,40.513534151274584],[18.38361266563679,40.30775030728044],[18.522648844225657,40.09413107510271],[18.364918741686594,39.746722780424975],[18.017067942126047,39.947894655424975],[17.96774581383015,40.16689261074724],[17.849604639513743,40.243495546538256],[17.401650461657297,40.29192694302263],[17.08408072899128,40.525111757475756],[16.948712381823313,40.48109015103044],[16.727564844591868,40.18360479946794],[16.532101664049875,39.69751318569841],[17.149069818957102,39.4218021261281],[17.094689402086985,38.915023409087084],[16.797699961169016,38.92585714932146],[16.52220252464558,38.7250247823781],[16.57200149009968,38.457118593413256],[16.330693277819407,38.32074316616716],[16.052943262560618,37.93117483730974],[15.78523734520222,37.9097057210988],[15.627475771410715,38.004211031157396],[15.62657741020466,38.2330814230031],[15.790868792040598,38.29639776821794],[15.933466944201243,38.539916597563646],[15.827300104601633,38.622733675200365],[15.989846262438547,38.73476370449724],[16.21222594688679,38.777953706938646],[16.082562479479563,39.01247366543474],[15.989552530749094,39.42835196133318],[15.824671778185618,39.660628877837084],[15.666200670702707,40.09186133022966],[15.432033571703684,39.988971315581225],[15.027263674242747,40.2121959554738],[14.951005014879954,40.551478944975756],[14.743317636950266,40.70481451626482],[14.494590792162668,40.72996100063982],[14.370310816271555,40.85147055264177],[14.050873789294016,40.76751288052263],[13.941878351671946,40.99803503628435],[13.760507236067037,41.20669841656926]]],[[[14.942398104174387,36.7385631429738],[14.622022661669504,36.776141725737475],[14.215912851794016,37.04932364102068],[13.868404421313059,37.15695150967302],[13.011567148669016,37.524894319731615],[12.636879000170481,37.581500612456225],[12.454147371752512,37.766009889799975],[12.516644510729563,37.91916998501482],[12.782839807970774,38.11737784023943],[13.065952333910715,38.0669322835988],[13.322475466234934,38.220511995512865],[13.627963098986399,38.02980764980974],[13.809530291064036,37.966415010649584],[14.134472879870188,37.97345312710466],[14.765865358813059,38.05761297817888],[15.386741671068918,38.20554693813982],[15.472892794115793,38.11005743618669],[15.181032213671457,37.68228109951677],[15.116248163683665,37.286944948393725],[15.301346811754954,37.0578990804738],[15.027343782885325,36.745116792876146],[14.942398104174387,36.7385631429738]]]]},"properties":{"name":"Sicily","role":"land"}},{"type":"Feature","geometry":{"type":"Polygon","coordinates":[[[18.71199266146571,49.589642100788076],[19.10823697747523,49.59170527823286],[19.13849199618805,49.71272535308413],[19.38053214589059,49.80349040922258],[19.562062258167497,49.71272535308413],[19.562062258167497,49.53119524080722],[19.89486746400849,49.47068520338159],[20.015887538859765,49.80349040922258],[20.34869274470076,49.742980371796946],[20.530222856977666,49.80349040922258],[20.681497950541754,49.652215315658495],[21.13532323123402,49.833745427935405],[21.316853343510925,49.86400044664822],[21.768063558826285,49.74367772256412],[21.770678624203192,49.59170527823286],[24.297108496353133,48.756523774011114],[27.170527686778343,47.97286399480424],[27.42832177808028,47.38362035754267],[27.627662557982354,46.927984289195074],[27.366442631580064,46.340239454789916],[26.517477870772616,45.81779960198533],[23.056313845942245,45.03413982277846],[22.664483956338806,44.64230993317502],[22.337959048335943,44.772919896376166],[22.07673912193365,44.4463949883733],[21.358384324327346,44.772919896376166],[20.99418346540108,44.70007972459091],[20.70533450832162,44.64230993317502],[20.313656921379664,44.90109301699363],[19.785081820473508,44.93614220642296],[18.938647478225867,44.39284710615879],[17.75376376327749,44.39284710615879],[17.457542834540394,44.14599633221121],[16.865100977066206,44.24473664179024],[16.70147612999226,43.84666021938982],[16.639813456042063,43.389735780913256],[16.36674788902546,43.51302298184099],[16.05940726707722,43.43347891445818],[15.91283515404011,43.652247987944506],[15.412318262560618,43.93475683804216],[15.14946845482136,44.239928804594896],[15.285944017870676,44.328918062407396],[14.989106211169016,44.54002722378435],[14.906961473925364,44.72332342739763],[14.945532831652415,44.92658957119646],[14.815391573412668,45.07786902065935],[14.354488405688059,45.32289084072771],[14.526666474793355,45.78300406371435],[14.798469888441076,45.864545087808665],[14.880010912535393,45.48402030870186],[15.423617739830839,45.42965962597231],[15.46982432015095,45.73407944925776],[16.122152512905483,45.581869537615034],[16.209129605272757,45.73407944925776],[16.078663966721848,45.886289360900484],[16.209129605272757,46.147220638002295],[16.448316609282752,46.103732091818664],[16.535293701650023,46.364663368920475],[16.296106697640028,46.40815191510411],[16.513549428558203,46.62559464602229],[16.448316609282752,46.930014469307736],[16.644015067109112,47.299667111868644],[16.55703797474184,47.495365569695004],[16.622270794017293,47.734552573704995],[16.796224978751837,47.843273939164085],[17.407782659459215,47.82152966607227],[17.46214334218876,48.06615273835522],[17.21752026990581,48.06615273835522],[17.190339928541036,48.446677517462035],[17.35342197672967,48.96310400339271],[17.869848462660343,48.80002195520407],[18.11447153494329,48.85438263793362],[18.25037324176715,49.18054673431089],[18.522176655414874,49.561071513417694],[18.71199266146571,49.589642100788076]]]},"properties":{"name":"Hungary","role":"land"}},{"type":"Feature","geometry":{"type":"MultiPolygon","coordinates":[[[[7.397118601305735,43.76409491177263],[6.52301410148884,43.15085180874529],[5.828570398791086,43.02081640835466],[5.434490236742747,43.103656374174975],[5.051816973192942,43.32809790249529],[4.909845861895334,43.366439424712084],[4.646513971789133,43.32086523647966],[4.416764769060862,43.34614523525896],[4.078196081621897,43.487086855132006],[3.807468924029124,43.46722754116716],[3.478712830050242,43.31209524746599],[3.067900213701975,42.944564424712084],[3.039267615416889,42.86919481996821],[2.824998419760575,42.849753178372794],[2.701121711086515,42.73002220618929],[2.272085305434892,42.69006041846055],[1.728236340524384,42.501004432498135],[1.577167183604798,42.64785062076061],[1.307450088961374,42.63517340298357],[0.744199428065073,42.77189215298357],[0.591923627360117,42.6283336507863],[0.179550382597697,42.66251715298357],[-0.165626824544418,42.64883764858904],[-0.409914609687078,42.785567842680834],[1.637846457178183,45.80104282308255],[1.637846457178183,46.03285851209982],[1.29012292365228,46.30331014928663],[0.362860167583204,46.30331014928663],[0.131044478565933,46.03285851209982],[-0.718946381164052,46.03285851209982],[-1.256056633488882,46.30683096523943],[-1.402668443219412,46.40393408413591],[-1.71072646667217,46.448791109282396],[-2.129660335080374,46.85084494229021],[-2.004645553128469,47.04250296230974],[-2.109477606312979,47.124042116362475],[-2.493711915509451,47.24692114468279],[-2.575529757355312,47.32396831567053],[-2.010361521016347,47.745650369834415],[-1.75196905427781,48.17821145459153],[-1.999109269065851,48.67695685862887],[-2.200072136315125,48.598983369783205],[-2.342885461243409,48.67414816470508],[-2.636378016861695,48.55200155825977],[-2.79053541699292,48.58958014102344],[-3.091225352677125,48.87155111880664],[-3.557670083435791,48.810077272371096],[-3.607873406800049,48.692950807527346],[-3.998872962387818,48.73053701968555],[-4.761963334473389,48.55200155825977],[-4.779634442695328,48.35477408049929],[-4.761963334576834,48.552001558501146],[-3.998872962491262,48.73053701992693],[-3.607873406903494,48.692950807768725],[-3.557670083539236,48.810077272612475],[-3.091225352780569,48.87155111904802],[-2.790535417096365,48.58958014126482],[-2.636378016965139,48.552001558501146],[-2.342885461346853,48.67414816494646],[-2.200072136418569,48.598983370024584],[-2.075967636601675,48.65615805264177],[-1.870566812054861,48.71174200649919],[-1.857612696187246,48.60836752529802],[-1.591356840626943,48.6375003683156],[-1.563408580319631,49.036239229399584],[-1.63899978687023,49.21960791226091],[-1.891543593899954,49.526351534087084],[-1.941284146802175,49.70930441494646],[-1.524247136609304,49.652770601469896],[-1.250969496266592,49.6998782980031],[-1.28866049339031,49.52097281094255],[-1.177143421666372,49.33254965420427],[-1.023191001908529,49.39845999355974],[-0.464948442475546,49.351378999907396],[-0.23936493013953,49.285487734038256],[0.032870042426836,49.333705507475756],[0.18937284062649,49.68102606411638],[0.528559717638743,49.82580145474138],[1.27451888035084,50.00430258389177],[1.551989111407053,50.2288089620656],[1.528296861155283,50.57772787686052],[1.588920149309885,50.821883760649584],[1.796177011821849,50.92141446466973],[1.825507855816062,50.24268837050297],[1.986621837110389,50.08157438920864],[2.147735818404716,50.05855810616659],[2.400914931867229,50.196655804418874],[2.677110328371789,50.15062323833478],[2.907273158792256,49.94347669095636],[3.482680234843423,49.92046040791431],[3.82033001120957,50.039445521437685],[4.255215473045926,49.887235609794956],[5.36112920249578,49.69675577751063],[5.90925621463087,49.20085986849826],[5.611623228513521,49.20968406025391],[5.722953906743628,48.95919003423617],[5.876033589310025,49.07052071246628],[6.001280602318896,48.90352469512112],[5.834284584973735,48.77827768211225],[6.015196937097659,48.65303066910338],[5.945615263203843,48.34687130397059],[6.237858293557874,48.29120596485553],[6.251774628336637,47.95721393016521],[5.959531597982606,47.985046599722736],[5.959531597982606,47.80413424759881],[5.820368250194973,47.734552573704995],[5.917782593646315,47.59538922591736],[5.792535580637445,47.51189121724478],[5.667288567628574,47.10831750866064],[5.793872737744618,46.997236946148426],[5.646444113934752,46.84980832233856],[5.645716162473713,46.45672279658608],[5.415587684714501,46.52417768222991],[5.268283473245402,46.31795178617317],[5.53343105388978,46.096995468969524],[5.356666000126862,46.052804205528794],[5.356666000126862,45.87603915176587],[5.60708315962433,45.84657830947206],[5.823360340392609,45.39624171904667],[5.934538658234073,45.3221228404857],[6.218661026051148,45.346829133339355],[6.280426758185294,45.1985913762174],[6.507319483263743,45.115707002837084],[6.665318045122874,44.954520784575365],[6.942603620989573,44.868651949126146],[6.924694094164622,44.715018831450365],[6.782917532427561,44.54787405605974],[6.869778189165842,44.3491702901906],[6.836318347392615,44.11151449065642],[6.996909250941396,44.04974875852227],[6.92279037238042,43.81503897641252],[7.355150497319446,43.90151100140032],[7.397118601305735,43.76409491177263]]],[[[-2.465543475540894,47.49438437075977],[-2.576483931872982,47.324866853759],[-2.465543475735389,47.49438437086202],[-2.465543475540894,47.49438437075977]]],[[[-4.390935388001221,47.94184836001758],[-4.364373650999572,47.82931097623392],[-4.390935388053524,47.94184836004228],[-4.390935388001221,47.94184836001758]]],[[[-4.350984063538331,48.204566560701174],[-4.312866177948731,48.10133322329883],[-4.700306382545573,48.06380423160189],[-4.312866178052175,48.10133322354021],[-4.350984063553778,48.20456656070424],[-4.350984063538331,48.204566560701174]]],[[[-4.350201573761719,48.390506349519534],[-4.58796831595886,48.25149496658296],[-4.350201573972039,48.39050634950665],[-4.350201573761719,48.390506349519534]]]]},"properties":{"name":"France","role":"land"}},{"type":"Feature","geometry":{"type":"Polygon","coordinates":[[[-2.624331441418875,36.811297975737475],[-2.761496749417532,36.69013937588396],[-2.969792333142507,36.741149507719896],[-4.446585622327078,36.72201880093279],[-4.757303681866873,36.48610647793474],[-5.216736283795584,36.4095950948781],[-5.374227490918386,36.2374759542531],[-5.386749711529959,36.109984956938646],[-5.660587277905691,36.00800665493669],[-5.85001417686199,36.071742616850756],[-6.20446106483196,36.282096468169115],[-6.444025006787527,36.62318380947771],[-6.421713319318044,36.7921634542531],[-6.632153954999197,37.02175100918474],[-5.200716368831257,37.53294991479995],[-3.964366027405822,37.45567801846086],[-2.624331441418875,36.811297975737475]]]},"properties":{"name":"Granada","role":"land"}},{"type":"Feature","geometry":{"type":"Polygon","coordinates":[[[-7.491503682629812,37.208156191069506],[-7.351443734662283,37.644435487944506],[-7.242514577405203,37.810897432524584],[-6.844775167004812,38.100211702544115],[-7.028099027173269,38.239581667143725],[-7.393876519696462,38.29498633022966],[-7.317340817944753,38.499625765044115],[-6.933383431927908,38.961349092680834],[-7.430998769299734,39.52051504727068],[-7.084203687207449,39.59907492275896],[-6.878323045270193,39.70239599819841],[-6.884172883527029,40.214034639555834],[-6.824864831464041,40.65656622524919],[-6.857170548932302,40.86157950039568],[-6.796627965466726,41.092826448637865],[-6.241148915784109,41.320479952055834],[-6.139497724072683,41.52643927212419],[-6.518426862256277,41.74909933682146],[-6.70870443870281,41.96004446621599],[-6.859518495099294,41.9849124776906],[-7.098435845868337,41.86795385952654],[-7.918560948865164,41.88916739102068],[-8.157261338727224,42.08703955288591],[-8.806055036084402,41.889178835112475],[-8.860485997693289,42.01453360195818],[-8.64406296302532,42.41974981899919],[-8.941723790662039,42.82419546719255],[-9.24685951759075,42.900775514799975],[-9.270803418652761,43.048690401274584],[-9.013589826123464,43.28085669155779],[-8.849216428296316,43.32624395962419],[-8.310413327710378,43.35304983730974],[-8.22022434760784,43.61720999355974],[-7.979528871075857,43.74005468960466],[-7.636274781720388,43.72141226406755],[-7.15130230476116,43.55494269009294],[-6.807975736157644,43.523421846587084],[-6.467573609845388,43.56272467251482],[-5.979656186597097,43.70537909146013],[-5.820451226727712,43.705688081938646],[-5.537417855756033,43.577453218657396],[-5.224896398083914,43.507247530180834],[-4.802335706250418,43.46944388027849],[-3.847605910794485,43.43916281338396],[-3.417000499264944,43.37565191860857],[-3.007205691830862,43.55027350063982],[-2.768362489239919,43.53787573452654],[-2.367384400861013,43.32624395962419],[-2.142923348755842,43.331471028881836],[-2.139749668076309,43.13575517039523],[-2.555770270080988,43.076323655823124],[-2.674633299225183,42.42257699553006],[-2.199181182648406,42.24428245181377],[-2.080318153504212,42.065987908097476],[-2.3180442117926,42.065987908097476],[-2.258612697220503,41.82826184980909],[-2.130006796834982,41.81657040431949],[-2.149258710407844,41.49306810762246],[-2.301403387712412,41.49306810762246],[-2.301403387712412,41.26485109166561],[-2.035150202429417,41.226814922339464],[-1.921041694450992,40.61823621312119],[-2.301403387712412,40.39001919716434],[-2.301403387712412,40.23787451985977],[-1.997114033103276,40.0857298425552],[-1.997114033103276,39.97162133457678],[-1.806933186472564,39.85751282659835],[-1.997114033103276,39.74340431861992],[-1.997114033103276,39.59125964131536],[-1.806933186472564,39.47715113333693],[-1.806933186472564,39.17286177872779],[-2.035150202429417,39.24893411738008],[-2.035150202429417,38.60231923883566],[-1.806933186472564,38.52624690018338],[-1.806933186472564,38.25999371490038],[-1.654788509167997,38.1839213762481],[-1.654788509167997,37.91766819096511],[-1.883005525124849,37.95570436029125],[-2.035150202429417,37.84159585231282],[-1.921041694450992,37.65141500568211],[-2.149258710407844,37.23301714309455],[-1.940475192563284,36.951598726469896],[-2.23879739333843,36.72839697476091],[-2.355097499387014,36.82405050869646],[-2.624331441418875,36.811297975737475],[-3.964366027405822,37.45567801846086],[-5.200716368831257,37.53294991479995],[-6.632153954999197,37.02175100918474],[-7.227823701398123,37.225856386382006],[-7.491503682629812,37.208156191069506]]]},"properties":{"name":"Castile","role":"land"}},{"type":"Feature","geometry":{"type":"Polygon","coordinates":[[[38.372162177518426,35.14088777601609],[38.03644933743952,34.59718847372219],[37.211895121902344,33.56649570430072],[36.52476660895469,31.161545908983946],[36.593479460249455,29.78728888308865],[37.363535735251304,27.957371649593455],[37.420911989940144,27.834118954335942],[39.07421328931933,25.50213950445042],[40.179837049325016,24.0279744911095],[41.13804430799661,22.406392976434496],[41.81245652795076,21.71258711091823],[41.922550674907015,20.766511713616357],[40.81975844810749,19.68472059841814],[40.69382003258015,19.868707262236498],[40.336348566515696,20.096686922270678],[39.76407912681843,20.40679510708513],[39.526900324328196,20.692212663847826],[39.16673949669148,21.218801103789232],[39.10333922813679,22.0001655447072],[39.1021948189571,22.400445543486498],[38.91509536216999,22.87021406765642],[38.490122827990305,23.612683855254076],[38.329417261584055,23.83471830959978],[37.988421473009836,24.11356123562517],[37.55722335289265,24.27148588772478],[37.201453241808665,24.65831335659685],[37.26854232261921,24.969781480986498],[37.21826842735554,25.166631303984545],[37.00525573204304,25.534686647612475],[36.669295343859446,26.016835771757982],[36.31222442100788,26.42269667263689],[35.831072840197336,27.095153413969896],[35.59481337974812,27.51398619290056],[35.43649581383015,27.72965582485857],[35.111590418322336,28.072061144072435],[34.76388076256062,28.096747957426928],[34.88559249351765,28.357480608183764],[35.025679621203196,28.948632799345873],[35.09547332237507,29.342677675444506],[34.98467925499226,29.46721991177263],[34.76433471153523,29.24668654080095],[34.54894927452351,28.731626115996264],[34.32201293419148,27.828979097563646],[34.24119857261921,27.75892027493181],[34.0580053658321,27.79031332607927],[33.85604384849812,28.024955354887865],[33.50405791710163,28.329183183867357],[33.33074096153523,28.551192842680834],[33.17847350548054,28.995608888823412],[32.94378188560749,29.19842108364763],[32.647959742052805,29.85220106716814],[32.43838027427937,29.775519930083178],[32.318491968615305,29.54019697781267],[32.64934447716023,28.765781007964037],[32.934676203234446,28.37882574673357],[33.35421660850788,27.90954741116228],[33.566939386828196,27.36995085354509],[33.80406478355671,26.93206938381853],[33.928809198839915,26.56382330532732],[34.10422042320515,26.354524217802904],[34.514842066271555,25.573916994292162],[34.99740127037312,24.71719893093767],[35.189864191515696,24.39991911526384],[32.51417897995226,23.73314148844132],[30.818889214610206,23.659433237774273],[29.344724201269287,24.0279744911095],[27.428309683926102,27.197429269792465],[25.438186915915864,28.00822002712997],[21.679066131896533,28.081928277797015],[17.970530295354642,28.61240420414305],[17.957158121569407,30.768363558012865],[18.537213358385813,30.4137454855031],[18.91502669761921,30.204860292632006],[19.1245394081905,30.19894369717302],[19.32281592796589,30.25653990383806],[19.66391471336628,30.441501222807787],[19.981537851794016,30.721730791289232],[20.116768869860422,30.957103334624193],[20.11667922447468,31.07146795864763],[19.992096933825266,31.350774370390795],[19.94158271263386,31.611169420439623],[19.961470636828196,31.795470796782396],[20.068364176256907,32.037135683257006],[20.36572173546101,32.29824026699724],[21.05449775169636,32.630050264555834],[21.673419031603586,32.8155895101613],[22.21598914573933,32.79128988857927],[22.54312613914753,32.722072206694506],[22.922846827013743,32.55765875454607],[23.007332834704172,32.48158987637224],[23.026656183703196,32.25291021938982],[23.153338465197336,32.138812624174975],[23.714034113390696,32.07642325039568],[24.03440383384968,31.937314592558764],[24.81585792015339,31.9071536886281],[24.95152572105671,31.818492494780443],[24.98223784874226,31.647012315947435],[25.258229288561594,31.437919222075365],[25.789500269396555,31.489841066557787],[26.143334421618235,31.490577303130053],[27.088095697863352,31.306726061064623],[27.763331446154368,31.182614885527514],[27.919449839098704,30.99868544216814],[28.517182383044016,30.961799226958178],[28.966422113878977,30.784841142851732],[29.24884704063679,30.753661714751146],[29.683102640612375,31.05317076321306],[30.099139246447336,31.231925569731615],[30.476056131823313,31.31528814907732],[30.995955500109446,31.468850694853685],[31.392270121081125,31.444261156279467],[31.717415842516672,31.38775213833513],[31.808123621447336,31.178281389433764],[32.07651046226765,31.013650499541185],[32.30937865684773,31.084018312651537],[32.59724334190632,30.963901125151537],[32.76873305748249,30.95155295010271],[33.02139190147663,31.132072054106615],[33.12956527183796,31.051686845976732],[33.557601007921946,30.967715822417162],[33.916968378527415,31.070052705962084],[34.19527724693562,31.23814161892595],[34.50065902183796,31.621099077422045],[34.59913543175007,31.817897402007006],[34.758502039416086,32.300719820219896],[34.84289077232624,32.670699678618334],[34.956587824328196,32.704818330962084],[34.97200683067585,32.938407503325365],[35.088973078234446,33.069259248930834],[35.356089624865305,33.63978155728044],[35.49185088585163,33.83082541104021],[35.532080683214915,34.118705354887865],[35.873065027697336,34.422286592680834],[35.7507543892696,34.74680670376482],[35.841380152209055,35.04263266201677],[35.796431574328196,35.270717226225756],[35.60734084556843,35.41754492397966],[35.85594466636921,35.83450277920427],[35.66494658897663,36.133529268462084],[35.8141377527435,36.29849189880415],[38.372162177518426,35.14088777601609]]]},"properties":{"name":"Mamluke Sultanate","role":"other","label":"Мамлюк","labelAt":[30.71,28.45]}},{"type":"Feature","geometry":{"type":"Polygon","coordinates":[[[17.970530295354642,28.61240420414305],[17.001952545304682,28.750951383364868],[12.532702649482994,30.804904526976536],[10.543247828677456,31.571333843188505],[7.892289991693662,32.592604485305216],[6.502893292137678,32.73261356640473],[5.681251390019595,32.815410169955875],[2.453117778055347,32.6686768239575],[-1.081275251404989,32.45392569180193],[-1.802211619772074,32.42724029347477],[-1.610150661961782,33.04845007534685],[-1.681131210820425,33.25781592007341],[-1.66398951102947,34.20505484219255],[-1.738150325314749,34.605094515044115],[-2.076577034489858,34.825675569731615],[-2.192973938481558,35.0542484151906],[-1.738327947156179,35.11883123989763],[-1.495096531407583,35.23390158291521],[-1.32910570193981,35.48890646572771],[-1.146667149560201,35.62936743374529],[-0.917491999165762,35.66803701992693],[-0.428770822183836,35.86006888027849],[-0.282988813416708,35.758475862700365],[-0.091654170946825,35.73976858730974],[0.198671731455576,36.033309541899584],[0.474390897257578,36.22496374722185],[0.781242343886149,36.384852968413256],[1.057602915270579,36.46185644741716],[1.579693111880076,36.51388891812029],[2.29377416084553,36.540824495512865],[2.524363550646555,36.57315024014177],[2.809869083864939,36.71390112515154],[3.070006403429758,36.61885794277849],[3.32383778999592,36.65123327847185],[3.741224560244333,36.83686789150896],[4.394624266131174,36.83819159146013],[5.144465002520334,36.66767843838396],[5.382732424242747,36.67453344937029],[6.04739383171345,36.84155615444841],[6.322870287401926,37.09064825649919],[6.770537409289133,36.862147890288256],[6.923042807085764,36.81784018154802],[7.306981119616282,37.060782991606615],[7.544922861559641,37.04214438076677],[7.91317466209675,36.77524908657732],[8.63670924614216,36.88525732632341],[8.865518602831614,36.96835287686052],[9.150280031664622,37.17287405605974],[9.416118654711497,37.27537878628435],[9.732199701769602,37.2823978292531],[10.021354708178293,37.200133882719896],[10.13273433159138,37.10474737759294],[10.271508249743235,36.7545543539113],[10.392797502978098,36.716571413237475],[10.580582651598704,36.793422304350756],[10.843251261217844,36.99148901577654],[11.039403948290598,36.90904577847185],[10.920062098009836,36.65393789883318],[10.633412394030344,36.42401465054216],[10.509244951708567,36.213553987700365],[10.602607759936106,35.88894613857927],[10.830826792223704,35.679278932768725],[10.988951715929758,35.622298799712084],[11.125108751757395,35.24060782070818],[10.839357408983957,34.80115469570818],[10.574025186999094,34.6481090414113],[10.11642173240925,34.2341686117238],[10.019480738146555,34.081473909575365],[10.148656877978098,33.87839850063982],[10.412600550158274,33.63112600918474],[10.778140100939524,33.47303351040544],[10.956539186938059,33.575057588774584],[11.099118265612375,33.53722723599138],[11.208920511706125,33.25152166958513],[12.117019686205637,32.87850149746599],[12.564756426317942,32.73963888760271],[12.798863443835032,32.73376806851091],[13.187125238878977,32.79175909634294],[13.458779367907297,32.77960928555193],[14.15702346275593,32.67937811489763],[14.43342784355427,32.46390875454607],[14.790810617907297,32.362994753081225],[15.009786638720286,32.3634410726613],[15.24143508384968,32.17330130215349],[15.358129534228098,31.80502279873552],[15.533408197863352,31.551215730864428],[15.843325647814524,31.28500326748552],[16.3183870644405,31.165261827666185],[16.78251937340046,31.128097139555834],[17.42162993858601,30.99598654385271],[17.957158121569407,30.768363558012865],[17.970530295354642,28.61240420414305]]]},"properties":{"name":"Hafsid Caliphate","role":"land"}},{"type":"Feature","geometry":{"type":"MultiPolygon","coordinates":[[[[36.158271407165365,41.35756866982077],[35.40394536476112,41.40063954764726],[34.66194517870546,41.870179278246766],[34.66290954063679,41.87558325405779],[35.001868280871165,42.04316290493669],[35.09883025596882,41.80586203213396],[35.41143706749226,41.626815401274584],[35.67785552452351,41.62093313809099],[35.95779326866413,41.68564566250505],[36.158271407165365,41.35756866982077]]],[[[37.252825769884836,41.02772101040544],[37.821841272814524,41.00963171597185],[38.31396392296101,40.92090185757341],[38.65118316124226,40.921569429594896],[39.13864425133015,41.04431875820818],[39.37017730186726,41.06399878140154],[40.00671294639851,40.95632895107927],[40.36101439903523,40.96344336147966],[40.60989287803913,41.02802618618669],[41.29311660240437,41.28582342739763],[41.48396209190632,41.436542116362475],[40.761755490366085,40.56876775325952],[40.204431744294425,40.35977134848265],[38.81112237911529,40.150774943705784],[37.766140355230945,40.2901058802237],[37.252825769884836,41.02772101040544]]],[[[33.189949907648234,41.952442924618005],[32.8055517060472,41.54912696097376],[31.29716216687851,40.9365051145558],[31.03539139527255,41.048784822196986],[31.217682871325266,41.05409201260271],[31.404126200182688,41.163539491850756],[31.38566688011433,41.28504141445818],[31.66638854454304,41.3948131429738],[32.418982538683665,41.74916800137224],[32.687911066515696,41.845973573882006],[33.189949907648234,41.952442924618005]]]]},"properties":{"name":"Trebizond","role":"land"}},{"type":"Feature","geometry":{"type":"Polygon","coordinates":[[[51.58590224693562,24.003221117216967],[50.85731587293009,23.88040675589211],[48.61717190595118,25.686974471197686],[44.08318025137882,30.33699169344677],[40.0291220249877,34.3910499198379],[38.372162177518426,35.14088777601609],[35.8141377527435,36.29849189880415],[36.09526351402546,36.48246344204607],[36.0824308724239,36.62153204556169],[35.89087584923054,36.77111395474138],[36.78925751864091,37.00062660850955],[36.49442451597273,37.36916786184477],[38.60968854741831,38.36804254336075],[39.14792153998637,38.62220812318456],[41.21175255866366,40.243789637859564],[41.48396209190632,41.436542116362475],[44.454025308090785,42.03174258669762],[45.25983714902755,42.43851801493287],[45.47791961143757,42.54860647793474],[45.80767730186726,42.53797110195818],[45.8608618111446,42.474147402007006],[47.84404281090046,42.621059023100756],[47.969927820666086,42.59408529873552],[48.2217016548946,42.27936895962419],[48.41952422569538,42.09053763027849],[48.50044921348835,41.92868383999529],[48.89249709556843,41.68698462124529],[48.99886992882038,41.51678808804216],[49.24352935264851,41.29340323086443],[49.34990218590046,40.95301016445818],[49.80730346153523,40.58070334072771],[50.190249475939524,40.570067964751146],[50.42426970909382,40.410506807524584],[50.30725768516804,40.32540854092302],[49.913680109484446,40.32540854092302],[49.57328322838093,40.17648657437029],[49.54137328575398,39.87864264126482],[49.403086695177805,39.48506125088396],[49.48818496177937,39.29359015103044],[49.33926299522663,39.282950960356615],[49.179705652697336,39.14466818447771],[49.041419062121165,39.14466818447771],[49.05205825279499,38.9319225179738],[48.824954065783274,38.30957754727068],[48.809187921984446,37.98856695767107],[48.74478057335163,37.727016054350756],[48.837229761584055,37.51097448940935],[49.05953124473835,37.39755972500505],[49.475806269152415,37.291610323149584],[50.038714441759836,37.22470434780779],[50.25221160362507,36.89478644009294],[50.56095412681843,36.686427675444506],[51.41704085777546,36.45569189663591],[51.79552367637898,36.43234976406755],[52.60216430137898,36.57688101406755],[53.139014276964915,36.64352758999529],[53.79965499351765,36.67903860684099],[53.98448852012898,36.781913362700365],[54.06743911216999,36.94152411099138],[53.98521712730671,37.517726503569506],[53.87986281822468,38.025355898100756],[53.937327417834055,38.15944632168474],[53.937327417834055,38.57129629727068],[54.07141784141804,38.89694555874529],[55.6424460095712,40.05030547985856],[56.76865970461873,41.37238242621869],[60.025647028105865,42.361594483468096],[61.10958765728921,41.187325468519475],[62.01287151494199,41.187325468519475],[62.103199900707274,40.37436999663197],[63.729110844482285,39.47108613897919],[64.63239470213507,38.838787438622234],[66.52929080320592,38.1161603525],[66.70994757473647,37.21287649484722],[67.34224627509343,37.21287649484722],[67.8842165896851,36.85156295178611],[69.82627688363858,31.757041994624394],[68.23649729416968,29.37237261042104],[67.74817373612484,28.39449734646444],[66.30008986900593,25.494687639433764],[65.76880172203327,25.309339128691576],[65.21567061851765,25.270059190947435],[64.85119155357624,25.20576437588396],[64.42497542808796,25.173116289336107],[64.23826125572468,25.210826479155443],[64.05922225425984,25.401034914214037],[63.650332483752024,25.336646639067553],[63.40352538536335,25.164601885039232],[62.44957259605671,25.16259916897478],[61.8132658333614,25.053256593901537],[61.34399321983601,25.026860796172045],[60.85827544639851,25.095714174467943],[60.479590448839915,25.29820593472185],[60.29817870567585,25.323236070830248],[59.654585871203196,25.321876131255053],[59.30209258507038,25.340196214873217],[59.03145888756062,25.307866655547045],[58.74442580650593,25.535960756499193],[57.900454554064524,25.540891252715014],[57.805090937121165,25.64833029385271],[57.464880976183665,25.704793535429857],[57.254771265490305,25.793286882597826],[57.24507049034382,26.01846274014177],[57.112402948839915,26.076190553862475],[57.06634047935749,26.307468019682787],[56.93497756431843,26.464543901640795],[56.929087671740305,26.75186689968767],[56.79043105552937,26.97391279812517],[56.43094924400593,27.106566988188646],[55.89973357628132,27.104804598051928],[55.8053198189571,27.005092226225756],[55.42489913414265,26.963107668120287],[55.34008696983601,26.79935225125017],[55.098128351671946,26.73744162197771],[54.92553237388874,26.53802641506853],[54.64605620811726,26.39131888027849],[54.064944300158274,26.70138319607439],[53.63393691490437,26.74793966885271],[53.380679163439524,26.9095893728322],[52.89083388756062,27.05232390042009],[52.41038802574421,27.580957018095873],[51.961550745470774,27.776948534209154],[51.611304316027415,27.82704123135271],[51.350134882433665,28.03613432522478],[50.796755823595774,29.01329382534685],[50.702456507189524,29.133781038481615],[50.704722437365305,29.400607668120287],[50.359839472277415,29.74293478604021],[50.13237288902546,30.06642874355974],[49.71784881065632,30.002053819853685],[49.51097396324421,30.020675264555834],[49.321360620959055,30.102862917143725],[49.235083612902415,30.223380647856615],[49.22222808311726,30.47745855923357],[48.945723566515696,30.387942873198412],[48.80132964561726,30.08272513027849],[48.713843378527415,29.99996145840349],[48.21184829185749,29.948093019682787],[48.028277430041086,29.973121248442553],[47.911360773546946,29.890292726714037],[47.99603179405476,29.490258775908373],[47.84490874717976,29.50315436001482],[47.61403945396687,29.272241197783373],[47.80355742882038,29.184920870024584],[47.99150756309773,29.277490221220873],[48.1290617317989,29.268191896635912],[48.462683710558665,28.385850511748217],[48.58751204918171,28.093883119780443],[48.75173858116413,27.871879183012865],[48.85502150963093,27.522691332060717],[49.13191131065632,27.53597220059099],[49.151927027209055,27.372457109648607],[49.321604761584055,27.161550127226732],[49.532542261584055,27.009526811797045],[49.93138411949421,26.9341255056447],[50.12176421592976,26.737586580473803],[50.09017470787312,26.61149176235857],[49.93417266319538,26.48306807156267],[50.07624724815632,26.311841570097826],[49.93686202476765,25.955783449370287],[50.14689162681843,25.535644136626146],[50.38191894005085,25.461173616606615],[50.429209742052805,25.18402250881853],[50.61889556358601,24.870853029448412],[50.606543573839915,24.68021734829607],[50.77828124473835,24.47092970486345],[50.968333277209055,24.436244569975756],[50.96494582603718,24.712745271880053],[50.89617827842976,24.909551225859545],[50.8473234505489,25.265224062163256],[51.06882766197468,25.945460878569506],[51.21702102134968,26.066470705229662],[51.35766509483601,26.02896078701677],[51.388796839220774,25.887261949736498],[51.50592711876179,25.845275484282396],[51.586672815783274,25.60911902065935],[51.53905394981648,25.420184694487475],[51.55285552452351,25.10153158779802],[51.606150660021555,24.98728712673845],[51.558917078478586,24.815652452666185],[51.287825617296946,24.410777651030443],[51.2914152474239,24.28136786099138],[51.52285293052937,24.160663210112475],[51.58590224693562,24.003221117216967]]]},"properties":{"name":"Ilkhanate","role":"realm","label":"Хүлэгүийн улс","labelAt":[54.88,33.83]}},{"type":"Feature","geometry":{"type":"Polygon","coordinates":[[[45.25983714902755,42.43851801493287],[44.454025308090785,42.03174258669762],[41.48396209190632,41.436542116362475],[41.666113886339915,41.729152284819506],[41.65183547447468,42.1206432210988],[41.502722773058665,42.608478151518725],[41.40974334190632,42.78824194546404],[41.12255385826374,43.019088350493334],[43.54586158676001,42.83470520250434],[45.25983714902755,42.43851801493287]]]},"properties":{"name":"Georgia","role":"land"}},{"type":"Feature","geometry":{"type":"Polygon","coordinates":[[[90,50.07330645934762],[88.38876015840334,50.4008208165779],[85.67890858544497,50.310492430812616],[82.42708669789495,49.587865344690385],[79.17526481034493,49.40720857315983],[70.50373977687818,50.129835659282065],[63.54845407295173,45.25210282795702],[60.025647028105865,42.361594483468096],[56.76865970461873,41.37238242621869],[55.6424460095712,40.05030547985856],[54.07141784141804,38.89694555874529],[54.03310683677937,38.992721162993334],[53.77450469444538,39.1363902914113],[53.58294585655476,39.31837042446794],[53.20941070030476,39.40457113857927],[53.37223342369343,39.51950796719255],[53.544634851916086,39.538661562163256],[53.5159025521114,39.77811010952654],[53.688303980334055,39.979247652251146],[53.362654718859446,39.96009024258318],[53.04658416221882,39.99840124722185],[52.84545043419148,40.18038138027849],[52.82629302452351,40.46771963711443],[52.90291503380085,40.56349905605974],[53.056162867052805,41.05197104092302],[53.257300409777415,40.764632784087084],[53.43927672813679,40.802943788725756],[53.61168197105671,40.74547918911638],[53.7649259896114,40.86999090786638],[53.84155181358601,40.640121065337084],[54.22466567466999,40.72632177944841],[54.45453551719929,40.71674307461443],[54.81849578331257,40.879569612700365],[54.751448664171946,41.13817175503435],[54.16719726036335,41.48297461147966],[54.119307550890696,41.779891573149584],[54.02352813194538,41.85651358242693],[53.98521712730671,42.10553701992693],[53.73619368980671,42.13427313442888],[53.26687529991413,42.086383424956225],[53.06574157188679,42.028915010649584],[52.94122985313679,41.7703128683156],[52.998694452746165,41.68411215420427],[52.931651148302805,41.37762030239763],[52.692202600939524,41.53086432095232],[52.68262389610554,41.693690859038256],[52.55927184532429,41.757838808257006],[52.600745233996165,41.93767889614763],[52.51981643150593,42.072555147368334],[52.672678980334055,42.27936895962419],[52.76259902427937,42.755939089018725],[52.295020136339915,42.87283285732927],[52.0702238411739,42.827872835356615],[51.737525019152415,43.178554140288256],[51.422808680041086,43.16956289883318],[51.458777460558665,43.385367952544115],[51.36885741661335,43.556212984282396],[51.17103484581257,43.7180667745656],[50.95522979210163,44.20362814541521],[50.388743433459055,44.29354818936052],[50.33479217003132,44.56330450649919],[50.54160598228718,44.64423330898943],[50.874304804308665,44.626247011382006],[51.332888636095774,44.482379518706225],[51.57567122886921,44.554313265044115],[51.18902114341999,44.77011831875505],[51.09910109947468,44.87802084561052],[51.34188369224812,45.05785711880388],[51.5127287239864,45.37257345791521],[51.84542754600788,45.43551596279802],[51.99829009483601,45.38156469937029],[52.60973647545124,45.39955099697771],[53.059329065783274,45.33660467739763],[53.059329065783274,45.45349844570818],[52.843524012072336,45.50745352383318],[52.83453277061726,45.64232977505388],[53.149249109728586,45.95704611416521],[53.257151636584055,46.31672247524919],[53.12227538536335,46.49655874844255],[53.284129175646555,46.67639502163591],[53.185217890246165,46.865226350981615],[52.55578521202351,46.98212011929216],[52.37594893883015,46.87421759243669],[52.14215758751179,46.838248811919115],[51.79147628258015,47.009093843657396],[51.36885741661335,47.09002264614763],[51.117083582384836,47.06304510708513],[50.82035354088093,46.91917761440935],[50.63152221153523,46.910182558257006],[50.27184966514851,46.68538626309099],[49.9481420845821,46.559501253325365],[49.53451446007038,46.54151877041521],[49.05794433067585,46.13688238735857],[48.833148035509836,46.082931123930834],[48.30262664268757,45.768214784819506],[47.871016535265696,45.67829855557146],[47.67319777916218,45.75023230190935],[47.65521148155476,45.54341848965349],[47.55630401085163,45.45349844570818],[47.169653925402415,44.860038362700365],[46.87292006920124,44.68019827480974],[46.84594634483601,44.446410738188646],[47.142676386339915,44.33850821133318],[47.33150771568562,44.18564566250505],[47.56529525230671,43.84395559902849],[47.73614028404499,43.861938081938646],[47.57428649376179,43.50226172085466],[47.56529525230671,43.007709108549975],[47.79009154747273,42.85484655972185],[47.84404281090046,42.621059023100756],[45.8608618111446,42.474147402007006],[45.80767730186726,42.53797110195818],[45.47791961143757,42.54860647793474],[45.25983714902755,42.43851801493287],[43.54586158676001,42.83470520250434],[41.12255385826374,43.019088350493334],[40.55709365318562,43.14658697720232],[40.25161651085163,43.26818426724138],[38.92371276329304,44.21186026211443],[38.55609038780476,44.385097109038256],[38.10918334434773,44.493774019438646],[37.880373987658274,44.71894796963396],[37.47389129112507,44.69235952969255],[37.31793883751179,44.92420920010271],[36.95986846397663,45.227355562407396],[37.22774795006062,45.31201895352068],[37.661265406115305,45.345233522612475],[37.70609572838093,45.57840307827654],[37.98994353721882,46.00666006680193],[38.45897963951374,46.07891424771013],[38.2649145455196,46.31855734463396],[37.970171961291086,46.441283785063646],[37.8665991158321,46.65535696621599],[38.40109160850788,46.7213512289113],[38.72273925255085,46.877921663481615],[39.282359156115305,47.07403143521013],[39.159853968127024,47.26889380093279],[37.85925200889851,47.103744112212084],[37.42214492271687,47.07688101406755],[37.19263366173054,46.89442022915544],[36.86455825279499,46.809291444975756],[36.35396865318562,46.77579840298357],[35.85055831383015,46.66439016934099],[35.624331507189524,46.52106054897966],[35.41610244224812,46.494689546782396],[35.21237472008015,46.63714178677263],[35.04636672447468,46.357650362212084],[34.906809839709055,46.27302130337419],[34.06421569298054,46.26487311001482],[33.83908370445515,46.193053804594896],[35.00805190513874,45.61194571133318],[35.063418421252024,45.34009894009294],[35.31667617271687,45.32118185635271],[35.8497648567989,45.4452281820363],[36.323164972765696,45.439696871001146],[36.52104857872273,45.38828619595232],[36.264754328234446,45.09658774014177],[35.865454706652415,45.031119905669115],[35.59955504844929,45.10174139614763],[35.386660608752024,45.08192404385271],[35.06732085655476,44.86172445889177],[34.61416152427937,44.8414684164113],[34.37224105308796,44.75717505093279],[34.01372435997273,44.49212225552263],[33.66015532921101,44.52365835781755],[33.39549544761921,44.600490175444506],[33.55937865684773,44.93613775845232],[33.516673120959055,45.12350805874529],[33.397872004015696,45.25268133755388],[33.013491663439524,45.38137014980974],[32.64344695518757,45.380633913237475],[32.50324157188679,45.44510229702654],[32.902258905871165,45.67258032437029],[33.638838800890696,45.92677267666521],[33.52794555137898,46.13406332607927],[33.33253386925007,46.16611059780779],[32.51644423912312,46.12558325405779],[32.202166590197336,46.17036017056169],[31.925940546496165,46.409930788237475],[32.188792261584055,46.59223898525896],[31.951270136339915,46.86462744351091],[31.78104690025593,46.701861940581225],[31.53773406456257,46.701381288725756],[30.832856211169016,46.576591097075365],[30.52046111534382,46.25140722866716],[30.06882193992878,45.86140020962419],[29.629511866076243,45.750358186919115],[29.500430140002024,45.523368440825365],[29.683211359484446,45.37478979702654],[29.710764917834055,45.25833471890154],[29.06437215319496,45.1647497859796],[28.402156507925586,45.35938606658693],[28.01860651185924,45.3154810971337],[27.82357750278407,44.838224877976735],[28.084797429186366,44.577004951574445],[27.954187465985218,44.250480043571585],[26.45217288917204,44.250480043571585],[25.472598165163447,43.728040190767],[24.623633404356,43.98926011716929],[24.231803514752556,43.79334517236757],[23.513448717146257,44.054565098769864],[22.9257038827411,43.79334517236757],[22.9257038827411,44.18517506197101],[22.468569011537088,44.38109000677273],[22.664483956338806,44.64230993317502],[23.056313845942245,45.03413982277846],[26.517477870772616,45.81779960198533],[27.366442631580064,46.340239454789916],[27.627662557982354,46.927984289195074],[27.42832177808028,47.38362035754267],[29.456202042798395,48.36469388440768],[29.84803193240183,49.278963626815695],[34.680600570844234,48.56060882920939],[37.03157990846486,49.73609849801971],[38.1417645956746,49.60548853481856],[38.27237455887575,50.91158816683002],[38.79481441168033,51.04219813003117],[40.688658878096945,50.97689314843059],[43.62738305012273,52.21768779884148],[43.62738305012273,53.91561732045638],[43.10494319731815,54.69927709966325],[43.62738305012273,54.96049702606554],[45.325312571737626,54.89519204446497],[45.71714246134106,55.287021934068406],[45.58653249813992,57.31147636368617],[45.96480886560179,57.734515685377644],[54.92163183184503,58.11297299381046],[55.465224704696695,58.13594170674786],[58.293141299587475,58.42450462459385],[61.881311869416805,59.851680200893746],[70.6872193104639,62.538697653787196],[77.03843393458506,61.974145242754204],[85.08330579180519,58.16341646828151],[93.97500626557478,56.89317354345729],[90,50.07330645934762]]]},"properties":{"name":"Khanate of the Golden Horde","role":"realm","label":"Зүчийн улс (Алтан Орд)","labelAt":[60.09,52.64]}},{"type":"Feature","geometry":{"type":"Polygon","coordinates":[[[98.62529281090046,3.657878957945726],[98.48999954163126,3.226732608346248],[98.64567350539076,2.759710717067742],[99.68061635208952,1.517779301029223],[99.40104964683796,0.088420264679812],[99.1133146614864,0.22124772544565],[98.99888137291218,0.557795010764025],[98.68911269615437,1.370494567114733],[98.71933272789265,1.47858592148485],[98.60055068443562,1.707089506346605],[98.30258468101765,1.935200058180712],[97.98250106285359,2.112426124770067],[97.59714797447468,2.251384102064989],[97.54329970787312,2.41012033100786],[97.5087004036739,2.740469061095141],[97.42767623375202,2.924561105925463],[97.25448897789265,3.140228115279101],[96.72036269615437,3.704589210707567],[96.39438155601765,3.646694503981493],[96.11843398521687,3.951094471175097],[95.82762435386921,4.223691068846605],[95.5609236092403,4.534462534148119],[95.30815413902546,4.959623895842455],[95.20507338951374,5.245321356017016],[95.19055465172077,5.410494409758471],[95.28316024254109,5.550485693175219],[95.46405318687702,5.569940172392748],[95.74045089195515,5.468877874571703],[96.02468398521687,5.215323530394457],[96.18733504722859,5.145788274962328],[96.75271132896687,5.064410291869066],[97.20378402183796,5.173398100096605],[97.38407424400593,5.180140577513598],[97.5293302864864,5.040668092924975],[97.94281295250202,4.520546041685961],[98.17378524254109,4.381262384611986],[98.14550307701374,4.069854341704271],[98.62529281090046,3.657878957945726]]]},"properties":{"name":"Aceh","role":"land"}},{"type":"Feature","geometry":{"type":"MultiPolygon","coordinates":[[[[110.96831038902546,1.225523196417711],[111.26320936843021,0.789785377395276],[110.6362201540996,0.162796163064666],[110.70588562235857,-0.603523987783856],[111.33287483668917,-1.369844138632381],[110.87904914567312,-2],[109.97285593384497,-2],[109.94090560386921,-1.642648614686109],[109.78280166099812,-1.306190170090773],[109.59978774498249,-1.122298039239027],[109.17891982506062,-0.869010366242506],[109.42858413170124,-0.709605909627058],[109.18953231285359,-0.538537539284803],[109.07335952232624,-0.405348337929823],[109.15776351402546,-0.074725050222256],[108.9990568489864,0.198187835771463],[108.8409757942989,0.331290804106615],[108.87031081627156,0.541057251650713],[108.81431106041218,0.807816826064013],[108.95550063560749,1.259293400008104],[109.14623549888874,1.520239554602526],[109.28236678550984,1.882722817618273],[109.55395797203327,1.800703965384386],[109.72311690758015,1.616803489882372],[109.90182021568562,1.553646527487658],[110.28948501060749,1.516362391669176],[110.81756118248249,1.24426122780504],[110.96831038902546,1.225523196417711]]],[[[99.40104964683796,0.088420264679812],[99.68061635208952,1.517779301029223],[98.64567350539076,2.759710717067742],[98.48999954163126,3.226732608346248],[98.62529281090046,3.657878957945726],[98.96240523765827,3.436213813979052],[99.49126723716999,3.126008592802904],[99.79594710777546,2.980528198439501],[99.85836318443562,2.904411159712694],[99.86316207359577,2.567644678313158],[100.12141707847859,2.542796693999193],[100.45648482750202,2.117784582335375],[100.7319441170528,1.870563827711962],[100.85431960533406,1.877182089049242],[100.83172133873249,2.175784193236254],[101.05975631187702,2.080969177443407],[101.27575210045124,1.719237886626146],[101.47430709312702,1.54809423561754],[101.67528060386921,1.523109518248461],[101.86814406822468,1.434568368155382],[102.0097990364864,1.269662820059679],[102.13589003990437,0.939505957323931],[102.27828505943562,0.742825351912401],[102.47178176353718,0.622509859759234],[103.04658797691609,0.528438948351763],[103.2404890389278,0.458958231169603],[103.46307662437702,0.287862710911654],[103.72215560386921,0.0151834192461],[103.68662551353718,-0.118340797465422],[103.5007429451778,-0.315737046044447],[103.40866378258015,-0.500223256390669],[103.23762038658406,-0.659467495720961],[103.3841886849239,-0.894272543233015],[103.74692824791218,-1.11590985183058],[104.12119582603718,-1.140521563332655],[104.2298918099239,-1.191118038933851],[104.29766372154499,-1.362546600144483],[104.35518935631062,-1.705587424080946],[104.3524275154903,-1.889892257493116],[104.42185620956255,-2],[100.7870964348798,-2],[100.6503019661739,-1.630999959748365],[100.2720060677364,-0.970915175717451],[99.97199538658406,-0.501324929040052],[99.69655135582234,-0.152409575622656],[99.40104964683796,0.088420264679812]]],[[[98.54462722252156,8.2642675268239],[99.72404769371296,9.257984720427416],[99.83726027916218,9.226458154875658],[99.89802077720906,9.067752443510912],[99.86589339683796,8.711874567229174],[100.00934890220906,8.490066133696459],[100.13154128502156,8.532050691801928],[100.20770553062702,8.32504805203142],[100.30192092369343,7.886848531920336],[100.2874861092403,7.772442899901293],[100.34463027427937,7.440459810454271],[100.53962233970906,7.048657499510668],[100.61492446373249,6.978928648192309],[100.97531417320515,6.85263594265642],[101.21749404381062,6.802323423582934],[101.42795852134968,6.828196607787035],[101.55989364097859,6.739531599242113],[101.67956069420124,6.46432503338518],[102.08966353843952,6.143415533263109],[102.32511428306843,6.099444948393725],[102.80228713463093,5.56039150829973],[103.11419204185749,5.148063265044115],[103.34182265709187,4.805444799620531],[103.3785505623653,4.545016847807787],[103.36812118004109,4.182816110808275],[103.30778029869343,3.795101724821947],[103.33925155113484,3.312262617308519],[103.30775741050984,3.026256643492601],[103.35107711265827,2.803951345641039],[103.43956283043171,2.632579170424364],[103.67808822105671,2.410706363875292],[103.83044722984577,2.169566951949022],[104.17563918541218,1.388738475996874],[103.60840133140827,1.444692217070482],[103.42773726890827,1.380763732153795],[102.71689895103718,1.881211601454638],[101.89264205406452,2.336937271315477],[101.43380263756062,2.66636999722185],[101.33639815758015,2.780523143965624],[101.26427749107624,3.225161157805346],[101.06691268394734,3.536084018904589],[100.66430953453327,3.903745018202684],[100.57663253258015,4.202192865569017],[100.60761550377156,4.551729284483812],[100.55932906578327,4.7358890401906],[100.37971785972859,5.02142723675432],[100.22372725914265,5.853456102568529],[100.13910964439656,6.177317224699877],[100.22198775718952,6.520606600005053],[100.15439895103718,6.603053175169848],[99.96908095787312,6.507349573332689],[99.83384231041218,6.538828455168627],[99.6629972786739,6.710008703429125],[99.61080459068562,6.938635431486986],[99.63965133140827,7.0657811986989],[99.57172683189656,7.262594782072924],[99.46808150718952,7.33861645336809],[99.29392531822468,7.319180093962572],[99.02450850914265,7.871374689299486],[98.88945296715046,8.017219148833178],[98.54462722252156,8.2642675268239]]],[[[105.24563366788396,-2],[105.42667678306843,-1.709628261368849],[105.65572646568562,-1.956973589699842],[105.72237685631062,-1.747112430375196],[105.8634367317989,-1.626060642045118],[105.96504943441604,-2],[105.24563366788396,-2]]]]},"properties":{"name":"Srivijaya Empire","role":"land"}},{"type":"Feature","geometry":{"type":"Polygon","coordinates":[[[114.63467687314419,-1.659178846363348],[114.92705365723899,-2],[110.87904914567312,-2],[111.33287483668917,-1.369844138632381],[112.80111307678969,-1.87489223416976],[113.77182332191855,-1.87489223416976],[114.63467687314419,-1.659178846363348]]]},"properties":{"name":"Kediri","role":"land"}},{"type":"Feature","geometry":{"type":"Polygon","coordinates":[[[111.26320936843021,0.789785377395276],[112.4991143338607,2.258176276201075],[113.74162344762564,3.086515685377693],[114.56996285680225,3.500685389966002],[115.32927398188083,3.086515685377693],[116.22664167515549,2.05109142390692],[116.43372652744965,1.360808582926406],[116.01955682286133,0.187327753259529],[114.63467687314419,-1.659178846363348],[113.77182332191855,-1.87489223416976],[112.80111307678969,-1.87489223416976],[111.33287483668917,-1.369844138632381],[110.70588562235857,-0.603523987783856],[110.6362201540996,0.162796163064666],[111.26320936843021,0.789785377395276]]]},"properties":{"name":null,"role":"land"}},{"type":"Feature","geometry":{"type":"MultiPolygon","coordinates":[[[[120.45365410653346,0.384119658456928],[120.43191054771687,0.636000238615892],[120.56230452965046,0.776074849326037],[120.76742843101765,1.138722025114916],[120.99067977379109,1.164634667593859],[121.26308730552937,1.1016778575963],[121.59117415855671,0.860923193652056],[122.18085769127156,0.868553482252977],[122.73288253258015,0.672761403281115],[122.99247268150593,0.774987183768175],[123.8262052864864,0.73866733189287],[124.15023330162312,0.796562575060747],[124.43217757652546,0.956035219389818],[124.52714827965046,1.083333216864489],[124.45688155601765,1.203904830176256],[124.54513839195515,1.331182442862413],[124.7195158333614,1.439590655524157],[124.85249618004109,1.624150954443834],[125.01622298668171,1.541904054839037],[124.98322585533406,1.300364695746325],[124.85741713951374,1.04591306324663],[124.42142775963093,0.479422323662661],[124.23398116539265,0.301086150366686],[123.47180465172077,0.153285958129786],[123.24890426109577,0.184571989137552],[122.98314193199421,0.374633483845614],[122.46555617759968,0.405279241759203],[121.94782546470906,0.378750823695086],[121.55244735191609,0.396952443081759],[121.08506301353718,0.376877628523729],[120.82631972740437,0.414438031870745],[120.45365410653346,0.384119658456928]]],[[[120.27553906425004,-2],[120.10934737633015,-0.985140777867414],[120.40746596763874,-1.175135291855909],[120.50657180259968,-1.448180831711866],[120.6883879036739,-1.536749995987989],[121.05537703941609,-1.548669613640882],[121.16762069175984,-1.427686013024427],[121.46113112877156,-0.988569356244184],[121.77213576744343,-1.095924533646681],[121.99535659263874,-1.114498533051588],[122.1589460701778,-1.012472964566328],[122.73920730064656,-0.877764619629957],[122.85956862877156,-0.744048453610517],[122.98146346519734,-0.718368090432264],[123.19114974449421,-0.806881107133009],[123.25004104088093,-0.902080334466078],[123.21274856041218,-1.232609428208448],[123.00192550133015,-1.112321413796522],[122.75714400718952,-1.093783892434217],[122.59428695152546,-1.227595485489942],[122.41957381675984,-1.463097251694776],[122.22288802574421,-1.654172099869825],[121.7464704842403,-1.852209485810377],[121.65008071373249,-1.998589791100599],[121.26705459068562,-1.935861147683241],[121.25662270244428,-2],[120.27553906425004,-2]]],[[[131.94730421415593,-2],[131.81559279869344,-1.665172256272413],[131.626765284045,-1.595673717301466],[131.0644331307247,-1.539699472230055],[131.18339065025594,-1.405983485024549],[131.21142104576376,-1.024637974541761],[131.41967299888876,-1.011477566998579],[131.83364394615438,-0.826284266751387],[132.2540083260372,-0.52669767264662],[132.59240249107626,-0.570447958748915],[133.26497939537313,-0.861315585415937],[133.4962721199825,-0.937068201344587],[133.90731337974813,-1.006078935902693],[134.14098647545126,-1.501257814210035],[133.98513877325377,-2],[131.94730421415593,-2]]],[[[137.1102615746672,-2],[137.20882705162313,-1.907682098191358],[137.70389846275594,-1.633348025124647],[137.85431960533407,-1.613961375992872],[138.73496595395687,-2],[137.1102615746672,-2]]],[[[127.63065627525593,-0.016971982758619],[127.62749007652546,0.060609206814192],[127.44135573814656,0.536802314478777],[127.52215865562702,0.784808121878527],[127.42350295494343,0.98157276983919],[127.4397306771114,1.127760850150011],[127.5686369271114,1.528372489172838],[127.79976943443562,1.897417865950487],[127.98659804771687,1.57375558491411],[127.96258071373249,1.446609579283617],[127.68892196129109,0.924957894045733],[127.80199721763874,0.715509377676867],[128.04166701744344,0.963846944529436],[128.1022291512325,1.19909270878496],[128.5450239510372,1.447870336729906],[128.63190749595907,1.022326670843981],[128.26258376549032,0.767338298518084],[128.18961623619344,0.627388440329455],[128.64156630943563,0.431374095637224],[128.70582107017782,0.209110223013781],[128.03744033287313,0.366516731936358],[127.90069106529499,0.296321831900499],[127.86469558189656,0.099249944347761],[127.94561294029499,-0.326332218688108],[128.09920791099813,-0.605605162423231],[128.36971572349813,-0.929115451615431],[128.29943374107626,-1.024591006081678],[127.88390639732624,-0.637848056595899],[127.63631728599812,-0.3079381955081],[127.63065627525593,-0.016971982758619]]]]},"properties":{"name":null,"role":"land"}},{"type":"Feature","geometry":{"type":"Polygon","coordinates":[[[97.57322219322468,16.44506987209978],[98.66999851699818,18.397251431507474],[99.84117787222739,20.481864939730535],[100.22794265390873,20.389056301173344],[100.43059829185749,20.226214967924975],[100.43525222252156,20.035752855498217],[101.657367324407,19.661170456991734],[101.64604373227175,17.998714290853265],[104.111285899852,17.998714290853265],[104.93303328904541,17.45088269805765],[105.77697441821945,15.425669848262032],[105.87574433746508,14.46367893449936],[101.80252544454719,13.980415676017579],[100.90870955894734,13.447337709624193],[100.93537294120053,14.0526783846298],[100.64632210675163,14.197203801854247],[100.2127458550783,14.197203801854247],[99.85143231201717,13.908152967405353],[99.9303312630489,13.261001192290209],[100.02316573570515,12.994373880583666],[99.83370498131062,12.523833833891771],[99.89526656578327,12.079245172697924],[99.50129989097859,11.24612673397722],[99.18617537925984,10.489401422697924],[99.07134536216999,9.898278795439623],[99.11865523765827,9.37104185696306],[99.29845717857624,9.16176565762224],[99.72404769371296,9.257984720427416],[98.54462722252156,8.2642675268239],[98.29240706871296,8.155707918364428],[98.19523147056843,8.327052675444506],[98.17717269371296,8.600222192961596],[98.25056746910359,8.937120996672533],[98.63262465904499,10.100653253752611],[98.4316511483028,10.201866708952807],[98.3978605599239,10.563940607268236],[98.60528090904499,10.862991892058275],[98.68356612633015,11.085537515837572],[98.73837569664265,11.43508108730974],[98.86735061119343,11.645017229277514],[98.63706496666218,11.657233797270678],[98.58831313560749,11.82231196041765],[98.67653945396687,12.051212869841478],[98.59676650474812,12.73718126888933],[98.48591903160359,13.111775957304857],[98.1988859505489,13.644810281950853],[97.82298568199421,14.616008363921068],[97.74229720543171,15.009702287871264],[97.6640730233028,15.790937029082201],[97.57322219322468,16.44506987209978]]]},"properties":{"name":"Sukhothai","role":"land"}},{"type":"Feature","geometry":{"type":"Polygon","coordinates":[[[-3.152525153653372,54.838058077055834],[-3.576675858990896,54.924483858305834],[-3.907677379147756,54.78966864224138],[-4.121606317059744,54.762435518462084],[-4.460701909558523,54.86240347500505],[-4.599911656872976,54.68775519009294],[-5.111419168011892,54.79407461758318],[-5.066654172436941,54.94846686001482],[-4.638357129590261,55.42791327114763],[-4.907764401929128,55.663871370512865],[-4.895102468030203,55.77210577603044],[-4.623294320599783,55.90796240444841],[-4.848367181317556,56.097159944731615],[-5.134628739850271,55.89342840786638],[-5.633057561413992,55.93986090298357],[-5.300114598767507,56.42866095181169],[-5.270704236523855,56.544147096831225],[-5.546579804913748,56.65235098477068],[-5.821677175061453,56.400497041899584],[-6.043546166913259,56.47476538296404],[-5.908959832684744,56.73325689907732],[-5.625289407269705,56.99921377773943],[-5.726338830487478,57.25800665493669],[-5.460639920727957,57.38814505215349],[-5.762965646283376,57.619777284819506],[-5.568463769452322,57.777389131743334],[-5.229971375958669,57.7096439230031],[-5.055585351483572,57.75101812954607],[-5.345933404462087,58.09274252529802],[-4.907128301160085,58.168963991362475],[-5.11271473457073,58.39491995449724],[-4.925559487836111,58.566955171782396],[-4.50985189964031,58.40292700405779],[-3.830548015134084,58.50719030972185],[-3.165008988873709,58.522201143462084],[-3.028389659421194,58.405746065337084],[-3.166374650494802,58.27510794277849],[-3.943202701108206,57.958419405180834],[-4.15045568038677,57.83481558438005],[-4.24850460578655,57.63632925625505],[-4.14842554618572,57.55452688809099],[-3.795819249646414,57.541530214507006],[-3.092637029187429,57.577025972563646],[-2.853980508343923,57.543319307524584],[-2.1503629355595,57.571979128081225],[-1.944626775281179,57.4016605245656],[-2.203161802785147,57.064811311919115],[-2.158947673337209,57.0143199789113],[-2.667135921017874,56.471000276762865],[-2.980528798596609,56.35358389492693],[-2.77286025573467,56.1713138448781],[-3.169811215893972,56.06210669155779],[-3.293507066266287,55.9739147054738],[-3.161462274090994,55.84568365688982],[-2.742131438748586,55.95718725796404],[-2.245011058346975,55.810966097075365],[-3.152525153653372,54.838058077055834]]]},"properties":{"name":"Scotland","role":"land"}},{"type":"Feature","geometry":{"type":"MultiPolygon","coordinates":[[[[-0.907353666321981,42.88129767056169],[-1.397272315518606,43.031756960112475],[-1.491382804410208,43.209621034819506],[-1.702391829983938,43.19593771572771],[-1.914577808873403,43.30541571255388],[-1.746070232884634,43.360160433012865],[-1.561407771603811,43.52442511196794],[-1.314379182355154,44.55896338101091],[-1.27551409293865,45.12873037930193],[-1.123440351979482,45.43161734219255],[-1.247395124928701,45.6881481039113],[-1.075199690358389,46.01461752529802],[-1.256056633488882,46.30683096523943],[-0.718946381164052,46.03285851209982],[0.131044478565933,46.03285851209982],[0.362860167583204,46.30331014928663],[1.29012292365228,46.30331014928663],[1.637846457178183,46.03285851209982],[1.637846457178183,45.80104282308255],[-0.409914609687078,42.785567842680834],[-0.611982133881796,42.73087652798357],[-0.907353666321981,42.88129767056169]]],[[[-3.152525153653372,54.838058077055834],[-2.245011058346975,55.810966097075365],[-1.941995468632925,55.55607184048357],[-1.719010558621633,55.45374258633318],[-1.555618610875356,54.92161139126482],[-1.388892021672476,54.680480562407396],[-0.870595899121511,54.5471683370656],[-0.295500931040991,54.033168398100756],[-0.234880952806819,53.79938467617693],[-0.319215585188616,53.57891424771013],[0.081015858156931,53.38622625942888],[0.267848494751703,53.12666281338396],[0.005501198871386,52.786666475493334],[0.326831850512278,52.707477174956225],[0.504670116408121,52.84751089688005],[0.741839024527323,52.90119513149919],[1.375926765902292,52.8092418539113],[1.585714611513865,52.650043092924975],[1.691691669924509,52.311420046049975],[1.511889729006541,52.025756441313646],[1.031286153300059,51.81272085781755],[0.686218056185496,51.56038626309099],[0.254172805054438,51.453597627837084],[1.030067357523691,51.35884817715349],[1.364680680735361,51.352904878813646],[1.334964427454722,51.12069662686052],[0.672568890555155,50.93066748257341],[0.191810223562968,50.73128470059099],[-0.335705709354627,50.81671484585466],[-0.839040127293813,50.721801363188646],[-1.103359904782522,50.81671484585466],[-1.37251218845104,50.7662731039113],[-2.085358706013906,50.70282324429216],[-2.023685899274099,50.57001074429216],[-2.431994643704641,50.64588888760271],[-2.550505128400076,50.57001074429216],[-2.960618939892996,50.721801363188646],[-3.110884395138967,50.65736349697771],[-3.521466937558401,50.617431246001146],[-3.563183036343801,50.361434541899584],[-3.71503612090801,50.21933706875505],[-4.004238095776785,50.31406363125505],[-4.540565457837332,50.35795172329607],[-4.967033830182302,50.212245546538256],[-5.282338586346853,49.963824831206225],[-5.429218259351003,50.06785162563982],[-5.777813401715505,50.13411673184099],[-5.237766232983816,50.34629400845232],[-5.016647305981863,50.56051977749529],[-4.815270391003835,50.60416754360857],[-4.604564633862722,50.778747163969896],[-4.551536527173269,50.997157655913256],[-4.277284589307058,51.06367071743669],[-4.28099390556072,51.18723639126482],[-3.825231519238699,51.2347789632863],[-3.482996192471731,51.181109987456225],[-3.066043344037283,51.17773779507341],[-2.750154700772512,51.644027315337084],[-3.172751632230032,51.46690710659685],[-3.49911757995342,51.459655367094896],[-4.159330811993826,51.67681463833513],[-4.998957601086843,51.70170172329607],[-5.248757806317556,51.860213838774584],[-5.061464276807058,52.006434999663256],[-4.619082894818533,52.09351690884294],[-4.294657674329031,52.20032080288591],[-4.123608317868459,52.37326391812029],[-4.093874898450125,52.745509706694506],[-4.147546020047415,52.83189734097185],[-4.621350255505789,52.8309818136281],[-4.317542043225515,53.09120901699724],[-3.956724610821951,53.20515020962419],[-2.914475408093679,53.267142854887865],[-3.056740966336477,53.51361425991716],[-2.97954126884197,53.820853792387865],[-2.865320411221731,54.02827414150896],[-2.885938134686697,54.168666444975756],[-3.261474338071096,54.14118155117693],[-3.569233384625662,54.41502722378435],[-3.430405822293508,54.64308127041521],[-3.152525153653372,54.838058077055834]]],[[[-6.206393208997,53.95674856777849],[-6.334980454938162,53.78598364468279],[-6.172213521497,53.43919714565935],[-6.043061223523367,52.89308889980974],[-6.23211285163616,52.613334261137865],[-6.405971017377126,52.21443899746599],[-6.893897023694265,52.206649385649584],[-6.961679425732839,52.11120184536638],[-7.75064894248699,52.032706819731615],[-8.565231290356863,51.61545141812029],[-8.847757306592214,51.59982260342302],[-9.243309941785085,51.47262915249529],[-9.819109883801687,51.434554659087084],[-9.835420575635183,51.80326422329607],[-10.216907468335378,51.7583499776906],[-10.294031110303152,51.977626405913256],[-10.497328725354421,52.10165365811052],[-10.469237294690359,52.206649385649584],[-9.890640225903738,52.19443091030779],[-9.735718694226492,52.48028143521013],[-9.192634549634207,52.55445822354021],[-9.134288754956472,52.68089636440935],[-9.615690198437918,52.6366344320363],[-9.441564527051199,52.833278261382006],[-9.525756803052175,52.90455587979021],[-9.15815922309612,53.22069891567888],[-9.616703954236257,53.345878206450365],[-9.884814229504812,53.29739721890154],[-10.159825292126882,53.37412222500505],[-9.809599843518484,53.63241537686052],[-9.872389760510671,53.767718874174975],[-9.696483579175222,53.87342032070818],[-9.912850347058523,53.96955832119646],[-10.17853733588909,53.91187246914568],[-10.159675565259207,54.13307150479021],[-9.89197441627239,54.32558401699724],[-9.474293675915945,54.24130972500505],[-9.322905507580984,54.275069795805834],[-8.590084996716726,54.20284994717302],[-8.686731305615652,54.36411245938005],[-8.300579991833914,54.48934897061052],[-8.211479154126394,54.63391836758318],[-8.503739324109304,54.74964483853044],[-8.34538075019573,55.09528311367693],[-7.756225076215017,55.25272711392107],[-7.497830834882009,55.04973944302263],[-6.996823754803884,55.172023378569506],[-6.645197835461843,55.20642813320818],[-6.018187966840017,55.093001924712084],[-5.784886327283132,54.737418733794115],[-5.799925771252859,54.522887788969896],[-5.661512818829763,54.32224615688982],[-5.912154164807546,54.02737768765154],[-6.206393208997,53.95674856777849]]]]},"properties":{"name":"English territory","role":"land"}},{"type":"Feature","geometry":{"type":"MultiPolygon","coordinates":[[[[27.663288210999713,58.95605697043894],[26.546285625628208,58.66271956910061],[26.458204484654857,59.11780840527421],[25.313149652001265,59.151698987422826],[24.52041938324108,58.708498299585365],[23.948000017243686,59.16888370404382],[24.029559168322336,59.23541601772966],[24.71381286094929,59.351832948882006],[24.75122168968464,59.44846304531755],[25.24829009483601,59.36179693813982],[25.721121820910227,59.45984228726091],[26.343258890612375,59.446647249419115],[26.861901316149485,59.371749483305834],[27.702038797838938,59.297504030424975],[27.663288210999713,58.95605697043894]]],[[[9.302420649035227,57.16584356899919],[9.448685678942454,57.22761496182146],[9.849259409411204,57.581786714751146],[10.390136751635325,57.66059454556169],[10.462837252123606,57.24166067715349],[10.256552729113352,57.005912386137865],[9.503004106982004,56.975062929350756],[9.078547510607493,57.036761842924975],[8.847024950487864,56.98628195400896],[8.778081926806223,56.798480592924975],[8.470928225023997,56.596889101225756],[8.183486971361887,56.798480592924975],[8.358873400194895,57.02273901577654],[8.661300692065012,57.10409887905779],[9.302420649035227,57.16584356899919]]],[[[10.141728434069407,54.33675345059099],[9.674011644324317,54.188685207339546],[9.448683183704123,54.188685207339546],[9.056175542623786,54.34859572777968],[8.884012255175364,54.229449831206225],[8.950601610644114,54.41855581875505],[8.595986399157297,54.761352144438646],[8.645074877245676,55.06904562588396],[8.559559854967844,55.356124483305834],[8.318970713122141,55.48107489224138],[8.034566912157786,55.47591360684099],[8.316974672777903,55.8489147054738],[8.116614374621165,56.09225805874529],[8.183429750902903,56.43146475430193],[8.308830294115793,56.479205690581225],[8.674888643725168,56.357745729643725],[8.868578943712961,56.61611136074724],[9.135852846606028,56.46041830654802],[9.311874422533762,56.481124483305834],[9.370146784289133,56.88226660366716],[9.834623369677317,56.8899417745656],[10.216188463671457,56.84984930630388],[10.313760790331614,56.469474397856615],[10.825824770434153,56.443290315825365],[10.88867572258259,56.36874731655779],[10.750668558581125,56.097282015044115],[10.442480120165598,56.15090139980974],[10.175156626208079,56.07587393398943],[10.14714625786091,55.764892183501146],[10.007120165331614,55.73038824673357],[9.905,55.506],[10.31,55.617],[10.6,55.483],[10.835,55.294],[10.74,55.067],[10.498,55.029],[10.153,55.084],[9.897,55.28],[9.811,55.437],[9.543865236742747,55.35126455898943],[9.421020540697825,54.97648199673357],[9.864443811877024,54.72629126187029],[9.97801021049763,54.49014624233904],[10.141728434069407,54.33675345059099]]],[[[16.063150608488804,56.39623928230259],[15.770541223986399,56.03321035977068],[15.497040781481516,56.16724356289568],[15.220801386339915,56.08036383267107],[14.652893099291575,56.12061651821794],[14.25892547081257,55.89928015347185],[14.126021418078196,55.666583620268725],[14.286350283129465,55.515494905669115],[14.117195162279856,55.34711416836443],[13.823299440844309,55.42181738491716],[13.301851305468332,55.3006969320363],[12.80237201164509,55.35291250820818],[12.985865625841868,55.666583620268725],[12.699014696581614,55.90509756680193],[12.414413485033762,56.243041597563646],[12.652379068835032,56.295531831938646],[12.87157538841511,56.51151617642107],[12.657481226427805,56.610839449126146],[12.526032480700266,56.780395113188646],[12.288620981676829,56.87985571499529],[12.005142244799387,57.32520636196794],[11.876622232897532,57.32520636196794],[12.318003044479639,57.67959385494633],[12.524381827838736,57.3906635582436],[12.730760611197834,57.43193931491542],[12.895863637885112,56.977905991525404],[13.226069691259667,57.101733261540865],[13.432448474618765,56.52387266813539],[14.175412094711515,56.81280296483813],[14.48498026975016,56.68010333591191],[15.426993333232243,56.765740887137554],[16.063150608488804,56.39623928230259]]],[[[12.409100565417063,55.548331819731615],[12.158434900744211,55.37909277554216],[12.429719004137766,55.24469336147966],[11.969614061815989,54.95418509121599],[11.767222437365305,55.17599829312029],[11.285398516161692,55.18856772061052],[11.101924929125559,55.63367041226091],[11.296261820299875,55.67459448452654],[11.567736658556711,55.88477667446794],[11.728052172167551,55.661883913237475],[12.052621874315989,55.70307882900896],[12.087997469408762,55.96697577114763],[12.44404796074177,55.967650972563646],[12.409100565417063,55.548331819731615]]],[[[11.844,54.669],[11.456,54.619],[11.032,54.756],[11.014,54.896],[11.276,54.95],[11.844,54.669]]],[[[14.799,55.282],[15.149,55.129],[15.043,54.995],[14.678,55.102],[14.799,55.282]]],[[[13.677,54.565],[13.508,54.343],[13.25,54.258],[13.118,54.334],[13.225,54.634],[13.677,54.565]]]]},"properties":{"name":"Denmark","role":"land"}},{"type":"Feature","geometry":{"type":"Polygon","coordinates":[[[17.65761283348347,54.6854625570363],[17.746761135398433,54.4325082722837],[17.111405742429262,54.12995808515552],[16.99038566757799,54.19046812258115],[16.687835480449813,54.03919302901707],[16.657580461736995,53.85766291674016],[16.203755181044727,53.70638782317607],[16.41554031203445,53.52485771089917],[16.203755181044727,53.34332759862226],[16.053120673865045,52.71644728729599],[15.843905101217622,52.71029388810048],[15.760173774291564,52.57074167655705],[15.764534780902293,52.265471213805796],[15.956452783028846,52.18343766144564],[15.16730322613318,51.527871295866866],[14.969120658943137,50.976586211891515],[16.37841891451679,50.55877725315797],[16.57660148170683,50.23592695816174],[16.99498690133026,50.39060796045915],[18.47034601263393,49.93922834799766],[18.71199266146571,49.589642100788076],[18.522176655414874,49.561071513417694],[18.25037324176715,49.18054673431089],[18.11447153494329,48.85438263793362],[17.869848462660343,48.80002195520407],[17.35342197672967,48.96310400339271],[17.190339928541036,48.446677517462035],[17.21752026990581,48.06615273835522],[17.46214334218876,48.06615273835522],[17.407782659459215,47.82152966607227],[16.796224978751837,47.843273939164085],[16.622270794017293,47.734552573704995],[16.55703797474184,47.495365569695004],[16.644015067109112,47.299667111868644],[16.448316609282752,46.930014469307736],[16.513549428558203,46.62559464602229],[16.296106697640028,46.40815191510411],[16.535293701650023,46.364663368920475],[16.448316609282752,46.103732091818664],[16.209129605272757,46.147220638002295],[16.078663966721848,45.886289360900484],[16.209129605272757,45.73407944925776],[16.122152512905483,45.581869537615034],[15.46982432015095,45.73407944925776],[15.423617739830839,45.42965962597231],[14.880010912535393,45.48402030870186],[14.798469888441076,45.864545087808665],[14.526666474793355,45.78300406371435],[14.354488405688059,45.32289084072771],[14.174608263476145,45.01038702603044],[13.908055294522592,44.979106770575456],[13.799213658521637,45.30563167857832],[13.995128603323355,45.45800996897966],[13.799984011156809,45.566371523100756],[13.673180613024485,45.71450766201677],[13.36769584129597,45.69448813076677],[13.080858860915335,45.98044982178424],[12.645492316911515,45.91514484018367],[12.144820791307122,45.762766549782334],[11.970674173705593,45.43624164177947],[12.176189455492747,45.21429022427263],[12.523090395434153,44.882751070219896],[12.273584398730051,44.67263754482927],[12.345076593859446,44.30104025479021],[12.697230371935618,43.93475683804216],[12.219185028302192,43.22778706400788],[12.152768221480724,43.0617450469542],[12.16937242318609,42.63003580261464],[12.053143011248519,42.53041059238244],[12.069747212953885,42.297951768507296],[11.960132972273152,42.00737273979235],[11.497365030749094,42.37635382290544],[11.104763063891184,42.54908331509294],[10.742755922777903,42.850509248930834],[10.487745317919504,43.23593863125505],[10.292479547961008,43.705436311919115],[9.909300837023508,44.11047705288591],[9.69193557213093,44.21960028286638],[8.896585497362864,44.437186800200365],[8.671724352343332,44.417403780180834],[8.18636039207722,44.12639959927263],[7.979526552660715,43.96491583462419],[7.552810224993479,43.867450319487475],[7.397118601305735,43.76409491177263],[7.355150497319446,43.90151100140032],[6.92279037238042,43.81503897641252],[6.996909250941396,44.04974875852227],[6.836318347392615,44.11151449065642],[6.869778189165842,44.3491702901906],[6.782917532427561,44.54787405605974],[6.924694094164622,44.715018831450365],[6.942603620989573,44.868651949126146],[6.665318045122874,44.954520784575365],[6.507319483263743,45.115707002837084],[6.280426758185294,45.1985913762174],[6.218661026051148,45.346829133339355],[5.934538658234073,45.3221228404857],[5.823360340392609,45.39624171904667],[5.60708315962433,45.84657830947206],[5.356666000126862,45.87603915176587],[5.356666000126862,46.052804205528794],[5.53343105388978,46.096995468969524],[5.268283473245402,46.31795178617317],[5.415587684714501,46.52417768222991],[5.645716162473713,46.45672279658608],[5.646444113934752,46.84980832233856],[5.793872737744618,46.997236946148426],[5.667288567628574,47.10831750866064],[5.792535580637445,47.51189121724478],[5.917782593646315,47.59538922591736],[5.820368250194973,47.734552573704995],[5.959531597982606,47.80413424759881],[5.959531597982606,47.985046599722736],[6.251774628336637,47.95721393016521],[6.237858293557874,48.29120596485553],[5.945615263203843,48.34687130397059],[6.015196937097659,48.65303066910338],[5.834284584973735,48.77827768211225],[6.001280602318896,48.90352469512112],[5.876033589310025,49.07052071246628],[5.722953906743628,48.95919003423617],[5.611623228513521,49.20968406025391],[5.90925621463087,49.20085986849826],[5.36112920249578,49.69675577751063],[4.255215473045926,49.887235609794956],[3.82033001120957,50.039445521437685],[3.482680234843423,49.92046040791431],[2.907273158792256,49.94347669095636],[2.677110328371789,50.15062323833478],[2.400914931867229,50.196655804418874],[2.147735818404716,50.05855810616659],[1.986621837110389,50.08157438920864],[1.825507855816062,50.24268837050297],[1.796177011821849,50.92141446466973],[2.030328068239939,51.00665625210466],[2.442595991595041,51.04803045864763],[2.995262178881418,51.31347998257341],[3.213605198366892,51.353568636137865],[3.681297096712839,51.32141836758318],[3.74347594688679,51.46045263882341],[3.520320448382151,51.57913550015154],[3.878135714037668,51.79172857876482],[4.264411482317698,52.07089193936052],[4.387240442736399,52.230365358549975],[4.641012701494944,52.75569876309099],[5.008403810961497,52.856193147856615],[5.234628233416331,52.6228519308156],[4.949828180773508,52.277946077544115],[5.473186525805247,52.17660482998552],[5.756913218004954,52.33371695156755],[5.817143949969065,52.521361910063646],[5.611254724962961,52.53150137539568],[5.546892675860178,52.678695284087084],[5.325746092303049,52.79040869351091],[5.389523062212717,53.13857229824724],[5.966306719286692,53.3350101339406],[6.260716471178782,53.321742616850756],[6.750721964342844,53.38986166592302],[6.980709108813059,53.31665762539568],[7.037332090838206,53.51014670010271],[7.165639433367502,53.59167059536638],[7.968539270861399,53.63753470059099],[8.098732981188547,53.443934999663256],[8.428657564623606,53.61204870815935],[8.539542231066477,53.80068167324724],[8.848478350146067,53.749679170805834],[8.778787645800364,54.132403932768725],[8.884012255175364,54.229449831206225],[9.056175542623786,54.34859572777968],[9.448683183704123,54.188685207339546],[9.674011644324317,54.188685207339546],[10.141728434069407,54.33675345059099],[10.340239557726633,54.36231573696794],[10.648594889147532,54.25897558804216],[11.038605722887766,54.313251100737475],[11.015887293322336,54.09665640469255],[10.716716799242747,53.96393164272966],[10.858920130236399,53.87718542690935],[11.151377710802805,53.938415132719896],[11.407822641833079,53.8592906820363],[11.56501964042927,54.035384737212084],[12.041073832018625,54.09665640469255],[12.652518305285227,54.32142599697771],[12.943138155443918,54.346984468657396],[13.063765558703196,54.19368704434099],[13.431016001208079,54.03024633999529],[13.737782511217844,54.03028830166521],[13.780499491198313,53.77517660732927],[14.009740862353098,53.673209749419115],[14.433155092699778,53.59421499844255],[14.56530097435261,53.69359930630388],[14.472936663134348,53.87677725430193],[15.31168940971638,54.071002565581225],[15.898360285265696,54.128402315337084],[16.114680323107493,54.19960745449724],[16.473248514635813,54.41503485317888],[16.975901636584055,54.549308382231615],[17.65761283348347,54.6854625570363]]]},"properties":{"name":"Holy Roman Empire","role":"land"}},{"type":"Feature","geometry":{"type":"Polygon","coordinates":[[[-14,28.676534291348148],[-13.808404046893443,29.04858821187777],[-13.518161140877563,29.42848330171172],[-13.421413505538938,29.090868332331816],[-13.784217138058787,28.87929453021188],[-13.880964773397412,28.19936673357924],[-14,28.171102904495026],[-14,28.676534291348148]]]},"properties":{"name":"Guanches","role":"land"}},{"type":"Feature","geometry":{"type":"MultiPolygon","coordinates":[[[[130.5541334481075,30.969977937895678],[130.6745405525997,31.211490236479662],[130.73246291588094,31.478250108916185],[130.58191970299032,31.528737627226732],[130.47443679283407,31.439628206450365],[130.4043989510372,31.229978166777514],[130.23293593834188,31.026460252959154],[130.06011489342,31.216558061797045],[130.20514968345907,31.426370226103685],[130.21932509849813,31.559724413115404],[130.05887893150594,31.97206266995134],[130.44396499107626,32.28393133755388],[130.49653151939657,32.55701788540544],[130.25739577720907,32.9120365011281],[130.1075239510372,32.930778108794115],[129.84591201256063,32.587421022612475],[129.73372939537313,32.637984834868334],[129.63033584068563,32.86631353970232],[129.4608717293575,32.98657950039568],[129.34337905357626,33.15138968105974],[129.52804091881063,33.297774873930834],[129.8582563729122,33.260367952544115],[130.17615798424032,33.33719977017107],[130.426569971545,33.67417105313005],[130.8594770760372,33.67505987759294],[130.97111037681844,33.50388678188982],[131.28603652427938,33.39026220913591],[131.56875136802938,33.48606451626482],[131.66982558677938,33.308532320219896],[131.4135542244747,33.11121710415544],[131.59562209556844,33.00366552944841],[131.79528335045126,32.80728491421404],[131.8309889168575,32.69308813687029],[131.56299880455282,32.43224676724138],[131.40685561607626,32.08277472134294],[131.31928542564657,31.51120527859392],[131.2106275887325,31.35226973171892],[130.95968154381063,31.193025194365404],[130.74401381920126,30.88783415432634],[130.5541334481075,30.969977937895678]]],[[[137.30964187095907,37.43265112515154],[137.33492568443563,37.27354010220232],[137.0137739510372,37.037353121001146],[136.98302749107626,36.83360632534685],[137.04532912681844,36.668258272368334],[137.1762037606075,36.643066011626146],[137.46403029869344,36.85367926235857],[138.3172407479122,37.20550879116716],[138.69896987388876,37.44820364590349],[138.85615066002157,37.73505743618669],[139.1979322762325,37.92043264980974],[139.43984511802938,38.18843802090349],[139.50393203209188,38.4178844320363],[139.74572280357626,38.679584108549975],[139.89608291099813,38.99850424404802],[140.030085596545,39.48317679043474],[140.0110884041622,39.69351156826677],[139.80463698814657,39.890746675688646],[139.98502639244344,40.11461981411638],[139.91515639732626,40.57495459194841],[140.15972426842,40.72901495571794],[140.3864088387325,40.98550375576677],[140.47280410240438,40.98567923184099],[140.65697768638876,40.72361334438982],[141.15255263756063,40.865417085844896],[141.0766401619747,41.102138124663256],[140.936823877795,41.1146617757863],[140.77450087974813,41.25522574063005],[141.0870161385372,41.44161947842302],[141.43688491295126,41.26935537930193],[141.4671430916622,40.5140872823781],[141.67560866783407,40.316222749907396],[141.99811843345907,39.671989046294115],[141.9985151619747,39.448878847319506],[141.88782790611532,39.12996634121599],[141.5685835213497,38.785209261137865],[141.467097315295,38.58749350186052],[141.496394190295,38.42189749355974],[141.0966596932247,38.26184424038591],[140.95058730552938,38.12141378994646],[140.87221816490438,37.91744955654802],[140.98220351646688,37.26819952603044],[140.96393874595907,36.95626028652849],[140.65560439537313,36.618312441069506],[140.54662612388876,36.287223421294115],[140.55544570396688,35.969142519194506],[140.83425429771688,35.677123628813646],[140.5568647713497,35.5430065023488],[140.39493850181844,35.40912207241716],[140.31661513756063,35.03381689663591],[139.83010390709188,34.835982881743334],[139.78809646080282,34.96284445400896],[140.00289443443563,35.497359834868334],[139.91370681236532,35.55441244717302],[139.68267348717,35.44583090420427],[139.42260268638876,35.165511690337084],[139.20864394615438,35.16507300015154],[139.0529127449825,35.024886690337084],[139.02283767174032,34.68834265347185],[138.86382583092,34.5674320089406],[138.74982741783407,34.649703584868334],[138.75103286217,34.92264898892107],[138.68374160240438,34.99233969326677],[138.45016005943563,34.9029918539113],[138.29520705650594,34.763026796538256],[138.14905837486532,34.5278812276906],[137.75918105552938,34.55247076626482],[137.2482252449825,34.48160894985857],[137.04178908775594,34.72873648281755],[136.73385146568563,34.87408789272966],[136.61693862388876,34.759601198393725],[136.5070600838497,34.51817663784685],[136.89858535240438,34.25873144741716],[136.76687148521688,34.16959723110857],[136.39376357506063,34.11170538540544],[136.19922927330282,34.00339087124529],[135.755671534045,33.34231527920427],[135.0629225106075,33.69002493496599],[134.96924880455282,34.13417013760271],[135.23673537681844,34.35053595181169],[135.31702712486532,34.471313081938646],[135.20571425865438,34.617084108549975],[134.93567946861532,34.54035147305193],[134.42731765220907,34.62817724819841],[134.21349624107626,34.570617281157396],[133.8252973885372,34.385741792876146],[133.58913711021688,34.442374788481615],[132.84772780845907,34.26313360806169],[132.4811811775997,34.12908514614763],[132.3866529793575,34.268539034087084],[132.18348220299032,34.287170015532396],[131.99730971763876,34.09000738735857],[131.99495986412313,33.80434378262224],[131.65487197349813,33.91156347866716],[131.39416030357626,33.93642386074724],[130.89904311607626,33.90366705532732],[130.77932265709188,33.966903291899584],[130.89232924888876,34.24644049282732],[131.33410170982626,34.291774355132006],[131.67228225181844,34.501952730376146],[132.66285232017782,35.38062628384294],[132.980769190295,35.444869600493334],[133.0062055916622,35.254149996001146],[133.8040571541622,35.427482210356615],[134.2235670418575,35.4537731039113],[134.7558393807247,35.531173311430834],[135.15697768638876,35.646468721587084],[135.18804458092,35.443011842924975],[135.35766128013876,35.32253988857927],[135.72710708092,35.45048102017107],[135.928034815295,35.60351904507341],[135.9778852791622,35.97254904385271],[136.18726638267782,36.20200308438005],[136.50152114342,36.46351202603044],[136.66849807213094,36.66749533291521],[136.64042190025594,37.17027624722185],[136.810847315295,37.31068380947771],[137.30964187095907,37.43265112515154]]],[[[132.56757644127157,32.63746603604021],[132.46705153892782,32.75788076992693],[132.34257033775594,33.10677298184099],[132.12111953209188,33.34754904385271],[132.44994643638876,33.51961477871599],[132.78431228111532,33.907523714262865],[132.9686842293575,33.79364355679216],[133.24547866295126,33.80055960293474],[133.46291640709188,33.88352163906755],[133.8056440682247,34.17622336025896],[134.0102339119747,34.189330660063646],[134.15267470787313,34.113456331450365],[134.54041579674032,34.01269873257341],[134.60976699302938,33.898578249174975],[134.51912978599813,33.650817476469896],[133.99859145592,33.14826925869646],[133.72689345787313,33.37623556729021],[133.51652053306844,33.39485128994646],[133.24097732017782,33.299056612212084],[133.1541548104122,33.21636541958513],[132.96967605064657,32.76526220913591],[132.69875625084188,32.54885824795427],[132.56757644127157,32.63746603604021]]]]},"properties":{"name":"Shogun Japan (Kamakura)","role":"other","label":"Япон","labelAt":[137.87,36.55]}},{"type":"Feature","geometry":{"type":"Polygon","coordinates":[[[34.293414148791086,65.39624365444841],[30.603998127121553,64.93804540067741],[27.231594534992126,63.35447998456054],[23.130561750232246,63.78342849447229],[24.09403518150593,64.37656744595232],[24.47009375999714,64.635524355132],[24.931916269762766,64.81603582974138],[25.325089487536204,64.8023944723195],[25.351904901964915,64.93909796353044],[25.132559809191477,65.07594641323747],[25.251507791979563,65.41688879604997],[25.10361197899128,65.54012640591326],[24.59113982628132,65.58278235073747],[24.214800867541086,65.78590735073747],[23.84408286522175,65.79847296353044],[23.20402053306843,65.68075140591326],[22.64555457542683,65.93478735562029],[22.201569590075266,65.71528967495622],[21.957482370836985,65.44573553677263],[21.522328409655344,65.37231024380388],[21.277346643908274,65.21227606411638],[21.489449533922922,65.0171619283742],[20.921193155749094,64.71382483120622],[21.385829004748118,64.38455542202654],[21.04889586876179,64.2191654073781],[20.873273399290948,64.03282247139006],[17.260903495737743,64.20605164855155],[17.731178695897224,64.55875804867117],[17.32975267452702,64.82637539625131],[18.53403073863764,66.43207948173215],[18.40022206484757,67.23493152447254],[18.95870688865925,68.29369696255388],[19.82121375511433,69.36973150845232],[20.157650980456125,69.747829042632],[20.35831740806843,69.71038397427263],[21.102726969225657,69.81769140835466],[21.411963495714915,70.01541479702654],[21.908072504503977,69.80404242153826],[22.306448969347727,70.21561773892107],[22.745574030382883,70.1706043111867],[23.20360663841511,69.9427753316945],[23.50840857933308,70.27907141323747],[23.827288660509836,70.47883947964372],[24.207715067370188,70.47186621304216],[24.570508036120188,70.7413822042531],[25.38903144310261,70.90462835903826],[25.832055124743235,70.89776190396013],[25.23069289634968,70.55818518276872],[25.074080500109446,70.14438208218279],[25.574040445788157,70.3671375143117],[26.262717279894602,70.79074438687029],[26.606516870959055,70.9146228658742],[26.617423090441477,70.39204748745622],[27.131081614001047,70.5770755636281],[27.51601127098347,70.97030981655779],[28.211159739001047,71.01790960903826],[28.308413538439524,70.94864996548357],[27.98529151390339,70.71700628872576],[27.8753996224239,70.42505987759294],[28.289725336535227,70.37221106167497],[28.388907465441477,70.57175024624529],[28.794812235338938,70.864772402007],[28.984337839586985,70.85741003628435],[29.74123099754597,70.60498388882341],[30.46196082542683,70.53725012417497],[30.798840555651438,70.30796393032732],[30.25187972496296,70.13114508267107],[28.730080637438547,70.13592871304216],[29.080019983752024,69.9612308370656],[29.555932077868235,69.8334003316945],[29.72857573936726,69.69756659146013],[30.36129477928425,69.76681097622576],[30.73535827110554,69.75236090298357],[31.053782495959055,69.63959082241716],[32.07601073692585,69.8153568136281],[32.35172561119343,69.51367529507341],[32.59630874107624,69.42361792202654],[33.28056624840046,69.34201391812029],[33.628375086291086,69.21468695278826],[34.93413833091999,69.149440370757],[35.43655303428913,69.15035589810076],[37.24586394737507,68.79349859829607],[37.68857863853718,68.62961157437029],[38.406443628771555,68.24269446011247],[38.66845229576374,68.14634283657732],[39.91807082603718,67.9403797018117],[40.826052698595774,67.66004522915544],[40.973391565783274,67.5343738424367],[41.01687148521687,67.20186194058122],[41.25529769371296,66.93697699185076],[40.83637908409382,66.56139715786638],[40.34514907310749,66.31864508267107],[39.977522882921946,66.20091589565935],[39.19002822349812,66.03870733853044],[38.78211120079304,66.00145300503435],[38.047869715197336,66.0073734151906],[37.42243102501179,66.0938220846242],[35.771746668322336,66.25886877651872],[34.15295318077351,66.62963446255388],[33.43749144981648,66.70173987026872],[32.990950617296946,66.987819277007],[32.64433959434773,67.04610022183122],[32.21943572471882,66.99374731655779],[32.75353911827351,66.64904364224138],[33.469668421252024,66.31309851284685],[34.54369643638874,66.00083502407732],[34.726172480089915,65.79697760220232],[34.60118773887898,65.48392828579607],[34.293414148791086,65.39624365444841]]]},"properties":{"name":"Sámi","role":"land"}},{"type":"Feature","geometry":{"type":"Polygon","coordinates":[[[19.334442,57.955826],[19.1416660000001,57.907776],[19.104721,57.975273],[19.334442,57.955826]]]},"properties":{"name":null,"role":"land"}},{"type":"Feature","geometry":{"type":"Polygon","coordinates":[[[41.5680683582059,10.312571514757199],[41.570925555704534,10.291756102257501],[42.46479282000343,9.507449109701488],[43.49670832934207,9.728573861702625],[44.28083709190632,10.396465860564135],[44.44821074913288,10.428605638701342],[44.84515288780476,10.416754327971361],[45.012576136095774,10.448878847319506],[45.64631560753132,10.761600099760912],[45.909365686877024,10.83206423397722],[46.43031218956257,10.66797789211931],[46.677344355089915,10.700275980193041],[46.929156336291086,10.846961580473803],[47.39071181724812,11.159307085234545],[47.80731872032429,11.096666895110033],[47.996157679064524,11.116128526884935],[48.53374389122273,11.333325945097826],[48.97027495811726,11.232596956450365],[49.3035002083614,11.246025644499682],[49.647234949572336,11.329372011382006],[50.08087066124226,11.47643622036638],[50.69729140709187,11.94795950527849],[50.96874907921101,11.878653131682299],[51.18070510338093,11.777448259550951],[51.24701598594929,11.656864725310228],[51.06053451011921,11.2434573995656],[51.070254358752024,10.989321314055346],[51.12975982139851,10.709877573210619],[51.055666956408274,10.506385408598803],[50.88675979088093,10.277283273894213],[50.852705988390696,9.59732302303972],[50.77938369224812,9.36842020626726],[50.210825952990305,8.350532137114428],[49.83185485313679,7.9938817846364],[49.77715209434773,7.853968225676439],[49.82292464683796,7.695211969572924],[49.42104628990437,6.989027105528734],[49.04607299278523,6.41633804913225],[48.94951537559773,5.990390382964037],[48.791811975939524,5.704107366759203],[48.4715795845821,5.201433740813158],[48.078196558459055,4.666824423033617],[47.63646532348032,4.096041917326509],[46.449290647584505,4.080424596143054],[44.281409389217814,3.357797510020823],[43.41489377502695,2.5147870561347103],[34.405956738036096,2.490461302647428],[33.92968016137751,2.843586349070006],[22.224511080969368,6.196195772852339],[12.604745687300603,7.731968465838291],[6.763964025938454,5.826528050402973],[6.899720429053349,6.127803964515512],[7.365425056537486,6.939555134546751],[7.365425056537486,7.912899567901853],[6.878752839859935,8.642907892918181],[5.337624153714358,8.724019929031105],[4.823392396112526,7.929541061423894],[3.949497255785712,6.579388700682543],[3.718945059283026,6.54711779232683],[3.610964092715033,6.413429819304369],[3.459676537020453,6.381331049162767],[2.616754564745673,6.341382108885668],[2.062096390230902,6.276640497404955],[1.557863506777533,6.237427316862963],[1.17636540840412,6.084084116179369],[0.939379486544379,5.759484850127123],[0.802637848360785,5.71471508618059],[0.536134216292151,5.720493398863695],[0.089773598416098,5.655979238707445],[-0.118851010398618,5.572919450957201],[-0.607789006726495,5.317674719054125],[-1.176074710385553,5.138508402068041],[-1.600233045117609,4.95330675717058],[-2.031221595303766,4.698200784880541],[-2.716545787350885,5.039863668639086],[-2.803544488446466,5.185831152159594],[-3.027103391186944,5.267953001219652],[-3.134569135205499,5.140627466399096],[-3.350640025632135,5.152871690947435],[-3.941593614117853,5.265976034361742],[-4.999971356885187,5.238270841795824],[-5.57543369819378,5.128995500761889],[-6.315529790417902,4.873208128172777],[-7.097943749921075,4.52201374645891],[-7.413408246533624,4.330689035612963],[-7.528605428235284,4.336791597563646],[-8.243275609509698,4.640275560576342],[-8.792475667493097,4.9186864721364],[-9.247899022595636,5.17188414211931],[-9.93726345588421,5.863056265074633],[-10.4371175437138,6.205133043486498],[-10.762624707715265,6.356947027403734],[-11.16827103187298,6.597549520689867],[-11.749388661877862,7.079251848418139],[-12.046761479871027,7.262896143156908],[-12.263942685620538,7.35138853665056],[-12.27409264137005,7.630976759154223],[-12.513051000134698,7.725783907133959],[-12.869152036206476,7.972840391356371],[-13.212491002576105,8.347035967070482],[-12.990156140820734,8.455546938139818],[-12.927251782910577,8.627264581877611],[-13.174346890942804,8.772887788969896],[-13.141406980054132,9.0271488058156],[-13.281672444836847,9.27468355770769],[-13.625553098218194,9.623440347868822],[-13.680051770703546,9.91564520474138],[-14,10.054823612901133],[-14,11.630959834756206],[-6.829072900729209,10.112949384236067],[-3.477042960220825,10.289372012683884],[-1.35997141884711,10.818639898027314],[2.878831280503675,13.20296641641212],[8.26576059714931,12.367349972804174],[10.46185646941483,12.47375118639364],[10.726510310701428,11.291084884233328],[12.354972422515246,11.202738875043536],[14.712640872177422,12.506980996133255],[15.657358111202049,11.30618068591897],[18.627952846500676,10.169490738236744],[20.673287450301128,11.956221643123333],[23.19994183767005,11.775300538947805],[24.074465964367207,11.181973046384048],[30.599761371261398,11.115971520296771],[30.78994394212117,11.203664632661223],[31.26759938121858,10.646399953714242],[31.74525482031599,10.248353754466404],[32.84695298113419,10.104653994359682],[32.34880962465572,9.527647378549165],[33.02152049134584,6.864538013373648],[35.57782178476831,5.527006069275479],[38.605020684873864,6.597308569790442],[38.71774683719798,7.113764700623299],[39.141623426242916,7.113764700623299],[40.200159196929775,8.080253882554778],[40.80503678017941,9.529987655451997],[40.72049988346774,10.115313777249092],[41.52688195216976,10.279881546371954],[41.5680683582059,10.312571514757199]]]},"properties":{"name":"West African cereal farmers","role":"land"}},{"type":"Feature","geometry":{"type":"Polygon","coordinates":[[[-4.810393116556519,31.65003401297147],[-5.030658327829566,35.344443735384985],[-4.592977490918386,35.15118750210466],[-4.027887788312185,35.13323553677263],[-3.440804210202444,35.166278444487475],[-3.009028163449514,35.389979921538256],[-2.829877105252493,35.14205893154802],[-2.714807000653494,35.097743593413256],[-2.192973938481558,35.0542484151906],[-2.076577034489858,34.825675569731615],[-1.738150325314749,34.605094515044115],[-1.66398951102947,34.20505484219255],[-1.681131210820425,33.25781592007341],[-1.610150661961782,33.04845007534685],[-1.802211619772074,32.42724029347477],[-4.810393116556519,31.65003401297147]]]},"properties":{"name":"Abdelouadides","role":"land"}},{"type":"Feature","geometry":{"type":"Polygon","coordinates":[[[12.63987097593244,20.998058678280586],[12.428680673182285,21.00593621376062],[11.986431169180012,20.342561957757212],[11.765306417178873,16.214899920402644],[10.807099158507285,14.593318405727643],[10.070016651836823,14.22477715239241],[10.46185646941483,12.47375118639364],[8.26576059714931,12.367349972804174],[2.878831280503675,13.20296641641212],[4.285552691482803,13.994247210087877],[5.167665833721848,15.052782980774737],[5.344088462169662,17.169854522148455],[4.285552691482803,18.05196766438751],[0.757100122526605,18.757658178178744],[-0.47785827660806,18.757658178178744],[-7.711186042968258,17.875545035939695],[-14,17.720272316634777],[-14,26.365012990896044],[-13.628725018994558,26.591056429106615],[-13.466317143933523,26.813827120024584],[-13.316015210644949,27.163680635649584],[-13.060138669507253,27.67262228604021],[-12.866208997266043,27.857324205595873],[-12.090624776379812,28.024177156645678],[-11.576458898083914,28.228616319853685],[-10.856226888196218,28.751227937895678],[-10.339312520520437,29.14631613369646],[-9.869588819043386,29.642983995634935],[-9.662592854993093,29.95481642361345],[-9.602674451367605,30.183719240385912],[-9.62504383613323,30.406100832182787],[-4.810393116556519,31.65003401297147],[-1.802211619772074,32.42724029347477],[-1.081275251404989,32.45392569180193],[2.453117778055347,32.6686768239575],[5.681251390019595,32.815410169955875],[6.502893292137678,32.73261356640473],[7.892289991693662,32.592604485305216],[10.543247828677456,31.571333843188505],[12.63987097593244,20.998058678280586]]]},"properties":{"name":"Touareg","role":"land"}},{"type":"Feature","geometry":{"type":"Polygon","coordinates":[[[-4.779634442695328,48.35477408049929],[-4.761963334473389,48.55200155825977],[-3.998872962387818,48.73053701968555],[-3.607873406800049,48.692950807527346],[-3.557670083435791,48.810077272371096],[-3.091225352677125,48.87155111880664],[-2.79053541699292,48.58958014102344],[-2.636378016861695,48.55200155825977],[-2.342885461243409,48.67414816470508],[-2.200072136315125,48.598983369783205],[-1.999109269065851,48.67695685862887],[-1.75196905427781,48.17821145459153],[-2.010361521016347,47.745650369834415],[-2.575529757355312,47.32396831567053],[-2.576483931872982,47.324866853759],[-2.465543475540894,47.49438437075977],[-2.465543475735389,47.49438437086202],[-2.613652196320313,47.572249971345705],[-2.842474189194458,47.49190481753711],[-3.062696423920411,47.60393866153125],[-3.711868014725464,47.79814871402149],[-3.954837766083497,47.90433844180469],[-4.364373650999572,47.82931097623392],[-4.390935388001221,47.94184836001758],[-4.390935388053524,47.94184836004228],[-4.700306382545573,48.06380423160189],[-4.312866177948731,48.10133322329883],[-4.350984063538331,48.204566560701174],[-4.350984063553778,48.20456656070424],[-4.58796831595886,48.25149496658296],[-4.350201573761719,48.390506349519534],[-4.350201573972039,48.39050634950665],[-4.779634442695328,48.35477408049929]]]},"properties":{"name":"Britany","role":"land"}},{"type":"Feature","geometry":{"type":"Polygon","coordinates":[[[6.08877995918537,4.328133188444994],[6.763964025938454,5.826528050402973],[12.604745687300603,7.731968465838291],[22.224511080969368,6.196195772852339],[33.92968016137751,2.843586349070006],[34.405956738036096,2.490461302647428],[43.41489377502695,2.5147870561347103],[39.41664348918111,-1.375006425969531],[39.087699502849276,-2],[9.388875918086324,-2],[9.24319079826618,-1.771810568612196],[9.465267214281806,-1.593399680893995],[9.320650133593329,-1.415781296532728],[9.111855539782294,-1.352692641060926],[8.981377634508856,-1.098785198968031],[8.815209421618231,-0.895802534859754],[9.202508005602606,-0.634416438382246],[9.302547487719306,-0.456271923821546],[9.473350557787665,0.116013907153032],[9.883252176745184,0.078766025859736],[9.854229006273993,0.17403309817972],[9.602188143236884,0.332348339516543],[9.350058588488348,0.535152577120684],[9.565582308275946,0.611869775015734],[9.64398482750202,0.955186568457506],[9.622189554674872,1.088586412627123],[9.370391878588446,1.170653425413988],[9.499513658983954,1.380638681609057],[9.700561556322821,1.616188131529711],[9.851344141466864,1.87705787296953],[9.894341501696356,2.137687526900194],[9.800771746142157,2.378959022719286],[9.923090013964423,2.824045501906298],[9.765205416186102,3.382905565459154],[9.585654291613348,3.674833141524218],[9.780175241930731,3.853175722319506],[9.650894197924384,4.018121801573656],[9.2838936180904,4.017317854124926],[9.032190355761298,4.137507520872973],[8.95325282524372,4.283495985228441],[8.874658617480048,4.620119177061937],[8.63722613762165,4.683152281004809],[8.327965769274481,4.841343008238695],[8.262993845446356,4.745887361723803],[8.327561411364325,4.61258467312517],[8.140204462511786,4.466023527342699],[7.449147734148749,4.407335840422533],[7.175744089586981,4.527480684477709],[7.046161207659491,4.508142076689623],[6.844479593737372,4.291642271239184],[6.650170359118231,4.322995744902514],[6.08877995918537,4.328133188444994]]]},"properties":{"name":"Bantu peoples","role":"land"}},{"type":"Feature","geometry":{"type":"Polygon","coordinates":[[[-4.153334,53.225555],[-4.351389,53.124443],[-4.5675,53.273331],[-4.569167,53.388054000000125],[-4.276945,53.398331],[-4.153334,53.225555]]]},"properties":{"name":null,"role":"land"}},{"type":"Feature","geometry":{"type":"Polygon","coordinates":[[[-5.103612,55.438606],[-5.340279,55.47499800000014],[-5.400278,55.600555],[-5.154723,55.673332],[-5.103612,55.438606]]]},"properties":{"name":null,"role":"land"}},{"type":"Feature","geometry":{"type":"Polygon","coordinates":[[[-6.121667,55.878883],[-6.024723,55.68083200000012],[-6.3275,55.589439],[-6.121667,55.878883]]]},"properties":{"name":null,"role":"land"}},{"type":"Feature","geometry":{"type":"Polygon","coordinates":[[[-5.946945,55.829994],[-6.078889,55.905548],[-5.968056,56.023605],[-5.746112,56.06360600000011],[-5.946945,55.829994]]]},"properties":{"name":null,"role":"land"}},{"type":"Feature","geometry":{"type":"Polygon","coordinates":[[[-7.466945,56.940826],[-7.553612,56.966385],[-7.445556,57.05555],[-7.376112,56.978607],[-7.466945,56.940826]]]},"properties":{"name":null,"role":"land"}},{"type":"Feature","geometry":{"type":"Polygon","coordinates":[[[-7.223056,57.337494],[-7.230278,57.09471900000011],[-7.38139,57.108604],[-7.425,57.382217],[-7.223056,57.337494]]]},"properties":{"name":null,"role":"land"}},{"type":"Feature","geometry":{"type":"Polygon","coordinates":[[[-7.268889,57.39888800000011],[-7.388056,57.423882],[-7.351111,57.489441],[-7.204722,57.460831],[-7.268889,57.39888800000011]]]},"properties":{"name":null,"role":"land"}},{"type":"Feature","geometry":{"type":"Polygon","coordinates":[[[-7.188612,57.68721800000014],[-7.15389,57.509438],[-7.476945,57.562492],[-7.188612,57.68721800000014]]]},"properties":{"name":null,"role":"land"}},{"type":"Feature","geometry":{"type":"Polygon","coordinates":[[[-7.00639,57.881386000000134],[-7.073611,57.896111],[-6.993611,57.91861],[-7.00639,57.881386000000134]]]},"properties":{"name":null,"role":"land"}},{"type":"Feature","geometry":{"type":"Polygon","coordinates":[[[-6.802222,58.203049],[-6.873056,58.206383],[-6.854167,58.25],[-6.794445,58.218048],[-6.802222,58.203049]]]},"properties":{"name":null,"role":"land"}},{"type":"Feature","geometry":{"type":"Polygon","coordinates":[[[-6.204167,58.35611],[-6.32389,58.263611],[-6.473889,57.940277],[-6.960834,57.727493],[-6.985001,57.959442],[-7.128056,58.13472],[-7.031945,58.238052],[-6.550279,58.363327],[-6.204167,58.35611]]]},"properties":{"name":null,"role":"land"}},{"type":"Feature","geometry":{"type":"Polygon","coordinates":[[[-2.918334,58.731941],[-3.036945,58.818054],[-2.876667,58.820274],[-2.918334,58.731941]]]},"properties":{"name":null,"role":"land"}},{"type":"Feature","geometry":{"type":"Polygon","coordinates":[[[-3.231389,58.775551],[-3.431111,58.871384],[-3.335556,58.927498],[-3.136389,58.804161],[-3.231389,58.775551]]]},"properties":{"name":null,"role":"land"}},{"type":"Feature","geometry":{"type":"Polygon","coordinates":[[[-2.793056,58.951385],[-3.195,58.91111000000012],[-3.350278,59.109993000000145],[-3.076945,59.121666],[-2.793056,58.951385]]]},"properties":{"name":null,"role":"land"}},{"type":"Feature","geometry":{"type":"Polygon","coordinates":[[[-2.681389,59.195831],[-2.592778,59.29055],[-2.414444,59.313606],[-2.495556,59.244995],[-2.620556,59.236107],[-2.681389,59.195831]]]},"properties":{"name":null,"role":"land"}},{"type":"Feature","geometry":{"type":"Polygon","coordinates":[[[-2.89,59.29527300000012],[-2.971945,59.287216],[-3.003334,59.263611],[-3.048889,59.329163],[-2.89,59.29527300000012]]]},"properties":{"name":null,"role":"land"}},{"type":"Feature","geometry":{"type":"Polygon","coordinates":[[[-1.296111,60.491104],[-1.041389,60.446938],[-1.126111,60.151665],[-1.655,60.226105],[-1.320278,60.356384],[-1.296111,60.491104]]]},"properties":{"name":null,"role":"land"}},{"type":"Feature","geometry":{"type":"Polygon","coordinates":[[[-1.029444,60.495827],[-1.177222,60.63666500000011],[-0.991111,60.719994],[-1.029444,60.495827]]]},"properties":{"name":null,"role":"land"}},{"type":"Feature","geometry":{"type":"Polygon","coordinates":[[[-0.819722,60.68888900000013],[-0.965556,60.688049],[-0.938889,60.79444100000012],[-0.767778,60.82888800000012],[-0.819722,60.68888900000013]]]},"properties":{"name":null,"role":"land"}},{"type":"Feature","geometry":{"type":"Polygon","coordinates":[[[-6.706944,61.937492000000134],[-7.232223,62.172493],[-7.192223,62.3077770000001],[-6.718889,62.02861],[-6.706944,61.937492000000134]]]},"properties":{"name":null,"role":"land"}},{"type":"Feature","geometry":{"type":"Polygon","coordinates":[[[-4.777779,54.05555],[-4.713889,54.214439],[-4.5275,54.367218],[-4.308333,54.300552],[-4.394444,54.186386],[-4.777779,54.05555]]]},"properties":{"name":null,"role":"land"}},{"type":"Feature","geometry":{"type":"Polygon","coordinates":[[[129.715515,28.451107],[129.511932,28.294998],[129.368561,28.116108],[129.157745,28.234993],[129.25665300000014,28.320831],[129.574982,28.461662],[129.715515,28.451107]]]},"properties":{"name":null,"role":"land"}},{"type":"Feature","geometry":{"type":"Polygon","coordinates":[[[129.963013,29.957218000000125],[129.92358400000012,29.983883],[129.94165,30],[129.963013,29.957218000000125]]]},"properties":{"name":null,"role":"land"}},{"type":"Feature","geometry":{"type":"Polygon","coordinates":[[[129.89636200000018,29.87416500000012],[129.923309,29.824997],[129.877167,29.83083],[129.89636200000018,29.87416500000012]]]},"properties":{"name":null,"role":"land"}},{"type":"Feature","geometry":{"type":"Polygon","coordinates":[[[130.906097,30.354717000000107],[130.869415,30.469715],[130.945251,30.683331000000123],[131.074402,30.689163],[130.9696960000001,30.390553],[130.906097,30.354717000000107]]]},"properties":{"name":null,"role":"land"}},{"type":"Feature","geometry":{"type":"Polygon","coordinates":[[[130.558594,30.236382000000106],[130.387207,30.397217],[130.510803,30.458885000000123],[130.671906,30.373329000000126],[130.558594,30.236382000000106]]]},"properties":{"name":null,"role":"land"}},{"type":"Feature","geometry":{"type":"Polygon","coordinates":[[[121.734711,25.138885],[121.999153,25.01083],[121.81694000000016,24.847775],[121.839706,24.476383000000112],[121.60498,24.080551],[121.596367,23.899998],[121.453049,23.327221],[121.355553,23.087498],[121.168053,22.762497],[120.969711,22.568329],[120.878593,22.341385000000116],[120.88247700000011,22.039440000000127],[120.698318,21.945827],[120.674988,22.181938],[120.573036,22.366108],[120.328598,22.519444],[120.163879,22.953606],[120.049149,23.060829],[120.148331,23.327221],[120.11554,23.631386],[120.697746,24.60083],[120.871597,24.73999],[121.00166300000012,25.001663],[121.384987,25.157497],[121.4805530000001,25.271942],[121.610809,25.2575],[121.734711,25.138885]]]},"properties":{"name":null,"role":"land"}},{"type":"Feature","geometry":{"type":"Polygon","coordinates":[[[128.900818,32.643051],[128.610229,32.61166400000013],[128.649414,32.777771],[128.813293,32.792496],[128.900818,32.643051]]]},"properties":{"name":null,"role":"land"}},{"type":"Feature","geometry":{"type":"Polygon","coordinates":[[[123.870819,24.252499],[123.678864,24.316109],[123.767212,24.41444],[123.92192100000011,24.371109],[123.870819,24.252499]]]},"properties":{"name":null,"role":"land"}},{"type":"Feature","geometry":{"type":"Polygon","coordinates":[[[125.356369,24.776665],[125.252213,24.737774],[125.261932,24.878883],[125.356369,24.776665]]]},"properties":{"name":null,"role":"land"}},{"type":"Feature","geometry":{"type":"Polygon","coordinates":[[[124.26165800000012,24.457497],[124.22971300000017,24.338329],[124.121918,24.344997],[124.077766,24.419994],[124.26165800000012,24.457497]]]},"properties":{"name":null,"role":"land"}},{"type":"Feature","geometry":{"type":"Polygon","coordinates":[[[128.252777,26.63888500000013],[127.958878,26.544441],[128.247192,26.839996],[128.252777,26.63888500000013]]]},"properties":{"name":null,"role":"land"}},{"type":"Feature","geometry":{"type":"Polygon","coordinates":[[[126.76193200000012,26.38694],[126.8099820000001,26.346943],[126.781097,26.29833200000013],[126.701927,26.348606],[126.76193200000012,26.38694]]]},"properties":{"name":null,"role":"land"}},{"type":"Feature","geometry":{"type":"Polygon","coordinates":[[[128.95108,27.67582700000014],[128.89721700000018,27.725826],[128.89886500000011,27.89777400000014],[129.029968,27.774441000000138],[128.95108,27.67582700000014]]]},"properties":{"name":null,"role":"land"}},{"type":"Feature","geometry":{"type":"Polygon","coordinates":[[[128.609131,27.358887],[128.52359000000013,27.413609],[128.69635000000017,27.4486050000001],[128.609131,27.358887]]]},"properties":{"name":null,"role":"land"}},{"type":"Feature","geometry":{"type":"Polygon","coordinates":[[[129.992188,28.281666],[129.943024,28.32222],[130.0324710000001,28.35305],[129.992188,28.281666]]]},"properties":{"name":null,"role":"land"}},{"type":"Feature","geometry":{"type":"Polygon","coordinates":[[[129.33609000000013,28.075275],[129.219116,28.097775],[129.223846,28.183605],[129.3402400000001,28.110828],[129.33609000000013,28.075275]]]},"properties":{"name":null,"role":"land"}},{"type":"Feature","geometry":{"type":"Polygon","coordinates":[[[129.733032,29.609718],[129.70968600000015,29.651661],[129.75332600000013,29.64777400000014],[129.733032,29.609718]]]},"properties":{"name":null,"role":"land"}},{"type":"Feature","geometry":{"type":"MultiPolygon","coordinates":[[[[27.231594534992126,63.35447998456054],[28.665709168978292,62.20874538664886],[29.68729690025593,60.131000124174975],[28.96897986839558,60.10878714199724],[28.56939795921589,60.19842108364763],[28.435231241686594,60.33733709927263],[28.521508249743235,60.62326391812029],[27.47361854027058,60.426078401762865],[27.17848113487507,60.44239386196794],[26.92230895469929,60.31612356777849],[26.613076242907297,60.347831331450365],[26.32271293113972,60.27024038906755],[25.580544504626047,60.26233633633318],[25.449894937975657,60.13839682217302],[24.96947005699421,60.08683355923357],[24.28135779808308,59.9381481039113],[23.664656671984446,59.83555182095232],[23.201441797716868,59.81845816250505],[22.882000956042063,60.05556448574724],[23.005200418932688,60.208758913237475],[22.624615702135813,60.201102815825365],[22.220654520495188,60.25876959438982],[21.560151133044016,60.51248510952654],[21.44317725609089,60.693648897368334],[21.427256617052805,61.01509817715349],[21.561005625231516,61.48492010708513],[21.211199793322336,61.87091406460466],[21.346440348131907,62.167132936674975],[21.337555918200266,62.34360464688005],[21.033728632433665,62.47729834194841],[21.194806131823313,62.76068457241716],[21.481284174425852,62.888812624174975],[21.4946565956905,63.123031221587084],[21.66647818992878,63.1873050558156],[22.075043711169016,63.1028209554738],[22.29235747764851,63.20269354458513],[22.47583106468464,63.601615511137865],[22.825530085070383,63.58087881680193],[23.130561750232246,63.78342849447229],[27.231594534992126,63.35447998456054]]],[[[16.063150608488804,56.39623928230259],[15.426993333232243,56.765740887137554],[14.48498026975016,56.68010333591191],[14.175412094711515,56.81280296483813],[13.432448474618765,56.52387266813539],[13.226069691259667,57.101733261540865],[12.895863637885112,56.977905991525404],[12.730760611197834,57.43193931491542],[12.524381827838736,57.3906635582436],[12.318003044479639,57.67959385494633],[11.876622232897532,57.32520636196794],[11.881114038927805,57.508964143950365],[11.736376187990079,57.69820870971917],[12.487895457193446,58.56291949268917],[12.422772440417063,60.03877981777849],[12.435860666735422,60.27809866543474],[12.547958406908762,60.43387182827654],[12.17403891990925,60.956405245024584],[12.5973816246822,61.02862127896013],[12.791736635668528,61.329948030669115],[13.154899574856213,62.024227120754574],[15.049652873144248,63.52575508701183],[16.66070930557667,63.75590600593075],[17.260903495737743,64.20605164855155],[20.873273399290948,64.03282247139006],[20.700659784777415,63.81812628384294],[19.67027572105671,63.388541780669115],[19.31822493980671,63.44482763882341],[19.07592681358601,63.202498995024584],[18.784991297228586,63.13801153774919],[18.486624750597727,62.98124273892107],[18.303191217882883,62.78942450161638],[17.868168863756907,62.788619600493334],[17.936255487902415,62.54800375576677],[17.71811202476765,62.356734834868334],[17.290240320666086,62.4407230245656],[17.49677184532429,62.088100038725756],[17.386973413927805,61.65843542690935],[17.065176996691477,61.5383792745656],[17.146208796007883,60.95282705898943],[17.31762793968464,60.753070436674975],[17.70645621727253,60.553580843169115],[17.930748972399485,60.59030874844255],[18.416865381701243,60.181624971587084],[18.804085764391672,60.108398042876146],[19.037323984606516,59.86324270840349],[18.639250788195383,59.56692846890154],[18.03008368919636,59.35928305264177],[17.07059768150593,59.54614981289568],[16.52320769737507,59.58251532192888],[16.999835047228586,59.35928305264177],[17.358122858507883,59.245177828032396],[17.861731562121165,59.23999365444841],[18.273371729357493,59.286666475493334],[18.371960672838938,59.157069765288256],[18.015667948229563,59.03791006680193],[17.940136942370188,58.90848883267107],[17.58218863914753,58.89296682949724],[17.080731424792063,58.649928652007006],[16.442866358263743,58.63442190762224],[16.513194117052805,58.42811545010271],[16.744044336779368,58.311950288969896],[16.724585566027415,57.88932379360857],[16.459530863268625,57.89520605679216],[16.476531061632883,57.70212896938982],[16.65867904136921,57.442950807768725],[16.39452460716511,57.07430227871599],[16.37617400596882,56.82242163296404],[16.063150608488804,56.39623928230259]]],[[[18.168888,56.909996],[18.111385,57.51944],[18.46722,57.811943],[18.724998,57.922775],[19.033333,57.826942],[18.809166,57.703606],[18.711941,57.241661],[18.391388,57.12999700000012],[18.168888,56.909996]]]]},"properties":{"name":"Sweden","role":"land"}},{"type":"Feature","geometry":{"type":"Polygon","coordinates":[[[16.57,56.377],[16.393,56.529],[16.617,56.874],[16.77,56.796],[16.57,56.377]]]},"properties":{"name":null,"role":"land"}},{"type":"Feature","geometry":{"type":"Polygon","coordinates":[[[23.206,58.445],[22.757,58.24],[22.475,58.242],[22.201,58.145],[21.884,58.252],[22.112,58.492],[22.502,58.602],[22.917,58.616],[23.206,58.445]]]},"properties":{"name":null,"role":"land"}},{"type":"Feature","geometry":{"type":"Polygon","coordinates":[[[22.948,58.844],[22.48,58.7],[22.446,58.838],[22.229,58.878],[22.576,59.069],[22.952,58.967],[22.948,58.844]]]},"properties":{"name":null,"role":"land"}},{"type":"Feature","geometry":{"type":"Polygon","coordinates":[[[20.123,60.081],[20.212,60.06],[20.137,59.992],[20.004,60.051],[20.123,60.081]]]},"properties":{"name":null,"role":"land"}},{"type":"Feature","geometry":{"type":"Polygon","coordinates":[[[20.295,60.121],[20.271,60.057],[20.205,60.081],[20.216,60.139],[20.295,60.121]]]},"properties":{"name":null,"role":"land"}},{"type":"Feature","geometry":{"type":"Polygon","coordinates":[[[19.565,60.249],[19.673,60.15],[19.543,60.128],[19.512,60.181],[19.565,60.249]]]},"properties":{"name":null,"role":"land"}},{"type":"Feature","geometry":{"type":"Polygon","coordinates":[[[20.067,60.296],[19.914,60.217],[20.044,60.086],[19.772,60.081],[19.931,60.277],[20.067,60.296]]]},"properties":{"name":null,"role":"land"}},{"type":"Feature","geometry":{"type":"Polygon","coordinates":[[[20.442,60.248],[20.387,60.193],[20.341,60.241],[20.442,60.248]]]},"properties":{"name":null,"role":"land"}},{"type":"Feature","geometry":{"type":"Polygon","coordinates":[[[14.069946321947825,53.917769991118334],[13.827770266039622,53.82971914883318],[13.778410944445383,54.04440649624529],[14.069946321947825,53.917769991118334]]]},"properties":{"name":"Holy Roman Empire","role":"land"}},{"type":"Feature","geometry":{"type":"Polygon","coordinates":[[[24.29912171108023,37.66107502189996],[24.382746185240748,37.570746906161986],[24.261110586461815,37.540613155635555],[24.29912171108023,37.66107502189996]]]},"properties":{"name":null,"role":"land"}},{"type":"Feature","geometry":{"type":"Polygon","coordinates":[[[25.15057090253279,37.17200141281893],[25.31021762593015,37.19622810717101],[25.31021762593015,37.00219709179456],[24.937708604669652,36.95968659606273],[25.15057090253279,37.17200141281893]]]},"properties":{"name":null,"role":"land"}},{"type":"Feature","geometry":{"type":"Polygon","coordinates":[[[25.378637650243302,37.11746294371295],[25.538284373640657,37.220447029530426],[25.599102173030126,37.026478138264174],[25.454659899480134,36.9232301280182],[25.378637650243302,37.11746294371295]]]},"properties":{"name":null,"role":"land"}},{"type":"Feature","geometry":{"type":"Polygon","coordinates":[[[34.66194517870546,41.870179278246766],[35.40394536476112,41.40063954764726],[36.158271407165365,41.35756866982077],[36.38289550255085,41.23751791592302],[36.641245874865305,41.31498297329607],[36.81701186607624,41.28968390103044],[37.252825769884836,41.02772101040544],[37.766140355230945,40.2901058802237],[38.81112237911529,40.150774943705784],[40.204431744294425,40.35977134848265],[40.761755490366085,40.56876775325952],[41.48396209190632,41.436542116362475],[41.21175255866366,40.243789637859564],[39.14792153998637,38.62220812318456],[38.60968854741831,38.36804254336075],[36.49442451597273,37.36916786184477],[36.78925751864091,37.00062660850955],[35.89087584923054,36.77111395474138],[35.49458983848835,36.443099580962084],[35.22052672813679,36.38800390835466],[35.07137206505085,36.4877086507863],[34.66238311241413,36.64777334805193],[34.4851293892696,36.62678106899919],[33.753176722033274,36.14664038296404],[33.171336206896555,35.97088202114763],[32.64034179161335,36.00799902554216],[32.334979090197336,36.12836798306169],[31.902007135851633,36.4968639242238],[31.370690378649485,36.71234472866716],[30.905310663683665,36.794215761382006],[30.593590769274485,36.76173361416521],[30.5400667519405,36.64696081753435],[30.47283271263386,36.18825491543474],[30.27989295433308,36.11780508633318],[30.16613105247761,36.18761786099138],[29.661955866320383,36.07834585781755],[29.298188242419016,36.17311819668474],[29.00225165794636,36.69479712124529],[30.59059712455841,37.78214902290126],[30.729928061076322,39.663116665893085],[31.983906489737542,39.663116665893085],[34.491863347059976,40.91709509455431],[34.66194517870546,41.870179278246766]]]},"properties":{"name":"Seljuk Caliphate","role":"ally"}},{"type":"Feature","geometry":{"type":"Polygon","coordinates":[[[-2.130006796834982,41.81657040431949],[-1.604866036927435,41.76883033523699],[-1.664297551499534,42.12541942266957],[-0.907353666321981,42.88129767056169],[-0.611982133881796,42.73087652798357],[-0.409914609687078,42.785567842680834],[-0.165626824544418,42.64883764858904],[0.179550382597697,42.66251715298357],[0.591923627360117,42.6283336507863],[0.744199428065073,42.77189215298357],[1.307450088961374,42.63517340298357],[1.577167183604798,42.64785062076061],[1.728236340524384,42.501004432498135],[2.272085305434892,42.69006041846055],[2.701121711086515,42.73002220618929],[2.824998419760575,42.849753178372794],[3.039267615416889,42.86919481996821],[3.001891169158203,42.77080877871875],[3.087081465331298,42.36864431949024],[3.128878864748728,41.8572269308156],[2.628259214861643,41.61954077358904],[2.200590166552317,41.44614752407732],[2.080724749071848,41.298488222319506],[1.311244878275645,41.157252870757006],[0.879201921923411,41.02173575039568],[0.709782037241709,40.785148225981615],[0.78755644272114,40.656886659819506],[0.505141589148295,40.592757784087084],[0.237927588923228,40.240199648100756],[-0.160625037448156,39.8860240804738],[-0.39484843303417,39.43445929165544],[-0.165695284204233,38.95406302090349],[0.126115980847132,38.82135351772966],[0.172570082648051,38.73834570522966],[-0.435155329005468,38.43033941860857],[-0.564126816289175,38.21486624355974],[-0.664728876845587,38.176574312407396],[-0.87234356691097,37.75979956265154],[-0.918272283570516,37.57034262295427],[-1.364567962186086,37.548392854887865],[-1.62571248103832,37.4394908773488],[-1.816879835622061,37.29247625942888],[-1.940475192563284,36.951598726469896],[-2.149258710407844,37.23301714309455],[-1.921041694450992,37.65141500568211],[-2.035150202429417,37.84159585231282],[-1.883005525124849,37.95570436029125],[-1.654788509167997,37.91766819096511],[-1.654788509167997,38.1839213762481],[-1.806933186472564,38.25999371490038],[-1.806933186472564,38.52624690018338],[-2.035150202429417,38.60231923883566],[-2.035150202429417,39.24893411738008],[-1.806933186472564,39.17286177872779],[-1.806933186472564,39.47715113333693],[-1.997114033103276,39.59125964131536],[-1.997114033103276,39.74340431861992],[-1.806933186472564,39.85751282659835],[-1.997114033103276,39.97162133457678],[-1.997114033103276,40.0857298425552],[-2.301403387712412,40.23787451985977],[-2.301403387712412,40.39001919716434],[-1.921041694450992,40.61823621312119],[-2.035150202429417,41.226814922339464],[-2.301403387712412,41.26485109166561],[-2.301403387712412,41.49306810762246],[-2.149258710407844,41.49306810762246],[-2.130006796834982,41.81657040431949]]]},"properties":{"name":"Aragón","role":"land"}},{"type":"Feature","geometry":{"type":"MultiPolygon","coordinates":[[[[19.82121375511433,69.36973150845232],[18.95870688865925,68.29369696255388],[18.40022206484757,67.23493152447254],[18.53403073863764,66.43207948173215],[17.32975267452702,64.82637539625131],[17.731178695897224,64.55875804867117],[17.260903495737743,64.20605164855155],[16.66070930557667,63.75590600593075],[15.049652873144248,63.52575508701183],[13.154899574856213,62.024227120754574],[12.791736635668528,61.329948030669115],[12.5973816246822,61.02862127896013],[12.17403891990925,60.956405245024584],[12.547958406908762,60.43387182827654],[12.435860666735422,60.27809866543474],[12.422772440417063,60.03877981777849],[12.487895457193446,58.56291949268917],[11.736376187990079,57.69820870971917],[11.609838518603098,57.806945406157396],[11.80188659141804,58.17793997402849],[11.406709703905832,58.33127173062029],[11.221358332140696,58.30832251187029],[11.140391382677805,58.85121878262224],[11.178854975207102,59.07028921719255],[10.82919028709675,59.10584219570818],[10.549271616442454,59.37863119717302],[10.172335657580149,58.987365328032396],[9.937624010546457,58.940002046782396],[9.697579416735422,58.99921759243669],[8.921734842760813,58.5378909933156],[8.175240549547922,58.1720462667531],[8.153747591479075,58.08954580898943],[6.958641085131418,57.97173651333513],[6.651709589464915,58.1720462667531],[6.231332334978831,58.27817877407732],[5.873840364916575,58.431598268706225],[5.615484270556223,58.45521505947771],[5.399735006792795,58.715175234038256],[5.53099921654011,58.88080938931169],[5.793662104113352,58.91632422085466],[5.77185729454304,59.076217256743334],[6.032578501208079,59.200667940337084],[5.717149290545237,59.3370738851613],[5.528521570666086,59.26589926357927],[5.176648649676096,59.30741461392107],[5.086604151232493,59.50923117275896],[5.543337854845774,59.82426031704607],[5.805763277514231,59.94925268765154],[5.894064459307444,60.16126211758318],[5.279052290423166,60.12533529873552],[5.096230539782297,60.26413305874529],[5.551142248614084,60.50888785000505],[5.455831560595286,60.592406831938646],[5.075472387774241,60.591693483549975],[4.980375322802317,60.68924292202654],[5.108526739580881,60.90610846157732],[5.387047800524485,61.02558477993669],[5.119612726671946,61.13709982510271],[5.018313440783274,61.30513723965349],[5.14095262001301,61.38955649014177],[5.148983511431467,61.7408824789113],[5.833900007708323,61.81940802212419],[5.425686392290842,62.009261690337084],[5.564593824846995,62.15030249233904],[5.823631319506418,62.17901953335466],[6.05348924110676,62.33480032559099],[6.532513651354563,62.33569677944841],[6.612958940966379,62.58333548184099],[7.289257082445872,62.48556479092302],[7.546737703783762,62.59925421353044],[7.101563486559641,62.704642854887865],[7.088180098040354,62.91019781704607],[7.989161524279368,62.94026907559099],[8.257966074450266,63.05431707974138],[8.605903658373606,63.32509573574724],[8.95719722221638,63.40404089565935],[9.216067347033274,63.283561311919115],[9.44089797447468,63.497523866850756],[9.832105669482004,63.683620058257006],[9.870058092577707,63.87643393154802],[10.066159281237375,64.05550726528826],[10.996618303759348,64.49424322720232],[11.364055666430247,64.41601904507341],[11.406536135180247,64.61703833218279],[11.895566973192942,64.91273077603044],[12.11214164207722,65.12991675015154],[12.526453051073801,65.10895117397966],[12.496170076830637,65.3844714986867],[12.284087213976633,65.4348865377492],[12.709057840807688,65.90887793179216],[13.087389025194895,65.88041266079607],[13.15190700004841,66.13612707729997],[13.581009897692454,66.18811377163591],[13.168647798998606,66.45833929653826],[13.38319304893757,66.67895086880388],[13.991646799547922,66.68745764370622],[13.747189554674875,66.92240484829607],[14.05473903129841,66.9745593893117],[14.777660402758372,67.21653326626482],[14.569208178026926,67.32934149380388],[14.976157221300852,67.52293738003435],[15.384503397448313,67.46444281216326],[15.761817965014231,67.67628821011247],[15.5722351403072,67.82069738979997],[16.071057352526438,68.04467352505388],[16.41161445091511,67.87424811001482],[16.64854720543171,68.04574926968279],[16.521903070910227,68.34090002651872],[17.033274683459055,68.33763464565935],[16.85475638817097,68.55778082485857],[17.40691474388386,68.77154120083513],[17.56586364219929,68.97436865444841],[18.097353968127024,69.05800207729997],[18.319052729113352,69.35937842007341],[18.553240808947336,69.2468753683156],[18.984845194323313,69.31544073696794],[19.579979929430735,69.1810565816945],[19.82121375511433,69.36973150845232]]],[[[-14,65.52879018284268],[-13.646900144116628,65.49534186001482],[-13.525573697583425,65.18334540005388],[-13.694187131421316,64.77862890835466],[-14,64.71841724776124],[-14,65.52879018284268]]],[[[18.82526740187342,78],[18.388615641100657,77.54162176724138],[17.829443964464915,77.48894842739763],[17.484860453112375,77.24806555386247],[17.266999277575266,76.81286200161638],[16.662911447985422,76.72687109585466],[15.098876032336008,77.11526831265154],[14.484577211840403,77.37091406460466],[14.777924570544016,77.53477057095232],[16.286809000475657,77.61515387173357],[16.71155456016804,77.78861578579607],[16.418047937853586,77.90059240933122],[14.893422159655344,77.78515204067888],[14.131029161913645,77.7664066183156],[13.906627010984723,78],[18.82526740187342,78]]]]},"properties":{"name":"Norway","role":"land"}},{"type":"Feature","geometry":{"type":"MultiPolygon","coordinates":[[[[21.4889942875285,42.87907542995954],[24.297108496353133,42.030110669152094],[26.060342999568604,42.09541565075267],[26.582782852373185,41.83419572435038],[26.64808783397376,42.55255052195668],[27.887320551378977,43.0635257589406],[27.836163553698313,42.7355228292531],[27.654044184191477,42.68373831387224],[27.501950296862375,42.51634558315935],[27.913407358629954,42.07810171719255],[28.026202234728586,41.882384859282396],[28.104397806628,41.59297140713396],[28.371457132799875,41.43312796230974],[29.012368235094797,41.25483282681169],[29.081099543078196,41.20051153774919],[28.964453730089915,40.98923834438982],[28.82780745933796,40.914699159819506],[28.17331412742878,41.05789526577654],[27.93218329857136,40.95754965420427],[27.47416976402546,40.96283300991716],[27.263756784899485,40.66717108364763],[26.61357215355183,40.39804037686052],[26.255158457262766,40.081561647612475],[26.194821390612375,40.30307348843279],[26.55647757957722,40.498290621001146],[26.454838785631907,40.584308229643725],[26.124041590197336,40.60284765835466],[26.02072432945515,40.66932257290544],[25.992875132067454,40.85245855923357],[25.30111411522175,40.89594229336443],[25.046317133410227,40.95227392788591],[24.519127878649485,40.873065553862475],[24.35430243919636,40.97096212979021],[24.219058069689524,40.82968481655779],[23.88595298240925,40.732894502837084],[23.63469794700886,40.7727542745656],[23.785174402697336,40.477191530424975],[23.627234491808665,40.34528311367693],[23.651745829088938,40.22922857876482],[23.86865905235554,40.16067465420427],[23.796032938463938,39.986651979643725],[23.595772776110422,40.19231756802263],[23.291760477526438,40.28726156826677],[22.960160288317454,40.31470831509294],[22.748055490954172,40.482467256743334],[22.602265390856516,40.39723929043474],[22.467362436754954,40.11848028774919],[22.695097956164133,39.83448370571794],[22.813431772692454,39.602740846831225],[23.074168238146555,39.413451753813646],[22.981301340563547,39.329330049712084],[22.720257791979563,39.2872691976613],[22.871062311632883,39.02434881802263],[22.602313074572336,38.8562389242238],[22.89937308738972,38.766891084868334],[22.984231028063547,38.6670413839406],[23.169491800768625,38.6670413839406],[23.55576613853718,38.351764284331225],[23.80394843529011,38.34651144619646],[23.960743936999094,38.20991476650896],[23.88002494285847,38.115356050688646],[23.987299952013743,37.763427339751146],[23.835513147814524,37.68464239712419],[23.49570182274128,38.06807669277849],[22.980614695055735,37.95776709194841],[23.04887488792683,37.642631136137865],[23.312159571154368,37.54810675259294],[23.10956481407429,37.34664114590349],[22.942069086535227,37.518390260893725],[22.638745340807688,37.49228628750505],[22.793108973009836,37.13855703945818],[22.88688758323933,37.0466800558156],[22.982552561266672,36.61475332852068],[22.673554453356516,36.75428351040544],[22.5244474739864,36.722125612456225],[22.390296015246165,36.524371706206225],[22.19140723655964,36.85523565884294],[21.98417190025593,37.02048071499529],[21.780915293200266,36.82254370327654],[21.5881681771114,36.98144110317888],[21.531443628771555,37.11514624233904],[21.61370757530476,37.414847933012865],[21.296347650988352,37.72654303188982],[21.228430780871165,37.904906831938646],[21.440451654894602,38.17951544399919],[21.714499506457102,38.13544043179216],[21.905766520006907,38.26973684902849],[22.747214350207102,37.95260580654802],[22.89865592430378,37.99755438442888],[23.116345438463938,38.157394014555834],[22.875638041003,38.20460089321794],[22.33374122093464,38.42670782681169],[21.826472315294993,38.46395834561052],[21.36445525596882,38.412005983549975],[21.17240432213093,38.347838960844896],[20.77183059166218,38.85093268032732],[21.006508860094797,38.870544038969896],[21.159516367419016,39.00482519741716],[21.007184061510813,39.11298712368669],[20.677752527697336,39.08042486782732],[20.211808237536204,39.404925905424975],[20.028559717638743,39.813781343657396],[19.80364898155476,40.01696356411638],[19.36906722496296,40.260280214507006],[19.494483026964915,40.40271719570818],[19.339222940905344,40.588737093169115],[19.5272550911739,40.865890108305834],[19.445403131945383,40.964896761137865],[19.529950174792063,41.218444429594896],[19.41699126671101,41.3452525960988],[19.49891570518757,41.523620210844896],[19.61938384483601,41.55930288906755],[19.606965097887766,41.76153906460466],[20.70533450832162,42.81377044835897],[21.4889942875285,42.87907542995954]]],[[[34.66290954063679,41.87558325405779],[34.66194517870546,41.870179278246766],[34.491863347059976,40.91709509455431],[31.983906489737542,39.663116665893085],[30.729928061076322,39.663116665893085],[30.59059712455841,37.78214902290126],[29.00225165794636,36.69479712124529],[28.813527140124094,36.535155855376146],[28.469845804674875,36.738307558257006],[28.266922983629954,36.71240957852068],[28.014189753039133,36.52716406460466],[27.911902460558665,36.69894369717302],[27.998808893664133,36.90936621304216],[27.308110270006907,36.920707308012865],[27.26863006065632,37.04168280239763],[27.525639566881907,37.13141211147966],[27.364632639391672,37.328631960112475],[27.16040709923054,37.36008032437029],[27.122561487658274,37.49385031338396],[27.17978385399128,37.77442892666521],[27.139773401720774,37.889091097075365],[26.679331812365305,38.104938112456225],[26.393214258654368,38.104362093169115],[26.468710932238352,38.44475897427263],[26.74245170067097,38.27838858242693],[26.997431787951243,38.40005835171404],[26.695696863634836,38.640765749174975],[26.966380152209055,38.76993139858904],[26.870751413805735,39.055968843657396],[26.707943949206125,39.182128511626146],[26.804265055163157,39.56715353604021],[26.13897612999226,39.43973883267107],[26.127575907213938,39.878558717924975],[26.320334467394602,39.99192389126482],[26.481711420519602,40.187038027007006],[26.765282663805735,40.37694128628435],[26.99647429893757,40.371661745268725],[27.271754297716868,40.45080908413591],[27.329234156115305,40.355834566313646],[27.763894114001047,40.28725393887224],[27.90821746300007,40.35055502529802],[28.477719339831125,40.39510305996599],[29.052424463732493,40.33473166104021],[28.87321570823933,40.471908174712084],[28.901621851427805,40.62010534878435],[29.525197061999094,40.68828924771013],[29.01453307579304,40.97867163296404],[29.16120818565632,41.21636541958513],[29.577780756457102,41.153365694243334],[30.137623819811594,41.131835542876146],[30.256087336046946,41.18466528530779],[30.74480536888386,41.04032477017107],[31.03539139527255,41.048784822196986],[31.29716216687851,40.9365051145558],[32.8055517060472,41.54912696097376],[33.189949907648234,41.952442924618005],[33.55554107139851,41.982501589018725],[34.30390075157429,41.89411886807146],[34.66290954063679,41.87558325405779]]],[[[24.29912171108023,36.75286945753905],[24.588006258180208,36.86851272864293],[24.67923295726441,36.75896029963509],[24.46637065940127,36.649251177336765],[24.29912171108023,36.75286945753905]]]]},"properties":{"name":"Byzantine Empire","role":"land"}},{"type":"Feature","geometry":{"type":"MultiPolygon","coordinates":[[[[98.59203139454138,25.75815164462812],[98.63722518394734,27.47874220486345],[100.68162876825185,28.690961624015074],[102.40610101767813,33.720672351508384],[101.68757091375052,36.3073807256478],[95.51860962044294,37.10197545317673],[91.68578058575658,36.36489294650627],[90,36.51230944784036],[89.91678256974747,35.99635169317104],[90,35.62781043983581],[89.91678256974747,35.185560935833536],[86.82103604173155,35.1118526851665],[82.69337400437699,34.743311431831266],[81.79462389462604,34.76804767338405],[81.25281768294633,35.31598039377637],[92.00189558901448,41.909952554641706],[90,43.89717704147783],[90,46.42637184290564],[93.80846330432006,48.05228278668065],[93.80846330432006,48.59425310127232],[93.26649298972838,49.136223415863995],[93.80846330432006,49.67819373045566],[90,50.07330645934762],[93.97500626557478,56.89317354345729],[109.07678326070727,57.59886405724852],[118.10962183723511,56.89317354345729],[126.43676989997174,54.917240104841824],[136.48705581138876,53.65484198208513],[136.77021316002157,53.695357881743334],[137.04065993736532,53.862479768950365],[137.38286879967,53.809806429106615],[137.12172988365438,53.58943899746599],[137.2392378182247,53.45651587124529],[137.97939589927938,53.464583955962084],[138.23403457115438,53.571586214262865],[138.40946486900594,53.80512198086443],[138.416804346545,54.091910921294115],[139.37804702232626,54.08039435024919],[139.80591872642782,53.961146913725756],[140.10245803306844,53.80170401211443],[140.32129958580282,53.53564795132341],[140.7023268074825,53.27686270352068],[141.1211958260372,53.05163153286638],[140.82819655845907,52.825248323637865],[141.03197768638876,52.726073824126146],[141.09054091881063,52.58686407681169],[140.93949416588094,52.261771761137865],[141.2570600838497,52.10346182461443],[141.1263227791622,51.8716197835988],[140.730280909045,51.441302858549975],[140.40453628013876,50.827384554106615],[140.32349685142782,50.51783712979021],[140.45699599693563,50.103988252837084],[140.3282270760372,49.35787924404802],[140.08100417564657,48.50260504360857],[139.21370986412313,47.81061514492693],[139.046687159045,47.6151500570363],[138.94929030845907,47.3224254476613],[138.35157302330282,46.873160921294115],[137.98462966392782,46.26929052944841],[137.720515284045,45.99668081875505],[136.49410537193563,44.966029726225756],[136.28505996177938,44.753043733794115],[136.03397658775594,44.39840658779802],[135.41475966881063,44.036830507475756],[134.96242812584188,43.51504477139177],[134.5685835213497,43.21221502896013],[134.13894179771688,42.99295385952654],[132.95279982994344,42.669540010649584],[132.82735732506063,42.86189993496599],[132.48473647545126,42.880492769438646],[132.33309462974813,42.963683687407396],[132.18178847740438,43.19463690396013],[131.67460158775594,43.026603304106615],[131.86515334556844,43.29038199063005],[131.5842085213497,43.21272238369646],[131.06461623619344,42.74924048062029],[130.46761611412313,42.298785768706225],[129.82471755465625,41.861365877107424],[129.6412611337578,41.65584906192188],[129.59070876559375,41.46990545840625],[129.82843974469887,41.3958114269488],[129.7595665696344,40.885779823913026],[129.47782424410937,40.682025514558596],[129.17704299410937,40.63022192569141],[129.014842066375,40.52752264590625],[128.44658950289843,40.065867982820315],[128.2362318368828,39.96959265323047],[127.93131545504687,39.95622595401172],[127.67152694186328,39.86643560977344],[127.44079879244921,39.62365683169727],[127.54414610506075,39.37412331535913],[127.27688888033984,39.2216869220293],[127.4972890295773,39.1368089399763],[127.74502619899877,39.118547488284776],[127.99756117423516,38.866510115376755],[128.3573517710563,38.68389424006355],[128.641083,38.11721],[129.066376,37.62443500000012],[129.342468,37.257217],[129.433594,37.058884],[129.474976,36.774437],[129.38192700000013,36.308563],[129.386902,36.036018],[129.583862,35.988884],[129.43942300000015,35.475822],[129.136932,35.11221300000011],[128.73495500000013,35.092766],[128.57275400000015,35.169991],[128.477173,35.05387900000011],[128.451904,34.845543],[127.767403,34.96028100000012],[127.576393,34.88694],[127.747757,34.727486],[127.554153,34.656097],[127.315262,34.443604],[127.21666000000016,34.707497],[127.00972000000013,34.602219],[126.60027300000013,34.30027],[126.463318,34.484718],[126.620247,34.624161],[126.371368,34.789162],[126.433594,34.963608],[126.359711,35.06916],[126.37831100000017,35.31221000000011],[126.49165300000016,35.50972],[126.479431,35.639992],[126.75193800000011,35.778328],[126.61998000000017,35.888603],[126.67363000000012,36.00470700000011],[126.544418,36.136406],[126.464432,36.574715],[126.49720800000011,36.72387700000013],[126.12359600000013,36.70916000000011],[126.184418,36.878326],[126.32083100000011,36.8780440000001],[126.499153,37.049721],[126.76138300000014,36.969986],[126.766098,37.231934],[126.65637200000015,37.411102],[126.62915,37.591377000000136],[126.418869,37.59249100000011],[126.20971969088671,37.75405081363086],[125.91414762853508,37.80634493203153],[125.76779213152307,37.98298444094018],[125.61856691888339,37.77232722048581],[125.33733478737015,37.68153678582816],[125.07696059664843,37.77087362857227],[124.76971724948046,37.935855470613284],[124.69365981539843,38.13954123111133],[124.73619368991015,38.2797809466875],[124.92935470065234,38.46493872256641],[125.29374221285937,38.68870123477344],[125.12784554654907,38.80615600636019],[125.39759881555155,39.37634162815059],[124.92233565855243,39.61860617230285],[124.44284347018359,39.5730052814043],[124.20898726901171,39.738326631501955],[124.10407546470906,39.884784303862475],[123.91652968834187,39.80788382168474],[123.36642745445515,39.749389253813646],[123.03905776451374,39.67220266934099],[122.02749160240437,39.25575979824724],[121.74316695640827,39.08944662686052],[121.48840621422077,38.87860449429216],[121.21647933433796,38.756957613188646],[121.12369826744343,38.86512335415544],[121.51177504966999,39.171859346587084],[121.66015151451374,39.33151587124529],[121.44896224449421,39.38210257168474],[121.28217605064656,39.3498912679738],[121.23940566490437,39.553832613188646],[121.66813186119343,39.90540655728044],[121.78898909996296,40.07807882900896],[122.10791305015827,40.35372122402849],[122.08235457847859,40.48801382656755],[121.75361922691609,40.73695334072771],[121.42673018883015,40.86432608242693],[121.01060775230671,40.85068091030779],[120.78842452476765,40.68381460781755],[120.27274611900593,40.1517711507863],[119.82381728599812,40.0421634542531],[119.38549331138874,39.8434329855031],[119.21067336509968,39.63902624722185],[119.09059432457234,39.339103304106615],[118.97764113853718,39.22413595791521],[118.5593366951778,39.172286592680834],[118.27459243248249,38.99961050625505],[118.06992629478718,39.2541881429738],[117.75288680504109,39.20253714199724],[117.57505324791218,38.915336214262865],[117.43950179527546,38.60277136440935],[117.58946517418171,38.28448065396013],[118.20027450035359,38.04361303921404],[118.74464705894734,38.063834749419115],[118.87524703453327,37.949428163725756],[118.81164840172077,37.446132265288256],[118.83700087974812,37.204215608794115],[118.9546003670528,37.07711752529802],[119.28440383384968,37.04596670742693],[119.59885695884968,37.11661871548357],[119.94069961021687,37.35291250820818],[120.16939071129109,37.57625540371599],[120.6581144661739,37.73646505947771],[120.78740218590046,37.70487555142107],[121.18977645347859,37.42548330898943],[121.43434432457234,37.336837373930834],[121.89484694908406,37.37596472378435],[122.3928556771114,37.3005748617238],[122.28126815269734,36.98200567837419],[122.25558761070515,36.7336917745656],[121.84669784019734,36.86017569180193],[121.60988143394734,36.834228121001146],[120.85548690269734,36.58444937344255],[120.53731063316609,36.386519991118334],[120.50483230064656,36.055568300444506],[120.26971724937702,35.98509558315935],[120.13933852623249,36.19480093594255],[119.91377547691609,36.14344366665544],[119.97557357261921,35.93359717007341],[119.90734389732624,35.768058382231615],[119.68883040855671,35.5449710714406],[119.06016066978718,35.04126700039568],[119.00324538658406,34.939471803862475],[119.02086165855671,34.6919322835988],[119.29992202232624,34.59093054409685],[119.97359755943562,34.13522299404802],[120.14943221519734,33.894332491118334],[120.34028151939656,33.33605536099138],[120.64058974693562,33.04462393398943],[120.71938613365437,32.84798391934099],[120.66086104820515,32.543117128569506],[120.73830703209187,32.46073492642107],[121.05076125572468,32.328048311430834],[121.23053267906452,32.061767183501146],[121.48366836021687,31.948009096342943],[121.60595992515827,31.827626787382982],[121.62330916832234,31.618154131132982],[121.26826766441609,31.452338777739428],[121.49887374351765,31.28138693447771],[121.64023116539265,30.926120363432787],[121.56893447349812,30.710101686674975],[121.32843306968952,30.69054754849138],[121.03547194908406,30.594703279692553],[120.60866836021687,30.346181474882982],[120.22693160484577,30.25015028591814],[119.94366744468952,30.116218172270678],[120.43786147545124,29.99661024685564],[120.86273482750202,30.187980257231615],[121.15524581383015,30.18857916470232],[121.3912687630489,29.922397218901537],[121.56523421715046,29.846555315215014],[121.77031997154499,29.834281526762865],[121.67039016197468,29.624536119658373],[121.36191085289265,29.4143501150197],[121.41146377037312,29.344604097563646],[121.64916518638874,29.319707475859545],[121.43251326988484,28.836659990507982],[121.3458357186153,28.544379793364428],[121.35852340172077,28.3856635915822],[121.25970748375202,28.182250581938646],[121.16591170738484,28.124896608549975],[121.00856307457234,28.276980959135912],[120.68650344322468,27.86989554043474],[120.50590041588093,27.59010466213884],[120.35180953453327,27.177013002592943],[120.08409408043171,26.985940538603685],[119.97135451744343,26.788837038237475],[119.85703566978718,26.706031404692553],[119.60071090172077,26.692800127226732],[119.42890456627156,26.590831361967943],[119.55488875816609,26.26721342678728],[119.43603042076374,26.03833922024431],[119.4703474373653,25.77168234463396],[119.33538344810749,25.530067049223803],[119.0958586067989,25.440650545317553],[118.81294539879109,24.8494144308156],[118.53120711754109,24.690036379057787],[118.34562972496296,24.467338167387865],[117.92490676353718,24.561727129179857],[117.79609206627156,24.42171438809099],[117.84909347008015,24.047095857817553],[117.4058943123653,23.6904731618947],[116.96271041343952,23.556155763823412],[116.70913222740437,23.34602316494646],[116.40389541099812,23.199287019926928],[116.34061721275593,22.91333159084978],[115.86004928062702,22.83609541531267],[115.70670607994343,22.638873659331225],[115.30879500816609,22.771407686430834],[115.18552688072468,22.745751939970873],[115.04353621910359,22.599364839751146],[114.8478117317989,22.510015093047045],[114.5587492317989,22.46494825955095],[114.53746322105671,22.674502931792162],[114.30387404869343,22.64860113735857],[113.98913863609577,22.552667223173998],[113.84516433189656,22.463439546782396],[113.71678451011921,22.482215486723803],[113.46257308433796,22.7738529073781],[113.37770369957234,22.16390761013689],[113.28367904136921,22.03033026333513],[113.09672072838093,21.97912176724138],[112.87131026695515,22.061215959746264],[112.7495222420528,21.756068788725756],[112.30786422203327,21.678912721831225],[112.03952315758015,21.65928991909685],[111.83120253990437,21.754121385771654],[111.53608230064656,21.49307211514177],[111.43422225425984,21.461099230009935],[111.08559707115437,21.479402147490404],[110.74959853599812,21.37706335659685],[110.5664167733028,21.230577074248217],[110.23882583091999,21.28069647427263],[110.20257094810749,21.096425615507982],[110.07721999595906,20.867482744414232],[110.43365767906452,20.436297975737475],[110.27128890465046,20.315265260893725],[109.9282560677364,20.2446723806447],[109.71159652183796,20.568162523466967],[109.60293105552937,20.87918051357927],[109.60814956138874,21.057046495634935],[109.78676131675984,21.406783662993334],[109.7798185677364,21.482984148222826],[109.51607802818562,21.596772752959154],[109.32187941978718,21.4312015401906],[109.11740401695515,21.39900930996599],[108.81303695152546,21.493642412382982],[108.55499556968952,21.823396288115404],[108.46664718101765,21.78510435696306],[108.38727096031452,21.53085287686052],[108.26594069908406,21.47342451687517],[107.90002730797077,21.47900541897478],[107.41781142662312,21.18578680630388],[107.46579268883015,20.976270281035326],[106.23413332193499,21.69657754222363],[105.41238593274157,21.902014389521984],[102.97995917115581,20.966465635065923],[101.85148057957011,20.532435407532958],[101.657367324407,19.661170456991734],[100.43525222252156,20.035752855498217],[100.43059829185749,20.226214967924975],[100.22794265390873,20.389056301173344],[101.00763564981274,21.423474663076533],[100.14048314646607,23.37456779560655],[100.50179668952718,24.313983007565444],[98.58264716014986,25.400880760258406],[98.59203139454138,25.75815164462812]]],[[[114.16626294842006,22.560807313317255],[114.30903130089744,22.553519333285553],[114.41305849240106,22.436859356255123],[114.32911931029123,22.272308319943782],[114.15334922809546,22.298696001772115],[113.90135232453927,22.406518299261425],[114.16626294842006,22.560807313317255]]],[[[126.445534,33.229431],[126.261108,33.193878],[126.183594,33.352776],[126.31749,33.452774],[126.793053,33.550827],[126.941093,33.45388],[126.843048,33.308327],[126.445534,33.229431]]],[[[126.10608700000012,34.387215],[126.23887600000012,34.569992],[126.382751,34.471931],[126.199142,34.353325],[126.10608700000012,34.387215]]],[[[128.636108,34.707214],[128.501923,34.887497],[128.71109000000013,34.976654],[128.741913,34.781662],[128.636108,34.707214]]]]},"properties":{"name":"Great Khanate","role":"realm","label":"Их Юань улс","labelAt":[110,36]}}]}