{"type":"FeatureCollection","features":[{"type":"Feature","properties":{"kind":"river-label","label":"Сэлэнгэ"},"geometry":{"type":"Point","coordinates":[105.96,50.15]}},{"type":"Feature","properties":{"kind":"river-label","label":"Орхон"},"geometry":{"type":"Point","coordinates":[102.62,48.53]}},{"type":"Feature","properties":{"kind":"river-label","label":"Хэрлэн"},"geometry":{"type":"Point","coordinates":[111.86,47.7]}},{"type":"Feature","properties":{"kind":"river-label","label":"Онон"},"geometry":{"type":"Point","coordinates":[112.9,50.01]}},{"type":"Feature","properties":{"kind":"river-label","label":"Эргүнэ"},"geometry":{"type":"Point","coordinates":[119.98,51.49]}},{"type":"Feature","geometry":{"type":"LineString","coordinates":[[37.113012,11.854987],[37.11304275365918,11.855018987526078],[37.150374,11.893848],[37.26432,11.902943],[37.320389,11.834291],[37.386712270571785,11.63378365728827],[37.387207,11.632288]]},"properties":{"kind":"river"}},{"type":"Feature","geometry":{"type":"LineString","coordinates":[[38.561192,35.862643],[38.365338,35.903261],[38.246224,35.951139],[38.078534,36.074129],[38.09197,36.166682],[38.187985,36.284297],[38.183851,36.342485]]},"properties":{"kind":"river"}},{"type":"Feature","geometry":{"type":"LineString","coordinates":[[31.366696,2.193355],[31.382612,2.305932],[31.474699,2.400422]]},"properties":{"kind":"river"}},{"type":"Feature","geometry":{"type":"MultiLineString","coordinates":[[[137.069908,50.454078],[137.101379,50.298119],[137.05673,50.215721],[136.87209,50.097873],[136.771218,49.914628],[136.810492,49.759289]],[[140.114063,51.763637],[139.857748,51.578816]]]},"properties":{"kind":"river"}},{"type":"Feature","geometry":{"type":"MultiLineString","coordinates":[[[102.99716442750925,56],[102.891632,56.127272],[102.751486,56.173057],[102.54416,56.194555],[102.303968,56.167554],[102.030806,56.092055],[101.862858,56.071772],[101.777385,56.165823],[101.803223,56.290776]],[[102.673971,57.943079],[102.673868,57.855074],[102.606068,57.717046],[102.434296,57.551164],[102.37125,57.44559],[102.337971,57.194752],[102.35801680889625,57.003743935261234],[102.358021,57.003704]]]},"properties":{"kind":"river"}},{"type":"Feature","geometry":{"type":"MultiLineString","coordinates":[[[33.539896,46.83125],[33.606456,46.868767],[33.738747,47.049583],[33.85874,47.149215],[33.975839,47.307216],[33.997543,47.411241],[34.154897,47.489556],[34.447903,47.542215],[34.711504,47.55255],[34.945805,47.520666],[35.087967,47.527539],[35.138093,47.573272],[35.14879,47.657479],[35.105692,47.841576]],[[33.193974,49.093903],[32.884484,49.224903],[32.602848,49.302211],[31.886457,49.554702]],[[31.439869,50.000101],[31.486482,49.871375],[31.467361,49.754173]],[[30.507627,51.217313],[30.477706,50.904335],[30.479463,50.749151],[30.514655,50.596602]]]},"properties":{"kind":"river"}},{"type":"Feature","geometry":{"type":"LineString","coordinates":[[34.379638,11.78308],[34.409249,11.638851],[34.508726,11.517178],[34.777547,11.296443]]},"properties":{"kind":"river"}},{"type":"Feature","geometry":{"type":"MultiLineString","coordinates":[[[83.363728,49.643843],[83.603197,49.519872],[83.825612,49.454475],[84,49.347906384101655]],[[84,49.06645215115624],[83.714043,48.984142],[83.53271,48.888747],[83.468425,48.783844],[83.450442,48.668451],[83.478864,48.542515],[83.524287,48.45451],[83.586816,48.404384],[83.531057,48.318472],[83.515502,48.221837],[83.642471,48.136804],[83.887314,48.017638],[84,47.94742537801973]]]},"properties":{"kind":"river"}},{"type":"Feature","geometry":{"type":"LineString","coordinates":[[38.767794,38.812825],[38.812649,38.874992],[38.739579,39.078442]]},"properties":{"kind":"river"}},{"type":"Feature","geometry":{"type":"MultiLineString","coordinates":[[[97.288253,34.835445],[97.193685,34.913115],[97.072039,34.930607]],[[97.76285,35.088091],[97.713654,34.961897],[97.659393,34.908877],[97.545912,34.875985]]]},"properties":{"kind":"river"}},{"type":"Feature","geometry":{"type":"LineString","coordinates":[[72.781635,34.622538],[72.834759,34.371494],[72.847574,34.257961],[72.801582,34.147658],[72.707015,34.085568]]},"properties":{"kind":"river"}},{"type":"Feature","geometry":{"type":"LineString","coordinates":[[73.30026,41.77621],[73.30004039732047,41.776217960032206],[72.932427,41.789543],[72.770783,41.762361],[72.653685,41.667431]]},"properties":{"kind":"river"}},{"type":"Feature","geometry":{"type":"LineString","coordinates":[[31.042788,59.950992],[31.180867,59.982954],[31.273678,60.053906],[31.414031,60.234825]]},"properties":{"kind":"river"}},{"type":"Feature","geometry":{"type":"LineString","coordinates":[[4.625692,9.864514],[4.529419,10.238548],[4.537119,10.424739],[4.656595,10.609275]]},"properties":{"kind":"river"}},{"type":"Feature","geometry":{"type":"LineString","coordinates":[[32.879471,23.987683],[32.90872,23.80847],[32.902933,23.69628],[32.871823,23.591377],[32.877921,23.480893],[32.914146,23.331884],[32.85508,23.207654],[32.679897,23.009423],[32.58688,22.875658],[32.576131,22.806386],[32.418311,22.671536],[32.326275,22.652881],[32.231914,22.718071],[32.137088,22.733471],[32.041693,22.69908],[31.960716,22.629885],[31.894054,22.525835],[31.544359,22.25151],[31.399975,22.093122],[31.362251,21.979796],[31.280241,21.844636],[31.09064,21.609198]]},"properties":{"kind":"river"}},{"type":"Feature","geometry":{"type":"LineString","coordinates":[[83.025351,54.845206],[82.312423,54.49086],[82.003967,54.358362],[81.86227,54.329604],[81.74052,54.268936],[81.638666,54.176332],[81.522084,54.104088],[81.390619,54.052257],[81.32716,53.991149],[81.334085,53.885626]]},"properties":{"kind":"river"}},{"type":"Feature","geometry":{"type":"MultiLineString","coordinates":[[[9.127536,47.670682],[8.881143,47.656394]],[[9.18283,47.670682],[9.554384,47.511157]]]},"properties":{"kind":"river"}},{"type":"Feature","geometry":{"type":"LineString","coordinates":[[39.053462,59.868439],[39.500101,59.615845],[39.686394,59.53001],[39.798636,59.52523]]},"properties":{"kind":"river"}},{"type":"Feature","geometry":{"type":"LineString","coordinates":[[31.414031,60.234825],[31.594589,60.407683],[31.798297,60.519717],[32.085515,60.628599],[32.356403,60.654567],[32.611064,60.597645],[32.821129,60.483337]]},"properties":{"kind":"river"}},{"type":"Feature","geometry":{"type":"MultiLineString","coordinates":[[[70.355013,40.435362],[70.31853,40.37118],[70.186497,40.33051],[69.826984,40.272684]],[[68.455801,41.106768],[68.173183,41.129531],[68.050451,41.16524],[67.990817,41.254717]],[[61.760189,46.021119],[61.562372,46.109537]]]},"properties":{"kind":"river"}},{"type":"Feature","geometry":{"type":"LineString","coordinates":[[58.835096,52.196814],[58.781663,52.071499],[58.772775,51.869702],[58.739547,51.786038],[58.630871,51.695088]]},"properties":{"kind":"river"}},{"type":"Feature","geometry":{"type":"MultiLineString","coordinates":[[[33.187256,0.428191],[33.25888,0.378634],[33.231646,0.294298],[33.12943,0.158802],[33.04537502392671,0]],[[32.544712,1.521845],[32.61432,1.454459],[32.684651,1.426502],[32.83534,1.404695],[32.893114,1.311445]],[[32.240957,1.665842],[32.475362,1.551637]]]},"properties":{"kind":"river"}},{"type":"Feature","geometry":{"type":"LineString","coordinates":[[18.810459,49.925041],[18.93686,49.931888]]},"properties":{"kind":"river"}},{"type":"Feature","geometry":{"type":"MultiLineString","coordinates":[[[45.663601,50.222309],[45.831187,50.357288],[45.835838,50.457127],[45.733416,50.566836],[45.675176,50.696492],[45.743699,50.741761],[45.885499,50.782482],[46.029883,50.866482],[46.022597,50.999678],[45.879453,51.123624],[45.836717,51.259559],[45.934695,51.375185],[45.979344,51.464663],[46.131376,51.54719],[46.293846,51.707542],[46.477194,51.773248],[46.565768,51.752139],[46.774644,51.747927]],[[49.058949,55.48266],[49.285085,55.234407],[49.248085,55.113019],[49.023499,55.035762],[48.900199,54.90993],[48.878288,54.735574],[48.781963,54.616977],[48.611328,54.55419],[48.507148,54.489129],[48.453301,54.344435],[48.458366,54.256999],[48.585076,54.134939],[48.833433,53.978256],[48.964484,53.826921],[49.006239,53.579417],[49.104373,53.482679],[49.209431,53.460639],[49.567032,53.467434],[49.904789,53.456737]],[[43.432419,56.674991],[43.343897,56.733437],[43.230674,56.93699],[43.119363,57.074889],[43.082415,57.15584],[43.177758,57.329007],[42.874314,57.409571],[42.723832,57.431198],[42.575831,57.415462]],[[37.151149,56.753435],[37.15067524667257,56.75348690323381],[36.881811,56.782943],[36.736084,56.749921],[36.624152,56.664294],[36.519818,56.642693],[36.374555,56.706358]],[[37.760931,57.290819],[37.943762,57.311696],[38.078792,57.381872],[38.300949,57.571628]],[[41.342521,57.493287],[41.206095,57.517084],[41.099228,57.587906],[40.976342,57.713687],[40.83759,57.79947],[40.494407,57.754744],[40.293179,57.694644],[40.007098,57.566667]],[[38.437065,58.017544],[38.325909,58.082863],[38.319243,58.149733],[38.407713,58.287554],[38.704026,58.113146]]]},"properties":{"kind":"river"}},{"type":"Feature","geometry":{"type":"LineString","coordinates":[[0,7.717281818016666],[0.03915,7.648009],[0.097855,7.490292],[0.154596,7.394174],[0.209269,7.359732],[0.23056,7.244933],[0.218364,7.049751],[0.194903,6.922472],[0.160151,6.863044],[0.194025,6.687861],[0.134261,6.634505],[0.107596,6.550686],[0.103358,6.338192]]},"properties":{"kind":"river"}},{"type":"Feature","geometry":{"type":"LineString","coordinates":[[37.178951,11.035761],[37.021958,11.191875],[36.980927,11.287012],[37.04976,11.580069],[37.096682,11.656395],[37.167065,11.699751],[37.179984,11.754864],[37.11304275365918,11.855018987526078],[37.113012,11.855065]]},"properties":{"kind":"river"}},{"type":"Feature","geometry":{"type":"LineString","coordinates":[[37.38669,11.633993],[37.386712270571785,11.63378365728827],[37.393408,11.570844],[37.450459,11.534387],[37.559909,11.503639],[37.680419,11.42137],[37.811987,11.287632],[38.019106,11.185674],[38.30188,11.115523],[38.46218,11.036794],[38.50011,10.949409],[38.513753,10.772056],[38.503211,10.504682],[38.478148,10.313789],[38.438564,10.199326],[38.375673,10.135712],[38.289374,10.122897],[38.110418,10.048069],[37.838704,9.91123],[37.659955,9.88379],[37.574275,9.965749],[37.490456,10.020681],[37.408601,10.048586],[37.308297,10.040059],[37.263442,10.104603],[37.188666,10.16447],[37.158797,10.266402],[37.046142,10.302731],[36.677276,10.360195],[36.540798,10.40381],[36.513823,10.452721],[36.449641,10.454091],[36.320347,10.232296],[36.20702,10.155091],[36.055195,10.143464],[35.956958,10.110985],[35.912206,10.057733],[35.849316,10.035563],[35.768184,10.044478],[35.705707,9.996057],[35.627883,10.016753],[35.353377,10.155091]]},"properties":{"kind":"river"}},{"type":"Feature","geometry":{"type":"MultiLineString","coordinates":[[[38.559952,35.863289],[38.915744,35.912744],[39.227094,35.880756],[39.612601,35.783708],[39.833207,35.683249],[39.888914,35.579431],[40.004308,35.472564],[40.179284,35.3627],[40.294316,35.253042],[40.376585,35.225395],[40.424437,35.167414],[40.47477,35.015796],[40.583859,34.918179],[40.620136,34.837254],[40.710518,34.75222],[40.854902,34.663078],[40.927972,34.580964],[40.946059,34.458362],[40.992568,34.428467]],[[38.025721,36.835633],[38.056416,36.741117],[38.231083,36.618127],[38.272424,36.558079],[38.265809,36.481649],[38.183851,36.342485]]]},"properties":{"kind":"river"}},{"type":"Feature","geometry":{"type":"LineString","coordinates":[[32.015855,3.613656],[31.935343,3.528002],[31.885114,3.508391],[31.784655,3.522989],[31.72378,3.498598],[31.623838,3.363283],[31.484828,3.117019],[31.404316,2.950725],[31.387573,2.804015],[31.433772,2.718749],[31.449895,2.588318],[31.515317,2.475922],[31.474803,2.400732]]},"properties":{"kind":"river"}},{"type":"Feature","geometry":{"type":"LineString","coordinates":[[123.566132,56.527713],[123.065698,56.579983],[123.134324,56.745529],[123.192615,56.95332],[123.294108,57.090624],[123.474355,57.248496],[123.555384,57.341332],[123.59812,57.454168],[123.505258,57.538969],[123.579878,57.682268],[123.697287,57.657721],[123.810045,57.718079],[123.803844,57.789083],[123.738628,57.881971],[123.719198,57.977082],[123.745553,58.074492],[123.824308,58.153557],[123.955256,58.214328],[123.988949,58.291171],[124.298387,58.365508],[124.347583,58.503251],[124.444632,58.628308],[124.578422,58.720447],[124.758721,58.761323],[124.844504,58.824058],[125.031779,58.859896],[125.151669,58.987769],[125.338892,59.065465],[125.309385,59.142127],[125.33512,59.315811],[125.526633,59.280568],[125.734579,59.14962],[125.877102,59.092104],[126.063654,59.053243],[126.265399,58.954748],[126.470761,58.896095],[126.809035,58.8315],[127.139506,58.747319],[127.221413,58.794861],[127.435922,58.794525],[127.656735,58.849948],[127.814969,58.792071],[127.855483,58.715538],[128.003536,58.711869],[128.157067,58.817702],[128.377467,58.765716],[128.477822,58.817392],[128.569341,58.694118],[128.687887,58.64841],[128.711865,58.588465],[128.815734,58.545031],[128.999496,58.518108],[129.169615,58.517927],[129.326246,58.544541],[129.489078,58.538443],[129.65806,58.499634],[129.837171,58.524128],[130.026462,58.611901],[130.234356,58.644612],[130.460905,58.622236],[130.585601,58.628101],[130.588133,58.784836],[130.649731,58.865399],[130.997927,58.937643],[131.140761,58.937436],[131.21042,58.899041],[131.306952,58.951699],[131.526267,58.946531],[131.768422,59.009706],[131.887175,59.066705],[132.00293,59.171608],[132.209274,59.176802],[132.63824,59.371984],[132.805879,59.412136],[132.959823,59.405728],[133.058163,59.459265],[133.101054,59.572798],[133.178724,59.634862],[133.291275,59.645507],[133.530434,59.790201],[133.8962,60.069047],[134.197732,60.267304],[134.553782,60.443804],[134.704884,60.459927],[135.00745,60.389492],[135.104446,60.391611],[135.08946,60.505764],[134.981766,60.56974],[134.924302,60.684823],[135.019128,60.75376],[135.211261,60.836339],[135.362312,60.946306],[135.472382,61.083662],[135.505714,61.18686],[135.462409,61.255951],[135.504008,61.35672],[135.383396,61.423951],[135.533361,61.614379],[135.292755,61.661844],[135.215137,61.71799],[135.263506,61.760985],[135.437656,61.790699],[135.529588,61.842866],[135.5392,61.917435],[135.709371,62.036265],[135.738051,62.094453],[135.685238,62.156491],[135.714642,62.211862],[135.826159,62.260541],[135.834324,62.315163],[135.651441,62.473396],[135.57155,62.608117],[135.489074,62.676743],[135.325053,62.660878],[135.252189,62.621811],[135.109717,62.617212],[134.897741,62.647081],[134.63848,62.717878],[134.332039,62.829524],[134.183986,62.910786],[134.1459,62.988714],[133.972009,63.007317],[133.946171,63.074393],[133.802924,63.131754],[133.440775,63.09062],[133.223631,63.091705],[133.146426,63.177281],[133.236447,63.274278],[133.229729,63.344506],[132.973982,63.35634],[132.46931,63.309831],[132.017606,63.318358],[131.618768,63.38192],[131.342815,63.386054],[131.18975,63.33076],[131.007022,63.312596],[130.688592,63.341044],[130.43114,63.339493],[130.104958,63.3767],[129.383658,63.489923]]},"properties":{"kind":"river"}},{"type":"Feature","geometry":{"type":"MultiLineString","coordinates":[[[68.212095,37.021513],[68.067815,36.949812],[67.95795,36.972007],[67.834444,37.064198],[67.699982,37.227263],[67.607378,37.222509],[67.517254,37.266666],[67.319747,37.20959],[67.195465,37.235195],[67.068857,37.334827],[66.827684,37.371311],[66.47184,37.344723],[66.108451,37.414771],[65.737414,37.581531],[65.480169,37.680465],[65.336818,37.711652],[65.220443,37.797383],[65.131043,37.937633],[64.907387,38.08765],[64.549476,38.247381],[64.272284,38.432228],[64.076017,38.642138],[63.953182,38.799544],[63.903883,38.904499],[63.723687,39.048625],[63.412698,39.231973],[63.198448,39.330261],[63.081142,39.343542],[63.014376,39.400179],[62.998357,39.500173],[62.896967,39.607867],[62.710209,39.723209],[62.57306,39.8447],[62.441595,40.036213],[62.375035,40.33206],[62.298038,40.467504],[62.188484,40.541195],[62.095001,40.683305],[62.01759,40.893783],[61.953562,41.030597],[61.902816,41.093694],[61.799877,41.163431],[61.644537,41.23986],[61.496949,41.276086],[61.357113,41.272106],[61.263062,41.300089],[61.215003,41.359982],[61.030621,41.48677],[60.710021,41.680402],[60.526983,41.824579],[60.481508,41.919199],[60.420064,41.977541],[60.291132,42.040277],[60.202558,42.163525],[60.102203,42.232048],[59.94955,42.291372],[59.744808,42.341499],[59.586679,42.416274],[59.475161,42.515777],[59.299564,42.63223],[59.297962,42.744006],[59.210267,42.807852],[59.203756,42.904074],[59.138954,43.025591],[59.140608,43.152353],[59.096656,43.294364]],[[59.098543,43.291725],[59.096656,43.294364]],[[59.096656,43.294364],[59.098336,43.378593],[59.052137,43.446237],[59.049554,43.533364],[59.203859,43.581268],[59.255433,43.63297],[59.260083,43.716221],[59.210732,43.805492],[59.107276,43.900732],[59.081593,43.971037],[59.255123,44.066303],[59.540997,44.148262]],[[59.096656,43.294364],[59.004595,43.423138],[58.99302,43.525716],[59.032397,43.643176],[59.018858,43.732008],[58.952195,43.792108],[58.831066,43.838746],[58.655469,43.871844],[58.5701,43.948119],[58.575164,44.067491],[58.51217,44.201953],[58.315748,44.426333]]]},"properties":{"kind":"river"}},{"type":"Feature","geometry":{"type":"MultiLineString","coordinates":[[[136.810492,49.759289],[136.842531,49.729161],[136.825271,49.594854],[136.720782,49.519691],[136.530406,49.452279],[136.393773,49.367297],[136.310884,49.264771],[136.271197,49.171056],[136.274814,49.0861],[136.161849,48.98701],[135.817684,48.81715],[135.744666,48.764181],[135.444839,48.767876],[135.184855,48.704521],[135.077058,48.644757],[135.026208,48.570524],[135.032409,48.481847],[134.964506,48.421024],[134.8225,48.388055],[134.486654,48.403351],[134.205896,48.359891],[133.842198,48.273746],[133.671769,48.207704],[133.573274,48.133031],[133.46837,48.097168],[133.144049,48.105643],[133.020129,48.064405],[132.877089,47.979087],[132.707177,47.947255],[132.636897,47.8901],[132.561862,47.768506],[132.476286,47.714969],[132.380168,47.72949],[132.149795,47.717966],[131.785269,47.680501],[131.556756,47.682025],[131.464255,47.722617],[131.319354,47.727811],[131.002784,47.691456],[130.932866,47.759798],[130.9154,47.84292],[130.848634,47.929426],[130.732568,48.01924],[130.712053,48.127657],[130.78719,48.254574],[130.804244,48.341494],[130.746883,48.430378],[130.65924,48.483398],[130.552114,48.602512],[130.617175,48.773173],[130.553148,48.861204],[130.355279,48.866372],[130.196012,48.891641],[130.037055,48.972257],[129.792522,49.198858],[129.671083,49.278491],[129.533727,49.323424],[129.498173,49.38882],[129.384692,49.38944],[129.120109,49.362052],[128.938311,49.44892],[128.819352,49.463751],[128.791033,49.541834],[128.70401,49.600125],[128.52676,49.594234],[128.237062,49.559301],[128,49.568587682939366]],[[139.857748,51.578816],[139.602415,51.544296],[139.494566,51.504944],[139.378397,51.405441],[139.159289,51.36348],[139.007981,51.374642],[138.918064,51.350458],[138.825046,51.247518],[138.674564,51.207081],[138.06809,50.855992],[137.707698,50.714269],[137.391387,50.664866],[137.18711,50.60673],[137.053991,50.493301],[137.069908,50.454078]],[[140.114063,51.763662],[140.206047,51.813995],[140.182017,51.964477],[140.214729,52.046488],[140.316738,52.121315],[140.385261,52.226477],[140.420401,52.361895],[140.404536,52.467961],[140.337615,52.544597],[140.177522,52.609916],[140.104141,52.734146],[139.996241,52.822357],[139.80111,52.921886],[139.756565,53.032009],[139.862709,53.152673],[140.002545,53.215202],[140.176281,53.219594],[140.3433,53.187555],[140.614394,53.091385],[140.706688,53.110996],[140.839703,53.087871]]]},"properties":{"kind":"river"}},{"type":"Feature","geometry":{"type":"MultiLineString","coordinates":[[[101.803223,56.290776],[101.817176,56.560579],[101.77046,56.687031],[101.667624,56.760102],[101.391465,56.847771],[101.387435,56.918542],[101.460918,56.969856],[101.61171,57.001689],[101.777798,56.98815],[101.958976,56.929316],[102.239269,56.89353],[102.316422,56.919523],[102.35801680889625,57.003743935261234],[102.358125,57.003963]],[[102.673971,57.943079],[102.795101,58.121879],[102.836855,58.245282],[102.839646,58.372871],[102.780321,58.523715],[102.659088,58.697761],[102.46222,58.836371]],[[102.489073,58.829226],[102.46222,58.836371]],[[102.46222,58.836371],[102.1009,58.932514]],[[102.46222,58.836371],[102.243196,58.919401],[102.1009,58.932514]],[[102.1009,58.932514],[101.84167,58.956402],[101.275503,58.940692],[100.979707,58.898679],[100.954283,58.830311],[100.81703,58.757602],[100.437105,58.627223],[100.465372,58.499995],[100.361451,58.371114],[100.250915,58.346258],[100.109631,58.363957],[99.986486,58.411525],[99.88148,58.488937],[99.753632,58.536169],[99.603047,58.553222],[99.472099,58.594408],[99.360995,58.659727],[99.112741,58.717295],[98.961639,58.700913],[98.787697,58.651614],[98.564661,58.476431],[98.321523,58.44558],[97.89912,58.412972],[97.571647,58.408425],[97.339206,58.431938],[97.170689,58.430387],[96.923108,58.39933],[96.764616,58.491004],[96.513882,58.527281],[96.097887,58.540716],[95.776511,58.522113],[95.549755,58.471522],[95.418393,58.424574],[95.234735,58.30732],[94.974906,58.202546],[94.599218,58.139966],[94.107569,58.119502],[93.730124,58.128752],[93.466884,58.167716],[93.278782,58.161386],[93.079725,58.086274],[92.998076,58.100097]],[[102.1009,58.932514],[101.947814,58.973248]]]},"properties":{"kind":"river"}},{"type":"Feature","geometry":{"type":"LineString","coordinates":[[97.51904,25.701016],[97.505708,25.589756],[97.448967,25.416743],[97.393776,25.336955],[97.34024,25.350443],[97.292077,25.310032],[97.249289,25.215722],[97.249703,25.152496],[97.293214,25.120353],[97.216113,25.064104],[97.195649,24.981008],[97.116998,24.932975],[97.055451,24.835306],[97.055089,24.754923],[97.095397,24.659244],[97.117101,24.55168],[97.120098,24.432204],[97.142474,24.34699],[97.184074,24.295933],[97.183402,24.213716],[96.990907,24.144806],[96.892412,24.168706],[96.818721,24.249838],[96.737072,24.307199],[96.647259,24.340788],[96.561269,24.343941],[96.479104,24.316656],[96.402209,24.251285],[96.330792,24.14788],[96.291363,24.058635],[96.280356,23.946084],[96.085226,23.65282],[96.006368,23.358549],[95.978669,22.965575],[95.948903,22.753599],[95.923479,22.662751],[95.968024,22.573765],[95.970401,22.426693],[96.019907,22.229755],[96.03417,22.025555],[96.009365,21.906673],[95.945648,21.873032],[95.87945,21.875048],[95.810824,21.91272],[95.710365,21.928016],[95.578073,21.920988],[95.480715,21.871378],[95.41829,21.779188],[95.372866,21.66581],[95.314937,21.457554],[95.269152,21.438433],[95.173499,21.345028],[95.061051,21.286505],[94.899924,21.231728],[94.819618,21.146358],[94.820135,21.030345],[94.793573,20.932728],[94.739933,20.853508],[94.761121,20.701631],[94.857135,20.477097],[94.907468,20.304704],[94.912119,20.184453],[94.956096,20.070817],[95.140374,19.844887],[95.169416,19.710348],[95.187916,19.484935],[95.176754,19.277118],[95.135723,19.086871],[95.139754,18.945201],[95.18864,18.85208],[95.179803,18.770896],[95.11314,18.701649],[95.067252,18.588065],[95.143009,18.479027],[95.302896,18.313508],[95.399686,18.181345],[95.433483,18.082514],[95.454877,17.856094],[95.472498,17.743672],[95.561123,17.585697],[95.58014,17.479786],[95.644736,17.43922],[95.654968,17.389843],[95.610836,17.331656],[95.60324,17.254399],[95.632075,17.158074],[95.625099,17.086167],[95.573836,16.977155],[95.599571,16.901734],[95.54314,16.8375],[95.481438,16.813909],[95.404337,16.784428],[95.330647,16.720969],[95.321965,16.647098],[95.236285,16.520336],[94.95222,16.209812],[94.893154,16.182837]]},"properties":{"kind":"river"}},{"type":"Feature","geometry":{"type":"LineString","coordinates":[[32.015855,3.613656],[31.711222,3.944488],[31.587767,4.101352],[31.543946,4.194499],[31.517177,4.326041],[31.507462,4.495953],[31.525239,4.606024],[31.570404,4.656331],[31.635206,4.816606],[31.719439,5.086873],[31.770289,5.29978],[31.787652,5.455275],[31.788995,5.589478],[31.743417,5.80161],[31.672827,5.929974],[31.460437,6.356615],[31.329282,6.581511],[31.148311,6.829661]]},"properties":{"kind":"river"}},{"type":"Feature","geometry":{"type":"LineString","coordinates":[[31.148311,6.829661],[30.921762,6.982778],[30.769678,7.152561],[30.616612,7.390014],[30.546694,7.520652],[30.548503,7.581656],[30.507937,7.693355],[30.535532,7.765366],[30.508092,7.880036],[30.425513,8.037365],[30.365878,8.124414],[30.329188,8.141157],[30.323142,8.227198],[30.347636,8.382538],[30.338748,8.484805],[30.29627,8.534001],[30.300662,8.653555],[30.218187,8.817808],[30.2001,8.93284],[30.232811,9.042704],[30.316424,9.147401],[30.349807,9.236749],[30.333064,9.31075],[30.369702,9.394879],[30.459723,9.489137],[30.618473,9.530814],[30.845952,9.51991],[31.00093,9.493969],[31.124747,9.432525]]},"properties":{"kind":"river"}},{"type":"Feature","geometry":{"type":"LineString","coordinates":[[11.924058,9.490558],[11.783498,9.496527],[11.574054,9.40909],[11.248802,9.230186],[11.037859,9.060713],[10.941224,8.900671],[10.857818,8.795329],[10.787642,8.744686],[10.635506,8.707427],[10.401412,8.683501],[10.218219,8.59007],[10.085824,8.427083],[9.976528,8.327244],[9.847027,8.272209],[9.530044,8.12059],[9.39522,8.038734],[9.337033,7.976051],[9.140972,7.89249],[8.807039,7.788052],[8.437294,7.799343],[7.828804,7.989978],[7.421542,8.018606],[7.156184,7.967524],[6.776,7.793013]]},"properties":{"kind":"river"}},{"type":"Feature","geometry":{"type":"LineString","coordinates":[[27.266584,44.137797],[27.768776,44.362667],[27.929954,44.486174],[27.921841,44.670039],[27.876676,44.744117]]},"properties":{"kind":"river"}},{"type":"Feature","geometry":{"type":"MultiLineString","coordinates":[[[89.739257,24.330195],[89.713832,24.135142],[89.707941,23.962414],[89.744424,23.858673],[89.867518,23.720258],[90.074378,23.573419],[90.266976,23.459395]],[[89.739257,24.330195],[89.80871,24.171807],[89.922915,24.082096],[90.115668,23.971147],[90.214111,23.869086],[90.218142,23.775939],[90.355446,23.708682],[90.476266,23.582979],[90.561635,23.537091]],[[95.396482,28.002916],[95.443766,27.883621],[95.369197,27.805745],[95.116499,27.698284],[95.138514,27.644049],[94.877961,27.543229],[94.80055,27.486617],[94.651722,27.322105],[94.567024,27.188883],[94.517673,27.072301],[94.335048,26.951895],[94.192732,26.885388],[94.023026,26.867353],[93.751622,26.732038],[93.403271,26.738678],[93.245192,26.717543],[93.161167,26.670827],[93.008514,26.635635],[92.787029,26.612045],[92.655926,26.579567],[92.54384,26.521431],[92.442141,26.529285],[92.312433,26.494921],[92.154716,26.418388],[92.071104,26.360924],[92.061699,26.322502],[91.965787,26.270464],[91.643843,26.163881],[91.436259,26.150652],[91.1524,26.204706],[91.052251,26.191528],[90.917169,26.150807],[90.759763,26.155045],[90.579929,26.204292],[90.356067,26.174346],[90.088176,26.065231],[89.8901,25.901262],[89.761839,25.68236],[89.698949,25.490124],[89.701429,25.324553],[89.680139,25.168412],[89.621228,25.026328],[89.619574,24.894863],[89.729128,24.649297],[89.749902,24.41143],[89.739257,24.330195]]]},"properties":{"kind":"river"}},{"type":"Feature","geometry":{"type":"LineString","coordinates":[[29.705918,45.259899],[29.567684,45.370823],[29.403663,45.419657],[29.223571,45.402914],[29.027407,45.320541],[28.894288,45.289949],[28.824318,45.311085],[28.760705,45.234138],[28.883075,45.180033]]},"properties":{"kind":"river"}},{"type":"Feature","geometry":{"type":"LineString","coordinates":[[28.883075,45.180033],[28.883649132178284,45.1797938439465],[29.075363,45.099935],[29.204657,45.080143],[29.276487,45.006866],[29.605459,44.915476]]},"properties":{"kind":"river"}},{"type":"Feature","geometry":{"type":"LineString","coordinates":[[28.882713,45.179827],[28.883649132178284,45.1797938439465],[29.678633,45.151637]]},"properties":{"kind":"river"}},{"type":"Feature","geometry":{"type":"LineString","coordinates":[[13.524167,7.777458],[13.673512,7.854508],[13.717075,7.922256],[13.70457,8.006333],[13.736247,8.070929],[13.850039,8.13847],[13.959903,8.240376],[13.997523,8.312335],[13.999487,8.388377],[13.930137,8.506251],[13.926571,8.597383],[13.966362,8.726444],[13.924504,8.833105],[13.800998,8.917415],[13.68116,9.054461],[13.564991,9.244242],[13.475178,9.314212],[13.411616,9.264396],[13.319063,9.226],[13.197417,9.198974],[13.084194,9.222797],[12.926943,9.334728],[12.820799,9.375035],[12.71724,9.351264],[12.580917,9.276747],[12.455809,9.307339],[12.34181,9.443041],[12.194636,9.505803],[11.924058,9.490558]]},"properties":{"kind":"river"}},{"type":"Feature","geometry":{"type":"LineString","coordinates":[[103.850747,28.668044],[103.942317,28.62678],[104.093729,28.620656],[104.335472,28.635901],[104.492155,28.678715],[104.563675,28.74915],[104.650491,28.795374],[104.752759,28.81744],[104.892544,28.789793],[104.985354,28.790465],[105.091343,28.724371],[105.208648,28.786486],[105.351017,28.805064],[105.423777,28.877075],[105.576533,28.921853],[105.673271,28.897668],[105.784685,28.906091],[105.828921,28.838705],[105.881579,28.852193],[105.834295,28.979989],[105.865197,29.024844],[105.945761,29.058097],[106.075882,29.079698],[106.146317,29.125199],[106.156963,29.194652],[106.252977,29.274079],[106.434155,29.363479],[106.518129,29.426215],[106.522728,29.516467],[106.617503,29.611552],[106.721114,29.577833],[106.801833,29.588168],[106.894282,29.649973],[106.998358,29.763248],[107.083676,29.787071],[107.150132,29.721494],[107.23731,29.698601],[107.345107,29.718341],[107.418798,29.770948],[107.458278,29.856369],[107.530109,29.890476],[107.634185,29.873267],[107.841718,30.043386],[108.308149,30.579529],[108.391245,30.691848],[108.443076,30.853363],[108.495838,30.89243],[108.7567,30.936484],[109.460017,31.01002],[109.54549,31.034488],[109.646362,31.008495],[109.74155,31.016195],[109.883867,31.054358],[109.984119,31.06136],[110.142662,31.031853],[110.284669,31.045496],[110.47365,31.019657],[110.827582,30.921705],[110.970932,30.852226],[111.158931,30.828558],[111.228488,30.78055],[111.308586,30.673218],[111.399227,30.506562],[111.465269,30.41773],[111.520459,30.384347],[111.512295,30.318201],[111.570792,30.287221],[111.735588,30.389334],[111.818271,30.425998],[111.910513,30.386673],[111.968701,30.323421],[112.058101,30.292725],[112.246927,30.277506],[112.252094,30.190767],[112.214991,30.125138],[112.251836,30.067674],[112.362527,30.018375],[112.405573,29.926907],[112.380975,29.793324],[112.409707,29.738495],[112.543653,29.792342],[112.604476,29.752448],[112.706537,29.799396],[112.744674,29.753688],[112.81883,29.73741],[112.884614,29.760277],[112.955101,29.69072],[112.916963,29.599641],[112.924095,29.529981],[113.052666,29.46908],[113.1277,29.462776]]},"properties":{"kind":"river"}},{"type":"Feature","geometry":{"type":"LineString","coordinates":[[24.292295,0.78171],[24.178194,0.923717],[24.004871,1.021592],[23.734397,1.122671],[23.460718,1.341831],[23.183836,1.679019],[22.967828,1.873245],[22.734871,1.950036],[22.557001,2.101216],[22.396494,2.160592],[22.194026,2.178498],[21.96882,2.177619],[21.720773,2.157931],[21.499288,2.112507],[21.304261,2.041374],[20.943818,1.994711],[20.417855,1.97249],[19.901866,1.864434],[19.142842,1.573599],[18.714135,1.223233],[18.526136,1.052184],[18.435909,0.943664],[18.342943,0.691999],[18.199231,0.099788],[18.158791914848376,0]]},"properties":{"kind":"river"}},{"type":"Feature","geometry":{"type":"LineString","coordinates":[[31.163297,30.151261],[31.078134,30.324764],[31.107332,30.418919],[31.210374,30.507699],[31.249804,30.623247],[31.225722,30.765693],[31.244739,30.931911],[31.419871,31.128385],[31.509426,31.186365],[31.578776,31.192412],[31.671225,31.277936],[31.839225,31.526319]]},"properties":{"kind":"river"}},{"type":"Feature","geometry":{"type":"LineString","coordinates":[[17.206423,48.061098],[17.480618,47.88762],[17.635286,47.809899],[17.761893,47.770159],[18.14559,47.763416],[18.753615,47.788375],[18.794543,47.809433],[19.000164,47.8192],[19.103465,47.779229],[19.123929,47.709078],[19.029671,47.412739],[18.958822,47.36468],[18.907198,47.259984],[18.883633,47.151153],[18.928178,47.08325],[18.944922,46.803603],[18.96585,46.685109],[18.873608,46.585865],[18.918825,46.422929],[18.916241,46.271155],[18.859139,46.151085],[18.747518,46.062667],[18.72695,46.014401],[18.7593,45.93469],[18.894485,45.767103],[18.947299,45.655818],[18.953706,45.557995],[19.055096,45.527247],[19.004659,45.399503],[19.093078,45.336923],[19.272808,45.27796],[19.474708,45.243337],[19.698777,45.233053],[19.907033,45.25915],[20.044803,45.186183],[20.253265,45.14988],[20.3391,45.03844],[20.325561,44.96909],[20.421007,44.863825],[20.635619,44.828401],[20.66585,44.74099],[20.731066,44.692595],[20.91276,44.707969],[21.360071,44.82667],[21.523162,44.790083],[21.636127,44.71045],[21.740203,44.680684],[21.909288,44.666111],[22.026904,44.619861],[22.09305,44.541933],[22.20095,44.560691],[22.350708,44.676136],[22.497676,44.706264],[22.720918,44.605521],[22.700765,44.555524],[22.554004,44.540331],[22.494576,44.435428],[22.530646,44.377963],[22.647951,44.316468],[22.687845,44.248307],[22.775179,44.195236],[23.028497,44.077982],[22.985398,44.017003],[22.8683,43.947886],[22.867679,43.864558],[22.919046,43.834456],[23.224609,43.873886],[23.534564,43.853577],[23.950766,43.786656],[24.22677,43.763479],[24.430581,43.794381],[25.159633,43.686326],[25.49708,43.670797],[25.686112,43.711751],[25.818817,43.766838],[25.933436,43.870552],[26.215796,44.007288],[26.489216,44.083976],[26.847747,44.146195],[27.086905,44.167408],[27.266584,44.137797],[27.412467,44.137668],[27.594109,44.179267],[27.860243,44.262622],[28.022145,44.342617],[28.079919,44.419305],[28.032429,44.513304],[27.992121,44.663708],[27.876676,44.744117],[27.830167,44.795612],[27.894556,44.967617],[27.964836,45.26871],[28.011241,45.357593],[28.078938,45.414128],[28.21247,45.450456],[28.317683,45.347129],[28.451266,45.292197],[28.760705,45.234138]]},"properties":{"kind":"river"}},{"type":"Feature","geometry":{"type":"LineString","coordinates":[[32.077557,56.907741],[32.062157,56.877045],[32.241681,56.820615],[32.317749,56.750102],[32.272894,56.60931],[32.134917,56.478336],[32.072647,56.315142],[32.067841,56.193857],[31.974307,56.14355],[31.986296,56.094871],[31.875295,56.068878],[31.641408,56.065519],[31.479454,56.038905],[31.38964,55.989038],[31.37946,55.888837],[31.449016,55.738355],[31.415323,55.655104],[31.171359,55.600638],[31.05581,55.509325],[30.643226,55.436074],[30.408615,55.36936],[30.214415,55.284739],[30.147855,55.194719],[29.925233,55.203814],[29.756768,55.186709],[29.722041,55.128935],[29.438234,55.11152],[29.315606,55.155342],[29.202073,55.257687],[29.057069,55.329181],[28.91868,55.454652],[28.723549,55.52364],[28.503925,55.566014],[28.259908,55.581776],[28.087154,55.620223],[27.985765,55.681408],[27.914297,55.795871],[27.855179,55.819229],[27.604135,55.79768],[27.45913,55.803493],[27.014817,55.898526],[26.809248,55.907234],[26.620835,55.879897],[26.489164,55.899121],[26.41413,55.964853],[26.340181,56.121329],[26.18417,56.264473],[26.165876,56.341626],[26.06428,56.417719],[25.879382,56.492831],[25.70978,56.60931],[25.53408,56.589776],[25.443646,56.617113],[25.174464,56.594324],[25.052611,56.611687],[24.890708,56.668324],[24.688654,56.764236],[24.505409,56.827384],[24.22031,56.893944],[24.091377,56.985333],[24.054325,57.066129]]},"properties":{"kind":"river"}},{"type":"Feature","geometry":{"type":"LineString","coordinates":[[39.64309,38.415588],[40.018467,38.347737],[40.024358,38.305621],[40.149932,38.223042],[40.171429,38.106305],[40.234991,38.091112],[40.261863,38.023261],[40.251941,37.902751],[40.427383,37.832006],[40.96859,37.800484],[41.155349,37.757334],[41.358282,37.744053],[41.639712,37.746353],[41.800477,37.70881],[41.853859,37.555589],[41.840527,37.481123],[41.882333,37.440842],[41.979278,37.434795],[42.093689,37.39516],[42.225671,37.321934],[42.312849,37.229614],[42.376566,37.062493]]},"properties":{"kind":"river"}},{"type":"Feature","geometry":{"type":"LineString","coordinates":[[94.356029,29.309529],[94.525734,29.438746],[94.641025,29.484299],[94.758537,29.48926],[94.843958,29.521196],[94.897391,29.580107],[94.908657,29.689403],[94.958783,29.728082],[95.069267,29.752189],[95.125491,29.793246],[95.17076,29.875954],[95.294473,29.850194],[95.36005,29.781128],[95.395139,29.691082],[95.417566,29.53104],[95.385217,29.41035],[95.29809,29.329063],[95.19112,29.258369],[95.064306,29.19827],[94.944004,29.089801],[94.830315,28.93286],[94.808921,28.846069],[94.879925,28.829352],[94.961005,28.750597],[95.052266,28.609753],[95.096552,28.505961],[95.067614,28.375917],[95.017901,28.316256],[95.022242,28.201819],[95.087767,28.172234],[95.199388,28.169444],[95.290546,28.126759],[95.396482,28.002916]]},"properties":{"kind":"river"}},{"type":"Feature","geometry":{"type":"LineString","coordinates":[[33.735337,55.873696],[33.817709,55.82667],[33.803033,55.76409],[33.890986,55.713034],[33.767893,55.569787],[33.621855,55.556041],[33.584545,55.498215],[33.56992,55.28722],[33.473337,55.1448],[33.390655,54.917217]]},"properties":{"kind":"river"}},{"type":"Feature","geometry":{"type":"MultiLineString","coordinates":[[[32.577991,46.615605],[32.645481,46.649608],[32.93368,46.717278],[33.066644,46.758748],[33.35691,46.785878],[33.539896,46.83125]],[[35.105279,47.840129],[35.129928,47.971982],[35.076598,48.08089],[35.184912,48.150033],[35.169564,48.279844],[35.112617,48.393713],[34.958828,48.477067],[34.818578,48.492157],[34.410127,48.640184],[34.064619,48.807822],[33.717353,48.942207],[33.36306,49.065403],[33.193974,49.093903]],[[31.888007,49.554443],[31.690655,49.636144],[31.4624,49.756705]],[[31.439869,50.000101],[31.244326,49.978913],[31.07121,50.0232],[30.855512,50.125778],[30.706684,50.221999],[30.624829,50.311813],[30.566589,50.416665],[30.514655,50.596602]],[[33.390655,54.917217],[33.109277,54.985791],[32.977915,55.001139],[32.738085,54.916287],[32.611271,54.762937],[32.511535,54.694052],[32.381621,54.694853],[32.221424,54.765391],[32.005571,54.777122],[31.598309,54.706687],[30.973748,54.65514],[30.71764,54.613411],[30.621728,54.56437],[30.462565,54.536594],[30.413265,54.494969],[30.303505,54.326038],[30.318387,54.184703],[30.404894,54.000839],[30.406651,53.89901],[30.323555,53.879244],[30.275134,53.801548],[30.261388,53.665975],[30.283661,53.522832],[30.371201,53.296592],[30.27901,53.250497],[30.284178,53.147635],[30.090804,53.100609],[30.037578,53.051232],[30.03427,52.954003],[30.080883,52.808844],[30.143411,52.710168],[30.258081,52.606221],[30.279423,52.50708],[30.351099,52.409308],[30.503131,52.341793],[30.583901,52.196608],[30.796188,51.99569],[30.772933,51.893887],[30.698623,51.844381],[30.551345,51.657881],[30.547262,51.544916],[30.612478,51.426784],[30.610721,51.330123],[30.507627,51.217313]]]},"properties":{"kind":"river"}},{"type":"Feature","geometry":{"type":"MultiLineString","coordinates":[[[8.219788,48.046809],[8.490056,47.930718],[8.695831,47.936299],[8.835874,47.976348],[8.978708,48.0527],[9.131877,48.086419],[9.295381,48.077531],[9.421058,48.116133],[9.508805,48.202329],[9.784034,48.289094],[9.958803,48.388261],[10.127165,48.452908],[10.385031,48.516212],[10.523575,48.606697],[10.711574,48.679406],[11.025095,48.73532],[11.683556,48.794128],[11.765928,48.870919],[11.964366,48.924921],[12.024207,48.957658],[12.032992,49.027499],[12.242437,49.018094],[12.360827,48.992204],[12.506555,48.923836]],[[17.206423,48.061098],[17.165495,48.117425],[17.028656,48.167086],[16.659066,48.160627],[16.486467,48.212536],[16.36048,48.32749],[16.209481,48.37958],[16.033678,48.368831],[15.861389,48.379373],[15.692717,48.411283],[15.502341,48.416683],[15.359559,48.286304],[15.264733,48.228788],[15.146704,48.19835],[15.035754,48.197885],[14.82879,48.227212],[14.726471,48.197317],[14.583431,48.218737],[14.399669,48.291549],[14.24309,48.328265],[14.113795,48.328885],[14.012199,48.398622],[13.871588,48.461771],[13.48665,48.581841],[13.316273,48.602305],[13.080887,48.690982],[12.908804,48.835702],[12.704217,48.859602],[12.506555,48.931277]]]},"properties":{"kind":"river"}},{"type":"Feature","geometry":{"type":"LineString","coordinates":[[0,41.29964083214223],[0.040339,41.306058],[0.167101,41.410651],[0.262754,41.398895],[0.362206,41.328434],[0.364299,41.255725],[0.525426,41.248904],[0.631724,41.164697],[0.651981,41.083126],[0.53788,40.982383],[0.517054,40.903886],[0.551264,40.802032],[0.650586,40.744619],[0.89114,40.722347]]},"properties":{"kind":"river"}},{"type":"Feature","geometry":{"type":"LineString","coordinates":[[31.124747,9.432525],[31.345922,9.365501],[31.452582,9.353977],[31.518418,9.375655],[31.580843,9.444876],[31.639651,9.561665],[31.745794,9.65693],[31.899066,9.730647],[32.036422,9.834284],[32.157758,9.967764],[32.23455,10.072254],[32.266796,10.147701],[32.270103,10.246481],[32.244368,10.368566],[32.200857,10.435074],[32.139362,10.445978],[32.105875,10.510289],[32.240441,10.655939],[32.511329,10.908017],[32.645326,11.102785],[32.642328,11.240348],[32.672766,11.413929],[32.736638,11.62358],[32.763716,11.795146],[32.729506,12.190006],[32.743149,12.332891],[32.783457,12.488954],[32.790795,12.651941],[32.76506,12.821853],[32.766713,12.939314],[32.795652,13.004297],[32.751727,13.116848],[32.634939,13.276994],[32.585536,13.424401],[32.603623,13.559069],[32.586828,13.638238],[32.500011,13.703789],[32.438775,13.82466],[32.373042,13.885819],[32.295011,14.032141],[32.204577,14.263652],[32.171711,14.465216],[32.196206,14.636859],[32.262248,14.782561],[32.369838,14.902347],[32.440222,15.130317],[32.490141,15.63455]]},"properties":{"kind":"river"}},{"type":"Feature","geometry":{"type":"MultiLineString","coordinates":[[[35.353377,10.155091],[35.293174,10.411148],[35.242325,10.517084],[35.147447,10.572843],[35.181657,10.974447],[35.161038,11.139605],[35.097062,11.202159],[34.993193,11.249184],[34.777547,11.296443]],[[34.379638,11.78308],[34.323983,12.048205],[34.317161,12.193778],[34.340623,12.308112],[34.301142,12.402835],[34.198719,12.477947],[34.15712,12.534274],[34.175206,12.636723],[34.153502,12.728758],[34.065239,12.86335],[34.000023,12.901797],[33.981316,12.958253],[33.960956,13.14403],[33.930415,13.257977],[33.827579,13.325492],[33.74376,13.334173],[33.692032,13.380915],[33.672291,13.46569],[33.593175,13.572531],[33.606869,13.668882],[33.577517,13.733581],[33.599014,13.793112],[33.609143,14.01129],[33.657202,14.109217],[33.566355,14.344164],[33.336601,14.716079],[33.210717,14.955883],[33.1886,15.063577],[33.133823,15.159514],[33.04649,15.243695],[32.949131,15.30364],[32.841954,15.339374],[32.734984,15.422573],[32.628427,15.553211],[32.553548,15.622044],[32.490141,15.63455]]]},"properties":{"kind":"river"}},{"type":"Feature","geometry":{"type":"MultiLineString","coordinates":[[[15.582749,50.692798],[15.614996,50.613913],[15.706204,50.552677],[15.736022,50.484412],[15.864179,50.394082],[15.889036,50.327523],[15.819376,50.196626],[15.817205,50.106968],[15.677421,50.051932],[15.399918,50.031417],[15.235587,50.034698],[15.088103,50.152365],[14.96935,50.17903],[14.778871,50.180942],[14.630973,50.222103],[14.472946,50.342716],[14.388197,50.43811],[14.240557,50.454156],[14.222057,50.49821],[14.108731,50.519656],[14.039433,50.567095],[14.083978,50.660732],[14.160356,50.68626],[14.202885,50.749667],[14.211567,50.850979],[14.136171,50.917874],[13.87381,50.991358],[13.743792,51.078691],[13.622456,51.104478],[13.443035,51.189511],[13.344953,51.312424],[13.226201,51.382445],[13.184343,51.473628]],[[13.191164,51.473628],[12.934229,51.622586],[12.842038,51.711418],[12.828912,51.789707],[12.741579,51.842779],[12.579935,51.870633],[12.381705,51.880968],[12.14699,51.873785],[11.994751,51.908692],[11.843339,52.031295],[11.690842,52.071602],[11.668208,52.155292],[11.757247,52.272753],[11.977905,52.43773],[12.003433,52.561857],[12.013768,52.770319],[11.920544,52.918476],[11.723864,53.006274],[11.555088,53.054178],[11.414322,53.062188],[11.202965,53.146834],[11.105917,53.151459],[10.994347,53.200112],[10.682428,53.369094],[10.412988,53.416843],[10.214808,53.412812],[10.082,53.439943]]]},"properties":{"kind":"river"}},{"type":"Feature","geometry":{"type":"LineString","coordinates":[[83.363728,49.643843],[83.128291,49.681877],[82.990676,49.748282],[82.872337,49.855769],[82.696276,49.946719],[82.462388,50.021185],[82.321208,50.100663],[82.272736,50.185154],[82.150056,50.219028],[81.953169,50.202311],[81.774575,50.22758],[81.614171,50.294837],[81.482448,50.325197],[81.248302,50.33778],[81.089035,50.382455],[80.962945,50.39217],[80.870031,50.366978],[80.691023,50.360441],[80.425923,50.372533],[80.241852,50.409947],[80.138706,50.472733],[80.018713,50.495781],[79.881874,50.479141],[79.701936,50.51671],[79.312813,50.662076],[79.203362,50.677579],[79.050297,50.630347],[78.899505,50.650862],[78.545315,50.767289],[78.348221,50.857594],[78.171487,50.992908],[78.049634,51.225297],[77.959821,51.335291],[77.836831,51.423709],[77.690586,51.498717],[77.520984,51.560316],[77.441196,51.651008],[77.451118,51.77082],[77.333554,51.886239],[77.088504,51.99724],[76.960088,52.108267],[76.948203,52.219294],[76.899627,52.303371],[76.814257,52.360448],[76.77457,52.552219],[76.673026,52.611854],[76.659021,52.735799],[76.493709,52.830135],[76.460894,52.898735],[76.31434,52.905246],[76.241889,52.979945],[76.144324,53.014594],[75.967487,53.034076],[75.854626,53.077742],[75.727192,53.201869],[75.619188,53.246363],[75.503278,53.344005],[75.457441,53.455497],[75.20309,53.590424],[75.050231,53.71021],[75.061961,53.952883],[74.993593,53.985594]]},"properties":{"kind":"river"}},{"type":"Feature","geometry":{"type":"MultiLineString","coordinates":[[[45.463096,31.305195],[45.540766,31.22874],[45.685098,31.18404],[45.922086,31.145541],[46.121144,31.086087],[46.36623094218405,30.963731868427274],[46.483292,30.902584],[46.579617,30.90168],[46.692065,30.941781],[46.885542,30.958834],[47.16015,30.952917],[47.331406,30.96656],[47.44118678195734,31.004340613572797],[47.468452,30.968472]],[[40.992568,34.428467],[41.119072,34.38772],[41.275858,34.442859],[41.379935,34.43025],[41.590723,34.448337],[41.717123,34.497119],[41.827194,34.509057],[41.989613,34.446115],[42.122163,34.301731],[42.286184,34.292197],[42.383284,34.165408],[42.417236,34.058981],[42.509736,34.000638],[42.551129,33.943587],[42.541414,33.887803],[42.672879,33.889611],[42.747551,33.819641],[42.72409,33.751997],[42.767292,33.671123],[42.877156,33.576917],[43.03234,33.502813],[43.105514,33.526171],[43.228194,33.471136],[43.45433,33.442429],[43.649667,33.383673],[43.775757,33.31143],[43.832498,33.225698],[44.029075,33.159708],[44.122041,33.052944],[44.253661,32.828177],[44.263583,32.726995],[44.236608,32.624004],[44.25547,32.496363],[44.321305,32.348517],[44.387348,32.072461],[44.447603,31.981278],[44.476851,31.877874],[44.475094,31.762299],[44.548113,31.648094],[44.769805,31.478854],[45.041882,31.440717],[45.158154,31.402657],[45.209313,31.352014],[45.292874,31.321318],[45.46692,31.305195]]]},"properties":{"kind":"river"}},{"type":"Feature","geometry":{"type":"MultiLineString","coordinates":[[[38.767794,38.812825],[38.554629,38.768022],[38.449881,38.713735],[38.382598,38.635032],[38.367354,38.551342],[38.610078,38.449746],[38.847169,38.412901],[38.92055,38.357969],[39.075476,38.340296],[39.114853,38.305879],[39.114853,38.230457],[39.218206,38.182993],[39.239135,38.102016],[39.17056,38.033596],[38.978221,37.887068],[38.92365,37.745293],[38.841485,37.713099],[38.812753,37.644679],[38.701338,37.631037],[38.607907,37.593313],[38.532563,37.53156],[38.439132,37.494611],[38.327718,37.482519],[38.207312,37.428775],[38.03864,37.436837],[37.966293,37.424564],[37.854568,37.291884],[37.862165,37.115874],[37.95141,37.053863],[37.990529,36.996476],[38.025721,36.835633]],[[41.455485,40.180183],[41.328258,40.016317],[40.984713,39.943712],[40.769791,39.928054],[40.568976,39.945107],[40.396222,39.942213],[40.169362,39.894878],[40.169931,39.823823],[40.229565,39.760157],[40.240469,39.694373],[40.202642,39.62647],[40.122234,39.568231],[39.938989,39.595361],[39.613427,39.665796],[39.414576,39.683444],[39.34254,39.648252],[39.196295,39.618538],[38.97605,39.594302],[38.739786,39.536476],[38.487501,39.44506],[38.426006,39.342457],[38.555301,39.228614],[38.718495,39.144123],[38.739579,39.078494]]]},"properties":{"kind":"river"}},{"type":"Feature","geometry":{"type":"MultiLineString","coordinates":[[[89.483148,22.27554],[89.425271,22.495526],[89.372147,22.58118],[89.299697,22.618852]],[[89.299697,22.618852],[89.260785,22.573558],[89.255462,22.445349],[89.286468,22.307579],[89.35375,22.160301],[89.378555,22.058085],[89.3522,21.972303],[89.335819,21.788386],[89.35375,21.721103]],[[88.439749,22.986478],[88.385024,22.867958],[88.34668,22.735253],[88.343786,22.629265],[88.290043,22.549399],[88.185346,22.495604],[88.117547,22.410234],[88.087058,22.217714]],[[88.439749,22.986478],[88.597931,22.974774],[88.682164,22.953793],[88.82045,22.858373],[88.845254,22.700243],[88.909643,22.65854],[88.971448,22.510926],[89.049945,22.274636],[89.051443,22.093174]],[[90.074378,23.573419],[90.096031,23.340307],[90.127243,23.25194],[90.228426,23.178482],[90.298757,23.088074],[90.315242,23.015598],[90.361648,22.961054],[90.361338,22.875865],[90.394307,22.774838],[90.435028,22.751919]],[[89.109373,23.991921],[89.218565,23.80847],[89.301764,23.732505],[89.447181,23.640185],[89.499581,23.571662],[89.526866,23.483373],[89.598335,23.443091],[89.597818,23.383043],[89.637557,23.252483],[89.709491,23.192331],[89.765353,23.020068],[89.926274,22.840182],[90.007561,22.685231],[90.013555,22.563481],[89.985133,22.466381]],[[89.109373,23.991921],[89.199755,23.932648],[89.37995,23.901125],[89.497049,23.843558],[89.604019,23.823094],[89.749282,23.848054]],[[88.396961,24.389261],[88.510133,24.261388],[88.554213,24.128863],[88.615708,24.098478],[88.636172,24.011584],[88.690225,23.967762],[88.805257,23.92792],[88.864426,23.855909],[88.867837,23.751729],[88.837193,23.665791],[88.772391,23.598095],[88.763709,23.530657],[88.811045,23.463478],[88.884683,23.423454],[88.925973,23.363484],[88.988915,23.332788],[89.027517,23.186079],[89.088754,23.112595],[89.112938,23.04048],[89.113455,22.892556],[89.153866,22.809125],[89.275512,22.702671],[89.299697,22.618852]],[[88.396961,24.389261],[88.498557,24.346628],[88.642321,24.325957],[88.723505,24.274901],[88.769755,24.144289],[88.858277,24.131086],[88.925973,24.155063],[89.009637,24.108684],[89.109373,23.991921]],[[87.919833,24.825048],[87.940193,24.666014],[88.018845,24.542533],[88.174598,24.388796],[88.238056,24.234258],[88.209014,24.07897],[88.205397,23.944689],[88.226998,23.831414],[88.215422,23.739637],[88.183383,23.700104],[88.213717,23.636749],[88.360736,23.460558],[88.352158,23.333356],[88.375206,23.255428],[88.429983,23.226774],[88.486051,23.133524],[88.439749,22.986478]],[[87.919833,24.825048],[87.999363,24.661441],[88.079048,24.549923],[88.145452,24.485793],[88.225034,24.460626],[88.287149,24.479746],[88.396961,24.389261]],[[79.840739,30.888477],[79.820276,30.836826],[79.864614,30.679006],[79.744931,30.543201],[79.667107,30.522117],[79.570782,30.550022],[79.470219,30.515993],[79.232094,30.30089],[79.158921,30.284767],[79.066523,30.300063],[78.939296,30.291846],[78.777238,30.260065],[78.668718,30.201361],[78.613838,30.115733],[78.519786,30.089817],[78.386565,30.12364],[78.281041,30.092892],[78.203113,29.997601],[78.17035,29.889132],[78.182856,29.767537],[78.139448,29.673073],[78.040126,29.605687],[78.022194,29.491844],[78.085549,29.331543],[78.106013,29.180881],[78.083586,29.03983],[78.098313,28.882113],[78.176035,28.620501],[78.242491,28.521722],[78.283728,28.352378],[78.336852,28.253418],[78.430386,28.146422],[78.60314,28.026429],[78.855218,27.893492],[79.02482,27.824762],[79.111947,27.820214],[79.167499,27.786289],[79.19158,27.722985],[79.255142,27.680171],[79.358392,27.657795],[79.51864,27.567775],[79.590574,27.466489],[79.661991,27.316498],[79.732787,27.217435],[79.838052,27.145243],[79.922491,27.12558],[79.998352,27.024862],[80.093851,26.836553],[80.237718,26.648038],[80.429851,26.459264],[80.543901,26.317309],[80.579764,26.222172],[80.651749,26.138353],[80.75996,26.065954],[80.868687,26.037532],[80.978138,26.05319],[81.122832,25.988776],[81.302769,25.844366],[81.394598,25.745509],[81.398215,25.692256],[81.45754,25.645851],[81.572572,25.606344],[81.686053,25.517668],[81.755558,25.498935],[81.857154,25.50741],[81.906815,25.48692],[81.903249,25.412764],[82.042052,25.312357],[82.11998,25.284659],[82.183129,25.296234],[82.225865,25.243498],[82.299866,25.260474],[82.344979,25.226523],[82.43562,25.235049],[82.512618,25.183579],[82.619588,25.219701],[82.785934,25.144021],[82.878797,25.141618],[82.965096,25.187662],[83.07403,25.330134],[83.138936,25.344241],[83.135215,25.426975],[83.170045,25.510174],[83.241565,25.518856],[83.353497,25.497591],[83.489251,25.444158],[83.518138,25.533842],[83.669653,25.607016],[83.803392,25.518934],[83.86623,25.522318],[83.959093,25.577044],[84.081979,25.683187],[84.171018,25.7221],[84.283517,25.701041],[84.342894,25.743752],[84.42847,25.747163],[84.539987,25.711247],[84.634142,25.708328],[84.710933,25.738326],[84.826688,25.747008],[84.981408,25.734399],[85.11897,25.682567],[85.23917,25.591565],[85.338492,25.543971],[85.555119,25.543635],[85.617751,25.493741],[85.696609,25.473794],[85.78601,25.494568],[85.880061,25.462219],[85.978969,25.376694],[86.097825,25.323623],[86.236731,25.303004],[86.370728,25.340805],[86.499816,25.437104],[86.571026,25.447672],[86.584359,25.372534],[86.668126,25.27608],[86.74285,25.279827],[86.840932,25.32662],[86.964956,25.320083],[87.115127,25.260241],[87.218584,25.266985],[87.275324,25.340366],[87.350462,25.382715],[87.443893,25.394006],[87.517635,25.366436],[87.571689,25.299981],[87.643726,25.25696],[87.733746,25.2374],[87.779325,25.193191],[87.780461,25.124358],[87.824335,25.064362],[87.911048,25.013202],[87.942415,24.955945],[87.919833,24.825048]]]},"properties":{"kind":"river"}},{"type":"Feature","geometry":{"type":"LineString","coordinates":[[45.809122,32.502202],[45.900744,32.430682],[45.922913,32.316426],[45.988542,32.219222],[45.997534,32.132974],[45.969835,32.005127],[45.985958,31.921669],[46.046006,31.88255],[46.089311,31.772712],[46.115976,31.592103],[46.15401,31.456995],[46.203309,31.367388],[46.370844,31.202075],[46.405416,31.112313],[46.36623094218405,30.963731868427274],[46.366193,30.963588]]},"properties":{"kind":"river"}},{"type":"Feature","geometry":{"type":"MultiLineString","coordinates":[[[81.738815,16.942248],[81.832556,16.669164],[81.855655,16.552943],[81.79969,16.465326],[81.706414,16.400033],[81.711736,16.334455]],[[81.738815,16.942248],[81.88816,16.776547],[82.034094,16.713037],[82.338675,16.706526]],[[73.652487,20.012784],[73.888648,19.990201],[73.98983,19.998883],[74.083571,20.036348],[74.422465,19.917673],[74.588967,19.834862],[74.748957,19.72598],[74.916906,19.652134],[75.197405,19.57865],[75.246911,19.532865],[75.472789,19.425326],[75.677531,19.361506],[75.845531,19.37582],[76.091769,19.290968],[76.318991,19.257171],[76.353304,19.202291],[76.337284,19.140279],[76.426788,19.076872],[76.534585,19.098835],[76.710181,18.985508],[76.855599,19.070413],[77.004737,19.104881],[77.195526,19.089274],[77.319136,19.133923],[77.404816,19.120229],[77.452668,19.048243],[77.578914,18.965794],[77.783656,18.872931],[77.968347,18.870399],[78.132988,18.958171],[78.235359,18.984113],[78.319385,18.945666],[78.428836,18.979824],[78.50418,18.955898],[78.575494,18.966491],[78.642776,19.011501],[78.834806,19.0261],[78.952938,19.062997],[79.049625,19.033412],[79.124762,18.937372],[79.201037,18.870916],[79.317154,18.815622],[79.401025,18.843243],[79.496264,18.809214],[79.630933,18.722733],[79.727155,18.690074],[79.785032,18.711261],[79.874484,18.801953],[79.925127,18.807405],[80.029048,18.743611],[80.1416,18.70152],[80.243609,18.709478],[80.318643,18.686147],[80.366495,18.631576],[80.40825,18.463034],[80.472742,18.387612],[80.485455,18.32405],[80.540748,18.260565],[80.687509,18.165532],[80.839903,17.995543],[80.892148,17.864595],[80.895042,17.716051],[80.986044,17.621715],[81.165155,17.581614],[81.266802,17.543064],[81.352068,17.482344],[81.449737,17.471802],[81.586576,17.410359],[81.646624,17.279282],[81.738815,16.942248]]]},"properties":{"kind":"river"}},{"type":"Feature","geometry":{"type":"LineString","coordinates":[[106.943633,25.224688],[107.019339,25.06059],[107.155971,25.008706],[107.276584,24.874709],[107.315031,24.79642],[107.311672,24.72924],[107.362419,24.602607],[107.467322,24.41652],[107.541943,24.318361],[107.60845,24.280637],[107.577754,24.18886],[107.494349,24.086566],[107.547472,23.986262],[107.601112,23.953706],[107.673769,23.961432],[107.73299,23.904898],[107.820944,23.77581],[107.901662,23.722015],[108.039225,23.781546],[108.093692,23.836116],[108.152293,23.843015],[108.342772,23.995202],[108.452533,24.034606],[108.551855,24.007475],[108.631488,23.959623],[108.69133,23.8911],[108.864859,23.805679],[108.873179,23.710491],[108.919275,23.662432],[108.998856,23.662845],[109.112028,23.711783],[109.191713,23.722532],[109.238015,23.69504],[109.321834,23.700207],[109.422603,23.824799],[109.469267,23.847227],[109.528643,23.796377]]},"properties":{"kind":"river"}},{"type":"Feature","geometry":{"type":"MultiLineString","coordinates":[[[97.288253,34.835445],[97.547049,34.875985]],[[97.76285,35.088091],[97.934415,35.082458],[98.028001,35.033779],[98.100865,34.940193],[98.197448,34.873866],[98.382347,34.798186],[98.40002,34.673646],[98.347723,34.593393],[98.376042,34.531381],[98.468543,34.444565],[98.563421,34.389632],[98.660934,34.366585],[98.720104,34.429966],[98.808574,34.473142],[99.001224,34.427511],[99.057551,34.300594],[99.060651,34.081176],[99.12318,33.915243],[99.323788,33.748121],[99.43882,33.81189],[99.619894,33.774502],[99.720973,33.791478],[99.868354,33.743522],[100.062141,33.630661],[100.191435,33.603531],[100.329773,33.757371],[100.434366,33.798687],[100.58738,33.883255],[100.740446,33.927516],[100.824678,33.877777],[100.941984,33.776957],[101.009163,33.764167],[101.026113,33.839356],[101.123368,33.826876],[101.300928,33.726727],[101.48071,33.677531],[101.662663,33.679366],[101.808908,33.611075],[101.919288,33.472686],[102.005071,33.387626],[102.066153,33.355794],[102.192967,33.371168],[102.38541,33.433696],[102.481631,33.483745],[102.45016,33.557384],[102.352544,33.638257],[102.329806,33.725099],[102.205989,33.897259],[102.103153,33.959168],[101.976442,33.985988],[101.83764,34.047328],[101.686848,34.143188],[101.517039,34.218532],[101.32842,34.273361],[101.210494,34.350462],[101.163262,34.449939],[101.086988,34.5127],[100.981671,34.538796],[100.912011,34.593418],[100.878215,34.676566],[100.814653,34.707546],[100.721429,34.686307],[100.629755,34.708166],[100.539734,34.77302],[100.37592,34.826763],[100.307397,34.935542],[100.220477,35.24064],[100.258615,35.281723],[100.166114,35.423781],[100.172315,35.542844],[100.254894,35.695393],[100.333855,35.773527],[100.409303,35.777248],[100.545884,35.869361],[100.743546,36.049841],[100.897852,36.14167],[101.008801,36.144848],[101.175716,36.088909],[101.343406,36.064879],[101.494818,36.085756],[101.629694,36.151489],[101.762502,36.151592],[101.893037,36.086015],[101.993496,35.997467],[102.063776,35.885898],[102.184595,35.844531],[102.355851,35.873366],[102.610306,35.860395],[102.947753,35.805567],[103.177196,35.811561],[103.298636,35.878327],[103.316774,35.931218],[103.231715,35.97026],[103.255589,36.039558],[103.388398,36.139112],[103.560222,36.157845],[103.771062,36.095678],[103.915962,36.068083],[103.995079,36.075059],[104.072232,36.228771],[104.179202,36.32184],[104.352111,36.427803],[104.59096,36.546607],[104.713485,36.627584],[104.690385,36.7275],[104.62517,36.797935],[104.528431,36.850077],[104.400067,36.883899],[104.326583,36.945523],[104.313871,37.093447],[104.352732,37.173881],[104.446059,37.19698],[104.57556,37.306896],[104.691626,37.358599],[104.956932,37.415391],[104.99786,37.461486],[105.151959,37.482777],[105.432769,37.494714],[105.648983,37.521999],[105.800395,37.564736],[105.905298,37.660802],[105.963589,37.810251],[106.036866,37.915696],[106.14381010770946,38]],[[110.51547336108331,38],[110.584754,37.880737],[110.724591,37.732478],[110.782417,37.613777],[110.758129,37.524738],[110.64382,37.384153],[110.657773,37.316172],[110.609869,37.217005],[110.427089,37.020583],[110.387092,36.823127],[110.416961,36.647738],[110.471428,36.565572],[110.485691,36.42881],[110.459852,36.237478],[110.490135,36.005658],[110.576434,35.733323],[110.579432,35.533697],[110.458715,35.343166],[110.366111,35.234232],[110.316295,35.1346],[110.278365,35.007993],[110.262035,34.867846],[110.26989,34.637266],[110.465227,34.59701],[110.618602,34.604193],[110.795284,34.645405],[111.026949,34.7462],[111.10126,34.794827],[111.243164,34.8302],[111.45266,34.852266],[111.588672,34.89942],[111.651408,34.971716],[111.843799,35.074087],[112.117942,35.021584],[112.558742,34.872497],[112.856812,34.809013],[113.012151,34.831182],[113.155708,34.874797],[113.28769,34.939857],[113.398691,34.97417],[113.48897,34.977736],[113.617489,34.953732],[113.784404,34.902211],[113.900314,34.894589],[113.965323,34.930943],[114.156268,34.936059],[114.473147,34.909937],[114.681403,34.92761],[114.798192,34.977736],[114.830852,35.019775]],[[96.164187,35.129639],[96.747718,35.05321],[97.072039,34.930607]]]},"properties":{"kind":"river"}},{"type":"Feature","geometry":{"type":"LineString","coordinates":[[114.837673,35.019775],[114.865578,35.144599],[114.905472,35.228548],[115.01389,35.329523],[115.136053,35.406263],[115.340381,35.502639],[115.381981,35.597207],[115.463268,35.680923],[115.596386,35.758438],[115.781078,35.829777],[115.870892,35.880343],[115.883294,35.938634],[115.966183,35.976202],[116.035739,36.071029],[116.115941,36.142962],[116.450649,36.338506],[116.580822,36.439688],[116.644074,36.56149],[116.735128,36.655696],[116.861942,36.726131],[117.024413,36.772898],[117.150503,36.86204],[117.24011,36.993608],[117.351783,37.081871],[117.485418,37.126752],[117.570943,37.175457],[117.608357,37.228012],[117.692899,37.256124],[117.824674,37.259845],[117.969678,37.290076],[118.127911,37.346868],[118.237517,37.430532],[118.298392,37.541068],[118.385157,37.603907],[118.497811,37.618944],[118.644882,37.67752],[118.826267,37.779581],[118.946053,37.823609],[119.03566,37.809165]]},"properties":{"kind":"river"}},{"type":"Feature","geometry":{"type":"MultiLineString","coordinates":[[[144.713472,62.766298],[144.440776,63.009126],[144.31608,63.09062],[144.248591,63.091756],[143.973827,63.17847],[143.491893,63.350785],[143.055072,63.47008],[142.663261,63.536329],[142.445704,63.598961],[142.299821,63.728513],[142.05782,63.851478],[141.914987,63.953513],[141.885118,64.03697],[141.920774,64.135879],[142.012138,64.215409],[142.159209,64.27556],[142.366432,64.293311],[142.633806,64.268636],[142.788732,64.302923],[142.861802,64.501024],[143.151397,64.578823],[143.267462,64.633006],[143.265292,64.694191],[143.355519,64.792996],[143.338414,64.871493],[143.084941,65.134216],[143.140131,65.195116],[143.207776,65.388619],[142.813846,65.424198],[142.636906,65.461483],[142.617579,65.592224],[142.679694,65.691856],[142.810746,65.789008],[143.010734,65.883731],[143.146901,66.017108],[143.219145,66.189138],[143.22271,66.309235],[143.157598,66.377344],[143.067578,66.574438],[142.987221,66.650196],[142.864748,66.692932],[142.753798,66.81277],[142.654476,67.009657],[142.614996,67.160294],[142.635459,67.26468],[142.57412,67.340825],[142.655096,67.45193],[142.845214,67.502934],[143.336657,67.600448],[143.647077,67.636621],[144.014703,67.603884],[144.361866,67.613858],[144.649703,67.638972],[144.708304,67.692199],[144.527437,67.750025],[144.593893,67.813768],[145.024668,67.870922],[145.093087,67.980295],[145.237988,67.995281],[145.357671,68.178733],[145.644371,68.21842],[145.714858,68.293429],[145.856038,68.303738],[145.900583,68.431172],[145.969106,68.498248],[146.205629,68.577649],[146.646067,68.544705],[146.939641,68.572972],[147.021755,68.624339],[147.055551,68.734926],[147.143608,68.800633],[147.34618,68.855436],[147.327163,68.930263],[147.483226,68.941658],[147.444313,69.072063],[147.488393,69.146529],[147.392172,69.294634],[147.434133,69.35184],[147.637531,69.439948],[147.567665,69.599163],[147.422764,69.668151],[147.518676,70.003841],[147.389691,70.06668],[147.351657,70.143574],[147.379046,70.271938],[147.538158,70.379735],[147.575675,70.448517],[147.782845,70.521846],[147.867388,70.595226],[148.080398,70.634965],[148.491846,70.6792],[148.709197,70.729895],[148.732452,70.787049],[148.940501,70.837485],[149.333345,70.881281],[149.560618,70.92549],[149.691463,71.045535],[149.912845,71.110699],[149.910054,71.173899],[150.09764,71.226557]],[[144.711818,62.767978],[145.008958,62.507374]]]},"properties":{"kind":"river"}},{"type":"Feature","geometry":{"type":"MultiLineString","coordinates":[[[67.859972,23.902676],[67.925188,24.000758]],[[67.645825,23.919884],[67.711196,23.956626],[67.713418,24.066387]],[[67.925188,24.000758],[68.016603,23.990681],[68.037015,23.84826]],[[67.925188,24.000758],[67.924154,24.055948],[67.713418,24.066387]],[[67.713418,24.066387],[67.660759,24.10486]],[[79.734596,32.443937],[79.429808,32.744978]],[[79.43725,32.738131],[79.340822,32.880681],[79.220312,32.996462],[79.043682,33.132991],[78.90674,33.189034],[78.809484,33.164539],[78.639831,33.207792],[78.245488,33.397962],[78.183373,33.445297],[78.150403,33.542139],[78.076919,33.620015],[77.931295,33.726934],[77.792131,33.857365],[77.659529,34.011206],[77.529769,34.106136],[77.339393,34.160137],[76.96691,34.287778],[76.782115,34.386299],[76.660778,34.498282],[76.529314,34.582644],[76.387617,34.639385],[76.285091,34.708321],[76.221529,34.789376],[76.20892,34.923657],[76.141895,35.007579],[75.995031,35.112896],[75.902013,35.209531],[75.862843,35.297432],[75.791477,35.334588],[75.687815,35.320945],[75.567719,35.357093],[75.431086,35.442979],[75.333108,35.560698],[75.263861,35.589663],[75.145212,35.597724],[75.000725,35.632347],[74.830399,35.693532],[74.740069,35.753477],[74.729734,35.812181],[74.654028,35.826031],[74.631032,35.747534],[74.632065,35.600825],[74.575324,35.50003],[74.460809,35.445124],[74.34247,35.414583],[74.220307,35.408407],[74.058457,35.435874],[73.856919,35.496955],[73.6452,35.53101],[73.423302,35.538038],[73.301604,35.471169],[73.28021,35.330402],[73.1751,35.20426],[72.986377,35.092742],[72.885195,35.004479],[72.871656,34.939366],[72.944571,34.808883],[72.813726,34.726253],[72.781635,34.622538]],[[72.706911,34.085543],[72.651617,34.031747],[72.410754,33.999837],[72.297169,33.958574],[72.238826,33.894934],[72.235726,33.808996],[72.197485,33.77197],[72.124104,33.783933],[72.03827,33.757087],[71.913885,33.504079],[71.839212,33.406333],[71.761801,33.372279],[71.721958,33.273783],[71.719685,33.110847],[71.650955,32.993878],[71.515666,32.922797],[71.424716,32.837686],[71.354539,32.688884],[71.3441,32.483547],[71.272994,32.311103],[71.070215,31.999081],[70.861081,31.569495],[70.800774,31.299692],[70.82899,30.919844],[70.769769,30.810755],[70.774523,30.716291],[70.823512,30.600096],[70.829506,30.485478],[70.792506,30.37241],[70.791524,30.211903],[70.826561,30.003957],[70.791886,29.825157],[70.687603,29.675502],[70.656649,29.550393],[70.699127,29.449882],[70.702331,29.35348],[70.666261,29.261237],[70.657114,29.097862],[70.611639,29.023112],[70.51459,28.951799],[70.396768,28.915005],[70.287369,28.83545],[70.114873,28.677113],[69.962014,28.575724],[69.828792,28.531282],[69.714949,28.444388],[69.620588,28.314965],[69.534908,28.24577],[69.458014,28.236881],[69.389181,28.172389],[69.248931,28.141358],[69.17059,28.084539],[69.025896,28.040046],[69.007912,27.994777],[68.929467,27.955297],[68.94311,27.897316],[68.884457,27.792128],[68.938407,27.719187],[68.826476,27.677794],[68.762449,27.697793],[68.705192,27.759495],[68.573107,27.687742],[68.426242,27.641052],[68.30656,27.572116],[68.317722,27.419825],[68.162279,27.300143],[68.174785,27.207616],[68.121041,27.193121],[68.108536,27.117053],[68.063215,27.062018],[67.963066,26.997784],[67.910925,26.909779],[67.890926,26.486859],[67.899556,26.368623],[67.981928,26.24336],[68.067608,26.191993],[68.201553,25.99893],[68.332295,25.87271],[68.378803,25.794808],[68.348108,25.728171],[68.400301,25.683549],[68.39844,25.620659],[68.342423,25.539423],[68.323096,25.443925],[68.340459,25.334165],[68.318549,25.191693],[68.353172,25.158413],[68.286199,25.089115],[68.269353,25.009223],[68.183466,24.973256],[68.154941,24.907162],[68.068228,24.8698],[68.024613,24.760349],[67.985752,24.544342],[67.935626,24.430189],[67.85005,24.395514],[67.848655,24.343837],[67.787108,24.239193],[67.702152,24.190513],[67.626705,24.077962],[67.45395,24.039902]]]},"properties":{"kind":"river"}},{"type":"Feature","geometry":{"type":"MultiLineString","coordinates":[[[94.703295,16.511938],[94.744326,16.782929],[94.742259,16.90809],[94.795175,17.035162],[94.903076,17.164146],[94.953925,17.257267],[94.977231,17.352481],[95.042447,17.371111],[95.120168,17.472371],[95.210344,17.656235],[95.304395,17.766254],[95.454877,17.856094],[95.520092,17.907564],[95.574973,17.904153],[95.633057,17.809818],[95.694242,17.624532],[95.783022,17.438316],[95.899397,17.251092],[95.95557,17.129833],[95.951539,17.074488],[96.041921,16.969275],[96.089618,16.846672],[96.189095,16.768331]],[[95.481438,16.813909],[95.323464,16.328203],[95.236802,16.132995],[95.132519,16.024862],[95.098619,15.957812],[95.078362,15.839137]],[[95.599571,16.901734],[95.64918,16.767504],[95.71853,16.709394],[95.828911,16.653377],[95.871751,16.593329],[95.845447,16.478064],[95.909836,16.412306],[95.994275,16.390344],[96.042851,16.339933]],[[95.472498,17.743672],[95.355968,17.665795],[95.296023,17.554174],[95.290752,17.502239],[95.339587,17.431184],[95.317004,17.347753],[95.263467,17.301683],[95.248171,17.178487],[95.186056,17.077718],[95.166109,16.978706],[95.175101,16.903439],[95.221713,16.79621],[95.145128,16.610485],[95.060586,16.565604],[95.01449,16.503412],[94.968291,16.387605],[94.907365,16.287792],[94.793728,16.162037],[94.74784,16.080414],[94.656217,15.988792]]]},"properties":{"kind":"river"}},{"type":"Feature","geometry":{"type":"MultiLineString","coordinates":[[[74.993593,53.985594],[74.918352,54.002802],[74.924399,54.06577],[74.745133,54.213926],[74.558478,54.399729],[74.399935,54.448511],[74.304953,54.516569],[74.125223,54.58641],[73.728244,54.693768]],[[73.72194,54.693768],[73.538902,54.805337],[73.317623,54.888123],[73.346045,54.95954],[73.307908,55.008839],[73.203315,55.036072],[73.157426,55.097412],[73.170345,55.19291],[73.127557,55.24221],[73.029269,55.24531],[73.019554,55.304945],[73.423508,55.51842],[73.661788,55.618414],[73.877796,55.688849],[74.081143,55.729131],[74.271829,55.739208],[74.468768,55.833026],[74.709321,56.058026],[74.675525,56.125644],[74.681158,56.263698],[74.729062,56.289045],[74.74875,56.396119],[74.678367,56.477897],[74.680124,56.563369],[74.576926,56.717288],[74.596873,56.757466],[74.510936,56.892574],[74.386602,56.935569],[74.333634,56.988046],[74.117264,57.053004],[74.119073,57.133154],[73.965491,57.174133],[73.769999,57.17943],[73.599312,57.272318],[73.504279,57.265032],[73.371263,57.326837],[73.180267,57.362442],[73.113295,57.408021],[72.903437,57.458302],[72.779568,57.442127],[72.625469,57.471583],[72.449873,57.53437],[72.230971,57.579173],[71.950678,57.580672],[71.750794,57.642658],[71.527138,57.645267],[71.472568,57.698597],[71.312371,57.721025],[71.107526,57.710225],[70.963865,57.763813],[70.7846,57.776939],[70.526062,57.858923],[70.425087,57.861481],[70.373462,57.956979],[70.294397,57.977443],[70.136629,57.958685],[70.053223,58.008733],[69.877265,58.001421],[69.648803,57.960132],[69.426698,58.017415],[69.315904,57.995168],[69.140256,58.032298],[69.069666,57.999923],[68.931224,58.032427],[68.818156,58.013565],[68.605146,58.107668],[68.463656,58.149267],[68.225841,58.168388]],[[68.861358,61.124435],[69.010651,61.019247],[69.160874,60.975762],[69.361896,60.958967],[69.515788,60.885431],[69.622552,60.755258],[69.836389,60.621313],[69.769209,60.511656],[69.777994,60.379777],[69.873803,60.258596],[69.729367,60.170152],[69.737842,60.095195],[69.854321,60.057523],[69.888479,60.005278],[69.871115,59.834617],[69.757479,59.76643],[69.498167,59.727466],[69.334301,59.649538],[69.284278,59.576622],[69.133486,59.561119],[69.046721,59.480607],[68.924817,59.451333],[68.905283,59.354181],[68.830972,59.292118],[68.810405,59.197834],[68.88177,59.160704],[68.855673,59.02123],[68.800793,59.001619],[68.705347,58.787575],[68.568559,58.753468],[68.549129,58.521441],[68.399474,58.499685],[68.328367,58.383465],[68.219382,58.327655],[68.222224,58.166166]]]},"properties":{"kind":"river"}},{"type":"Feature","geometry":{"type":"MultiLineString","coordinates":[[[99.398615,28.119602],[99.430655,27.842384],[99.494217,27.641905],[99.600153,27.425742],[99.726761,27.245624],[99.874142,27.101499],[99.954344,26.993676],[99.96747,26.922078],[100.041057,26.940268],[100.063381,27.012124],[100.063381,27.119818],[100.10865,27.220535],[100.19929,27.314276],[100.231691,27.398586],[100.205956,27.473517],[100.218617,27.554132],[100.26957,27.64038],[100.298405,27.794945],[100.390079,27.836906],[100.42739,27.753655],[100.441756,27.583872],[100.472452,27.483956],[100.545419,27.393005],[100.550173,27.301331],[100.522888,27.237588],[100.46346,27.201802],[100.485887,27.049719],[100.463253,26.900839],[100.408425,26.796969],[100.410595,26.691239],[100.443978,26.499339],[100.44868,26.377563],[100.424806,26.325887],[100.458551,26.236228],[100.581799,26.202794],[100.797703,26.178454],[100.960691,26.211036],[101.070761,26.30054],[101.200056,26.357255],[101.348677,26.381129],[101.446862,26.442469],[101.494611,26.541274],[101.590316,26.593364],[101.733873,26.598739],[101.841257,26.5544],[101.91226,26.460349],[101.940166,26.362629],[101.924869,26.26124],[101.847148,26.098356],[101.852212,26.016397],[101.912054,25.981464],[102.026672,25.993504],[102.125994,26.056859],[102.209813,26.171478],[102.330839,26.266227],[102.488866,26.341131],[102.582504,26.370174],[102.635007,26.252351],[102.752623,26.262945],[102.836132,26.330951],[102.990076,26.395159],[102.993693,26.455285],[103.042114,26.523498],[103.018498,26.63331],[102.94026,26.827562],[102.89742,27.012667],[102.889978,27.188677],[102.903311,27.3127],[102.969147,27.412022],[103.046403,27.39807],[103.147017,27.434346],[103.200192,27.533669],[103.276415,27.582529],[103.325921,27.670301],[103.409585,27.730039],[103.479245,27.813806],[103.534952,27.921552],[103.532317,27.992168],[103.444415,28.065212],[103.483947,28.161175],[103.589471,28.249956],[103.761553,28.243031],[103.840515,28.298118],[103.858705,28.377028],[103.816227,28.479761],[103.808889,28.565337],[103.850747,28.668044]],[[98.54151,31.689797],[98.798962,31.437952],[98.855393,31.323075],[98.796843,31.261219],[98.73788,31.251865],[98.637525,31.279848],[98.614891,31.206364],[98.653338,31.124948],[98.75297,31.035574],[98.798962,30.963382],[98.791211,30.90832],[98.83064,30.842381],[98.917146,30.765538],[98.942829,30.47659],[99.018277,30.102349],[99.038637,29.849134],[99.003911,29.716946],[99.014039,29.550755],[99.096412,29.250489],[99.145866,28.641198],[99.221365,28.360181],[99.398615,28.126423]]]},"properties":{"kind":"river"}},{"type":"Feature","geometry":{"type":"LineString","coordinates":[[30.371201,2.333088],[30.438587,2.662706],[30.362778,2.824944],[30.277977,2.877861],[30.159017,2.875561],[30.008122,2.924344],[29.825291,3.024234],[29.679563,3.080691],[29.570733,3.093662],[29.509135,3.149834],[29.494562,3.249208],[29.440405,3.300212],[29.346664,3.302899],[29.244965,3.381241],[29.135411,3.535288],[29.032988,3.597507],[28.9378,3.567948],[28.814087,3.563814],[28.585987,3.595801]]},"properties":{"kind":"river"}},{"type":"Feature","geometry":{"type":"LineString","coordinates":[[145.215974,61.855863],[145.605614,61.899271],[145.801364,61.876792],[146.096023,61.77964],[146.229555,61.696545],[146.343554,61.590091],[146.486232,61.50945],[146.657488,61.454595],[146.812052,61.453975],[146.949925,61.507615],[147.119165,61.497306],[147.370571,61.590246],[147.432893,61.707758],[147.412377,61.872503],[147.354603,61.984847],[147.259622,62.044844],[147.255281,62.14029],[147.34158,62.27129],[147.464312,62.331209],[147.71794,62.298523],[147.816125,62.243281],[148.02495,62.179564],[148.119879,62.094763],[148.243799,62.074713],[148.396658,62.119361],[148.523782,62.106752],[148.662585,61.97968],[148.622484,61.913224],[148.726871,61.785015],[148.757773,61.659027],[149.026697,61.700317],[149.199865,61.698508],[149.378975,61.660319],[149.500984,61.674324],[149.565889,61.74065],[149.605938,61.85917],[149.751873,61.916789],[149.91517,62.020452],[150.064308,62.075023],[150.428679,62.087787],[150.713519,62.196927],[150.800077,62.34051],[150.81651,62.44885],[150.763129,62.592821],[150.844726,62.671575],[151.055721,62.664909],[151.409704,62.618969],[151.618374,62.55936],[151.741674,62.453501],[151.991994,62.556079],[152.014525,62.470916],[152.084392,62.427198],[152.270995,62.435311],[152.269807,62.525331],[152.462095,62.735809],[152.505348,62.823194],[152.461216,62.928872],[152.520541,62.999876],[152.529533,63.118422],[152.584206,63.194205],[152.583276,63.311536],[152.649939,63.361404],[152.797526,63.393599],[152.908114,63.456075],[152.981856,63.548835],[153.158125,63.669964],[153.436971,63.819464],[153.66445,63.901681],[154.057346,63.960127],[154.314592,64.032526],[154.517422,64.126913],[154.541916,64.212722],[154.409883,64.203291],[154.317434,64.354418],[154.175117,64.406353],[154.079567,64.511902],[154.03063,64.671092],[153.835086,64.734292],[153.492781,64.701452],[153.221687,64.716489],[153.021802,64.77938],[152.818094,64.813047],[152.486899,64.839298],[152.327271,64.925443],[152.127231,64.97991],[151.837017,65.113028],[151.70333,65.21974],[151.605661,65.237104],[151.343145,65.415387],[151.209716,65.531763],[151.150082,65.627881],[150.872993,65.787871],[150.767935,65.886625],[150.74406,65.985947],[150.798062,66.149296],[151.03691,66.162112],[151.08006,66.222935],[151.374358,66.216294],[151.595636,66.255569],[151.769786,66.38246],[151.777692,66.447056],[151.920784,66.503435],[152.400445,66.646527],[152.385149,66.732154],[152.537956,66.806413],[152.640378,66.895607],[152.921808,67.012241],[153.024593,67.109082],[153.179984,67.15094],[153.625228,67.213908],[153.520066,67.345709],[153.534742,67.40741],[153.6444,67.463428],[154.087784,67.534276],[154.86479,67.619904],[155.353753,67.646466],[155.554774,67.613961],[155.803751,67.610447],[156.216801,67.657214],[156.336225,67.775192],[156.132103,67.8741],[156.145901,67.943863],[156.25592,67.960813],[156.667058,67.939419],[156.793355,67.981949],[157.432231,68.093027],[157.653871,68.175012],[157.671338,68.264929],[157.7719,68.359936],[157.955661,68.460008],[158.01943,68.545429],[157.963103,68.616122],[158.174563,68.666403],[158.549113,68.788515],[158.666626,68.741127],[159.156828,68.782546],[159.214602,68.669762],[159.395367,68.631909],[160.126898,68.540261],[160.559017,68.511942],[160.856053,68.538349]]},"properties":{"kind":"river"}},{"type":"Feature","geometry":{"type":"LineString","coordinates":[[96.941298,31.965543],[97.055192,31.691916],[97.120512,31.576574],[97.206811,31.463093],[97.215183,31.380824],[97.172808,31.296178],[97.187898,31.134353],[97.242881,31.049707],[97.332282,30.978626],[97.377447,30.890311],[97.37817,30.784685],[97.495476,30.618338],[97.962734,30.162397],[98.037251,30.046022],[98.108565,29.890166],[98.160655,29.810222],[98.242355,29.762886],[98.306951,29.680204],[98.363278,29.568221],[98.411337,29.426938],[98.484408,29.307152],[98.582489,29.20876],[98.619438,29.125664],[98.59329,29.008721],[98.623986,28.963116],[98.670081,28.772249],[98.726718,28.631844],[98.809297,28.478262],[98.863144,28.303854],[98.888517,28.108621],[98.938023,27.959482],[99.011714,27.85644],[99.035795,27.76828],[99.005151,27.622862],[99.028095,27.516279],[99.088402,27.376805],[99.109744,27.215109],[99.151292,27.160177],[99.175477,27.071113],[99.182298,26.947916],[99.165245,26.801491],[99.124317,26.631889],[99.114085,26.530887],[99.141267,26.379992],[99.134135,26.17556],[99.156563,25.917746],[99.213355,25.792018],[99.309577,25.644275],[99.341255,25.521207],[99.308492,25.422764],[99.341255,25.315018],[99.439646,25.197997],[99.525481,25.129319],[99.598758,25.109062],[99.699682,25.017026],[99.828357,24.853289],[99.938634,24.7619],[100.030618,24.742883],[100.139707,24.689708],[100.250656,24.747172],[100.331633,24.749652],[100.418346,24.682215],[100.510899,24.544859],[100.547692,24.387788],[100.528986,24.210977],[100.485164,24.107624],[100.416228,24.07773],[100.388219,24.026079],[100.401035,23.952647],[100.35556,23.854126],[100.251793,23.730464],[100.184511,23.619747],[100.066792,23.277598],[100.106221,23.14913],[100.232828,23.022523],[100.313185,22.887337],[100.347395,22.743677],[100.415297,22.635621],[100.516997,22.563171],[100.566916,22.501573],[100.587897,22.397806],[100.635542,22.342538],[100.631822,22.26815],[100.704737,22.205182],[100.715383,22.141388],[100.770005,22.047337],[100.868603,21.923107],[100.983738,21.844972],[101.11541,21.812958],[101.147294,21.581629],[101.080373,21.468664],[100.927514,21.366216],[100.819511,21.314203],[100.75662,21.312653],[100.703135,21.25139],[100.65921,21.13039],[100.613683,21.059335],[100.536169,20.992388],[100.522216,20.921927],[100.565159,20.825112],[100.407443,20.823225],[100.326104,20.795682],[100.249313,20.73026],[100.18389,20.589105],[100.12963,20.372219],[100.114954,20.257679],[100.174124,20.272768],[100.218049,20.339586],[100.317991,20.385888],[100.37313,20.340361],[100.431524,20.240729],[100.491572,20.184091],[100.553274,20.170449],[100.588517,20.0734],[100.597302,19.89305],[100.652699,19.825173],[100.754812,19.869769],[100.856718,19.877547],[100.95852,19.848556],[101.153444,19.872302],[101.223103,19.838324],[101.333278,19.821891],[101.484069,19.822976],[101.699353,19.889768],[101.979233,20.022267],[102.137053,20.086578],[102.232551,20.011259],[102.14098,19.903488],[101.92983,19.7343],[101.82348,19.604049],[101.821723,19.512789],[101.885802,19.372229],[101.844771,19.310165],[101.819036,19.180742],[101.808494,18.98401],[101.815987,18.855077],[101.841464,18.793944],[101.826374,18.69811],[101.77046,18.567549],[101.657702,18.422235],[101.4881,18.262245],[101.408312,18.118894],[101.418544,17.992261],[101.458645,17.901828],[101.563651,17.820515]]},"properties":{"kind":"river"}},{"type":"Feature","geometry":{"type":"LineString","coordinates":[[5.331075,51.962978],[5.161318,51.993519],[4.998796,51.977319],[4.786923,51.924531],[4.595927,51.897504],[4.425911,51.896264],[4.280235,51.919002],[4.084847,51.994088]]},"properties":{"kind":"river"}},{"type":"Feature","geometry":{"type":"MultiLineString","coordinates":[[[120.648378,60.403471],[120.343435,60.39621],[120.184272,60.349702],[120.06924,60.261593],[119.87411,60.229115],[119.598881,60.252317],[119.354762,60.191417],[119.141751,60.046464],[118.958558,59.965591],[118.805286,59.948796],[118.575326,59.870248],[118.482102,59.777799],[118.322525,59.724804],[117.998307,59.805342],[117.446713,59.986468],[117.129419,60.134263],[117.04622,60.248829],[116.883543,60.381018],[116.669189,60.43905],[116.321407,60.505248],[116.030933,60.597697],[115.797873,60.716501],[115.5028,60.77474],[115.145716,60.77257],[114.892553,60.745078],[114.743208,60.692265],[114.549422,60.566794],[114.310987,60.368667],[114.137354,60.260095],[114.028523,60.240949],[113.822541,60.124806],[113.519407,59.911615],[113.239631,59.779297],[112.983006,59.727776],[112.835883,59.673981],[112.745191,59.578483],[112.642768,59.544531],[112.543394,59.363302],[112.393688,59.273721],[112.160524,59.215378],[111.846124,59.186775],[111.548571,59.018956],[111.322642,58.93046],[111.201823,58.847003],[111.186216,58.768558],[111.116556,58.738792],[110.992843,58.757706],[110.805361,58.659004],[110.560208,58.66244],[110.281775,58.644638],[109.970166,58.605622],[109.797671,58.539166],[109.694318,58.358583],[109.587347,58.27926],[109.42684,58.214586],[109.239152,58.261354],[109.084742,58.264144],[108.721147,58.113404],[108.605599,58.043538],[108.593816,58.000853],[108.408608,57.906905],[108.33161,57.824998],[108.228877,57.784897],[108.100306,57.786654],[108.029303,57.701646],[107.904401,57.635009],[107.871793,57.522562],[107.619199,57.40784],[107.564629,57.34296],[107.41456,57.270613],[107.250746,57.276091],[107.148633,57.325597],[106.98854,57.309861],[106.937483,57.270122],[106.912472,57.14597],[106.864826,57.082718],[106.746746,57.042565],[106.558127,57.025512],[106.34801,57.050782],[106.256181,57.011042],[106.149831,56.908981],[105.985655,56.832965],[105.763705,56.782943],[105.711822,56.711319],[106.031285,56.697676],[106.172879,56.671115],[106.256285,56.616803],[106.280573,56.500583],[106.200681,56.410562],[105.822048,56.315529],[105.694665,56.266101],[105.718126,56.151741],[105.821169,56.069834],[105.84404461964726,56]],[[126.95578969186317,72],[127.127155,71.898971],[127.162295,71.683222],[127.258207,71.41174],[127.250042,71.293866],[127.316911,71.183924],[127.458815,71.081966],[127.506564,70.998767],[127.414218,70.741832],[127.090827,70.60613],[126.789192,70.540604],[126.509415,70.545178],[126.231086,70.527323],[125.800621,70.449344],[125.833074,70.367281],[125.990067,70.308577],[126.018903,70.234628],[125.77344,70.068928],[125.484775,69.973662],[125.201175,69.903511],[125.078702,69.825506],[125.022788,69.716262],[124.721979,69.400312],[124.621572,69.33644],[124.251052,69.181256],[124.093749,69.096506],[123.985228,68.926439],[123.927144,68.633873],[123.853247,68.474348],[123.689329,68.258676],[123.534506,68.17279],[123.309507,68.091606],[123.150499,67.929187],[123.057378,67.68543],[123.09474,67.454591],[123.26274,67.236568],[123.397874,66.997435],[123.500297,66.737167],[123.587837,66.580949],[123.738008,66.461396],[123.876088,66.197975],[124.0275,66.022069],[124.210951,65.873292],[124.285262,65.733094],[124.250535,65.601526],[124.267898,65.504219],[124.373835,65.378594],[124.407993,65.251625],[124.59346,65.097526],[124.79045,64.991589],[124.954316,64.931179],[125.220088,64.878624],[125.453666,64.746953],[125.503068,64.665097],[125.743519,64.575387],[126.175017,64.477822],[126.506211,64.377931],[126.85265,64.224452],[127.2919,63.965243],[127.585525,63.84339],[127.879978,63.772464],[128.077537,63.697456],[128.178254,63.618339],[128.416896,63.526769],[128.640655,63.515762],[129.187598,63.523461],[129.379628,63.489872],[129.585817,63.305439],[129.637338,63.199347],[129.6223,63.033931],[129.763894,62.858024],[129.827662,62.69576],[129.909415,62.569359],[130.008943,62.478822],[130.036539,62.322139],[129.933806,62.239715],[129.873241,62.030994],[129.788492,61.893483],[129.63832,61.747601],[129.476263,61.63076],[129.215607,61.499192],[128.751449,61.323131],[128.480768,61.266028],[128.248999,61.26918],[127.893103,61.227736],[127.413029,61.141695],[127.047264,61.103144],[126.795599,61.112084],[126.553754,61.101335],[126.321727,61.070846],[126.097451,61.014209],[125.88103,60.931449],[125.578309,60.856958],[124.994882,60.757635],[124.89277,60.710041],[124.473261,60.675056],[124.278854,60.645601],[124.147079,60.59935],[123.551973,60.575993],[122.296856,60.575373],[121.653381,60.597542],[121.424764,60.6425],[121.161835,60.622347],[120.864489,60.53708],[120.700364,60.472537],[120.653855,60.406701]]]},"properties":{"kind":"river"}},{"type":"Feature","geometry":{"type":"MultiLineString","coordinates":[[[105.688671,58.068291],[105.87698,57.982301],[106.199234,58.027518],[106.319433,58.010671],[106.533942,57.90768],[106.889941,57.82629],[107.057321,57.803966],[107.316943,57.826755],[107.503547,57.815799],[107.600389,57.874039],[107.762446,57.898533],[107.891844,57.961139],[108.074882,58.089452],[108.341532,58.211383],[108.466692,58.339695],[108.50638,58.43478],[108.460595,58.496636],[108.497698,58.585417],[108.416256,58.721429],[108.465762,58.903175],[108.448089,59.024873],[108.392433,59.126055],[108.252132,59.246978],[108.133896,59.395109],[108.023102,59.484845],[108.045323,59.553109],[107.940626,59.656643],[107.962537,59.725812],[108.083563,59.817899],[108.103614,60.001635],[108.037881,60.204956],[107.897218,60.246245],[107.80327,60.342906],[107.840942,60.492949],[107.895461,60.553927],[107.866626,60.679087],[107.955819,60.840369],[107.964811,60.94181],[107.874997,60.955349],[107.865902,61.073688],[108.007392,61.144795],[107.959023,61.230552],[108.036279,61.378838],[107.978143,61.466894],[108.084907,61.635385],[108.000261,61.751735],[108.047803,61.929347],[108.223038,62.034198],[108.22464,62.19083],[108.279417,62.25589],[108.255749,62.421358],[108.080101,62.349941],[107.962124,62.388389],[107.922178,62.442468],[107.950135,62.527476],[108.062479,62.583467],[108.586685,62.680722],[108.563224,62.754568],[108.239316,62.752552],[108.237456,62.841488],[108.365613,62.877558],[108.554852,62.887014],[108.551648,62.948096],[108.187846,62.972746],[108.119272,62.990161],[108.21849,63.143045],[108.151208,63.187513],[107.999744,63.189347],[107.92688,63.077597],[107.455281,63.214385],[107.278341,63.303837],[106.829376,63.333964],[106.917846,63.42432],[106.859142,63.519172],[106.569237,63.5262],[106.356537,63.44357],[106.17231,63.445249],[106.025808,63.366985],[105.817965,63.39241],[105.645883,63.381067],[105.50956,63.33293],[105.385175,63.326678],[105.272624,63.362231],[105.116716,63.463775],[104.774515,63.51726],[104.156568,63.568368],[103.806512,63.624902],[103.637168,63.785358],[103.271454,63.899433],[103.030125,64.032474],[102.830757,64.102961],[102.539302,64.097742],[102.372697,64.04653],[101.993651,64.093659],[101.783896,64.140452],[101.617188,64.202619],[101.43167,64.20156],[101.227548,64.137222],[101.023012,64.130401],[100.818064,64.181044],[100.487334,64.211223],[100.277838,64.29406],[100.036509,64.231997],[99.929229,64.157738],[99.443057,64.1319],[98.57789,64.154586],[98.12443,64.154017],[98.159001,63.992683],[97.931625,63.933049],[97.906407,63.888788],[97.997667,63.827732],[98.002835,63.761328],[97.779851,63.774712],[97.360962,63.825458],[96.992716,63.836827],[96.675061,63.808819],[96.476416,63.818095],[96.271158,63.892224],[96.100109,63.900906],[95.887202,63.945348],[95.632437,64.025498],[95.429349,64.058984],[95.27773,64.045755],[95.077742,64.079396],[94.829179,64.159934],[94.518913,64.190656],[94.146946,64.171587],[93.713794,64.232359],[93.219664,64.373022],[92.831161,64.437928],[92.548284,64.426972],[92.251868,64.365529],[92.080096,64.412451]],[[87.961174,65.775985],[88.131706,65.830039],[88.306889,65.835413],[88.465536,65.90373],[88.836211,65.968687],[89.210917,65.90435],[90.017638,65.656122],[89.974488,65.399264],[89.991748,65.216433],[90.045698,65.116207],[90.212458,65.06559],[90.303512,64.956449],[90.336533,64.831082],[90.51368,64.781757],[90.659717,64.775917],[90.824255,64.71804],[91.007396,64.608124],[91.344585,64.517716],[92.081439,64.411263]]]},"properties":{"kind":"river"}},{"type":"Feature","geometry":{"type":"LineString","coordinates":[[25.547915194983034,0],[25.528602,0.120665],[25.489432,0.23549],[25.409436,0.345664],[25.255337,0.459249],[25.136378,0.507463],[24.9336,0.538572],[24.790766,0.576813],[24.690204,0.627972],[24.584267,0.704763],[24.471613,0.752771],[24.292295,0.78171]]},"properties":{"kind":"river"}},{"type":"Feature","geometry":{"type":"LineString","coordinates":[[82.40048,30.411477],[82.722734,30.365046],[82.825157,30.371015],[82.885773,30.335668],[82.938793,30.261047],[83.164257,30.12612],[83.761017,29.833321],[83.925348,29.76069],[83.982502,29.710642],[83.987153,29.658965],[84.062704,29.585921],[84.188691,29.555276],[84.391779,29.525459],[84.501127,29.451949],[84.51663,29.334747],[84.634245,29.253667],[84.85387,29.208605],[85.014067,29.220956],[85.114629,29.290719],[85.225837,29.312785],[85.408668,29.274389],[85.591913,29.204058],[85.867142,29.195247],[86.295332,29.224547],[86.734479,29.208863],[87.184374,29.148195],[87.472108,29.126284],[87.66021,29.151528]]},"properties":{"kind":"river"}},{"type":"Feature","geometry":{"type":"MultiLineString","coordinates":[[[104.951145,11.590921],[104.9513,11.50829],[105.025662,11.453229],[105.044059,11.211874],[105.104934,10.878561],[105.311019,10.535171],[105.830988,10.000734]],[[104.951145,11.590921],[105.181053,11.446278],[105.266164,11.356413],[105.282184,11.274144],[105.266061,11.180351],[105.217795,11.074983],[105.199088,10.978038],[105.210044,10.889517],[105.248594,10.825128],[105.314843,10.784846],[105.357683,10.723325],[105.377217,10.640591],[105.49013,10.529332],[105.696526,10.389599],[105.930981,10.28361],[106.136395,10.221702]],[[101.563651,17.820515],[101.687468,17.889399],[101.744105,17.952703],[101.774801,18.033422],[101.875467,18.046418],[101.947452,18.081481],[102.034578,18.169847],[102.101499,18.210646],[102.231672,18.14897],[102.351872,18.045927],[102.45879,17.984639],[102.552531,17.965105],[102.598213,17.926761],[102.596043,17.869607],[102.660638,17.817957],[102.717638,17.892242],[102.807451,17.945572],[102.991368,17.986241],[103.051312,18.028512],[103.0912,18.138253]],[[103.09038,18.137059],[103.0912,18.138253]],[[103.0912,18.138253],[103.092343,18.141399]],[[103.0912,18.138253],[103.148516,18.22173],[103.263186,18.278471],[103.251713,18.373478],[103.366952,18.42332],[103.487978,18.418153],[103.629675,18.382548],[103.792249,18.316479],[103.898857,18.295292],[103.949552,18.319011],[104.048719,18.216718],[104.196204,17.98836],[104.322656,17.815812],[104.428179,17.698972],[104.539232,17.609287],[104.655917,17.546733],[104.739685,17.461673],[104.816062,17.300288],[104.759012,17.077149],[104.743509,16.88437],[104.75064,16.647537],[104.81937,16.466075],[104.949904,16.339933],[105.025765,16.238001],[105.047159,16.160254],[105.148755,16.09354],[105.330656,16.03791],[105.406311,15.987448],[105.373186,15.889676],[105.398921,15.829861],[105.462018,15.780407],[105.622111,15.699972],[105.638906,15.585948],[105.615652,15.488254],[105.573742,15.41322],[105.513178,15.360871],[105.66614,15.273332],[105.781688,15.120524],[105.868091,15.032855],[105.906539,14.944359],[105.925866,14.825762],[105.914755,14.712901],[105.873311,14.605724],[105.859513,14.494619],[105.873259,14.379691],[105.864112,14.267372],[105.831969,14.157715],[105.855172,14.070098],[105.93372,14.00452],[105.995732,13.900289],[105.982296,13.803085],[106.021467,13.698105],[106.00462,13.60935],[105.940025,13.485534],[105.918166,13.405229],[106.022655,13.195836],[106.025033,13.060753],[105.980901,12.893374],[105.978369,12.68256],[106.01754,12.428311],[105.98457,12.289431],[105.879667,12.265892],[105.763395,12.26411],[105.635754,12.284108],[105.543357,12.20432],[105.486099,12.024796],[105.388947,11.936378],[105.252005,11.938961],[105.168031,11.9201],[105.089586,11.8546],[105.000031,11.821553],[105.001788,11.747061],[104.948199,11.662493],[104.951145,11.590921]]]},"properties":{"kind":"river"}},{"type":"Feature","geometry":{"type":"LineString","coordinates":[[103.921647,25.878912],[103.854571,25.801164],[103.835657,25.72489],[103.845889,25.57384],[103.882993,25.341451],[103.866766,25.218874],[103.809612,25.128544],[103.712719,25.047825],[103.487771,24.939098],[103.415631,24.955273],[103.326438,25.012789],[103.218537,24.993669],[103.164742,24.943723],[103.165052,24.863005],[103.131514,24.77394],[103.064025,24.676582],[103.052811,24.608653],[103.104849,24.519951],[103.074153,24.458146],[103.080458,24.321384],[103.16929,23.87012],[103.195283,23.817823],[103.375737,23.863247],[103.526735,23.880196],[103.610245,23.915905],[103.626264,23.970372],[103.590814,24.109588],[103.674478,24.184881],[103.745895,24.203846],[103.825012,24.270457],[103.911828,24.384739],[103.987328,24.441738],[104.150935,24.471582],[104.352938,24.562429],[104.53732,24.741177],[104.681187,24.658805],[104.799939,24.672861],[104.941429,24.755879],[105.056255,24.850215],[105.144415,24.955893],[105.20808,24.991059],[105.307919,24.937135],[105.389671,24.935067],[105.488993,24.846546],[105.582631,24.789805],[105.731149,24.734615],[105.942195,24.706942],[105.994388,24.663534],[106.065082,24.688829],[106.154482,24.782803],[106.188175,24.86241],[106.166368,24.927678],[106.230653,24.979225],[106.381238,25.017078],[106.508982,25.070356],[106.613989,25.139086],[106.742456,25.188747],[106.943633,25.224688]]},"properties":{"kind":"river"}},{"type":"Feature","geometry":{"type":"MultiLineString","coordinates":[[[72.653685,41.667431],[72.34931,41.497467],[72.222083,41.376028],[72.17051,41.246372],[72.053204,41.117129],[71.870166,40.988248],[71.597005,40.906599],[71.23372,40.872286],[71.101221,40.841797],[70.863406,40.756376],[70.698352,40.661162],[70.355013,40.435362]],[[77.737199,41.87964],[77.977649,41.868685],[78.018628,41.836258],[77.901116,41.749907],[77.76283,41.623765],[77.585735,41.536276],[77.278208,41.517569],[76.750385,41.510438],[76.387772,41.492455],[76.091511,41.449305],[75.881911,41.459433],[75.746984,41.441941],[75.616863,41.400212],[75.477905,41.396595],[75.330214,41.431037],[75.066044,41.446411],[74.685602,41.44269],[74.435798,41.423854],[74.316839,41.389903],[74.179896,41.400497],[74.02497,41.455609],[73.945802,41.518965],[73.942185,41.590588],[73.886322,41.695621],[73.655174,41.783083],[73.512599,41.797397],[73.30004039732047,41.776217960032206],[73.297883,41.776003]]]},"properties":{"kind":"river"}},{"type":"Feature","geometry":{"type":"LineString","coordinates":[[6.038629,51.872183],[5.922461,51.96055],[5.747484,51.981375],[5.331075,51.962978]]},"properties":{"kind":"river"}},{"type":"Feature","geometry":{"type":"LineString","coordinates":[[31.042788,59.950992],[30.981551,59.882237],[30.795051,59.810923],[30.652217,59.835469],[30.477448,59.916886],[30.34743,59.947246],[30.156847,59.904277]]},"properties":{"kind":"river"}},{"type":"Feature","geometry":{"type":"MultiLineString","coordinates":[[[6.265799,4.991427],[6.223682,4.919132],[6.131182,4.844046],[6.077542,4.709868],[6.055372,4.419886],[6.07656,4.290643]],[[6.265799,4.991427],[6.270966,4.432107]],[[6.454831,5.3628],[6.373803,5.345695],[6.240426,5.273813],[6.210092,5.200975],[6.090202,5.124416],[5.992172,5.130437],[5.876107,5.18201],[5.737562,5.191415],[5.475976,5.153846]],[[6.454831,5.3628],[6.348584,5.256269],[6.357783,5.180382],[6.320989,5.114107],[6.266109,5.095452],[6.265799,4.991427]],[[6.556944,5.542246],[6.60614,5.385615],[6.587485,5.301175],[6.474365,5.156481],[6.443152,5.064704],[6.460516,5.002589],[6.526455,4.970136],[6.57255,4.907814],[6.598802,4.815624],[6.708769,4.607471],[6.715177,4.342423]],[[4.625692,9.864514],[4.644141,9.755167],[4.592774,9.571018],[4.586418,9.472549],[4.612153,9.374002],[4.654373,9.3123],[4.71318,9.287444],[4.763772,9.180319],[4.829607,9.160707],[4.94712,9.184659],[5.056829,9.149571],[5.158631,9.055417],[5.291646,8.988651],[5.455874,8.94917],[5.604082,8.882559],[5.802365,8.741844],[6.019871,8.754453],[6.158725,8.742464],[6.291327,8.710166],[6.384603,8.62844],[6.43845,8.497337],[6.521184,8.377241],[6.632701,8.268126],[6.715901,8.144361],[6.770678,8.005894],[6.776,7.793013],[6.709803,7.36198],[6.664379,6.973399],[6.659573,6.743],[6.690579,6.440357],[6.740912,6.202283],[6.707322,5.977542],[6.556324,5.541342],[6.495087,5.464266],[6.490178,5.388147],[6.454831,5.3628]],[[0,16.178006439305356],[0.143511,15.983107],[0.259421,15.872106],[0.397423,15.774903],[0.471269,15.679147],[0.480881,15.584785],[0.54775,15.510449],[0.671877,15.456163],[0.738849,15.409706],[0.727325,15.282582],[0.674926,15.144192],[0.657459,15.045852],[0.722054,14.947718],[0.798536,14.926221],[0.854966,14.860721],[0.891346,14.751167],[0.964985,14.63027],[1.075883,14.497978],[1.208278,14.38119],[1.36217,14.279878],[1.463405,14.146165],[1.51198,13.980077],[1.581123,13.846933],[1.67073,13.746706],[1.811704,13.650537],[2.003837,13.558372],[2.124553,13.475689],[2.173852,13.402438],[2.309658,13.29862],[2.354616,13.176044],[2.370326,12.975668],[2.415388,12.818184],[2.489699,12.703514],[2.539773,12.528564],[2.596669,12.551637],[2.71816,12.51934],[2.767821,12.43211],[2.843682,12.399424],[3.149555,12.118072],[3.267377,11.991878],[3.299106,11.927128],[3.35993,11.880464],[3.449847,11.851938],[3.531702,11.787446],[3.595419,11.696289],[3.69469,11.619963],[3.851373,11.569914],[4.022318,11.483976],[4.133112,11.390649],[4.240703,11.261303],[4.367517,11.169577],[4.513348,11.115498],[4.620111,11.044727],[4.687704,10.95729],[4.705171,10.836962],[4.656181,10.607208]]]},"properties":{"kind":"river"}},{"type":"Feature","geometry":{"type":"MultiLineString","coordinates":[[[32.490141,15.63455],[32.53541,16.040417],[32.628531,16.256476],[32.784594,16.41812],[32.928667,16.507959],[33.060649,16.525994],[33.164674,16.566173],[33.240638,16.628443],[33.358667,16.685881],[33.518761,16.738436],[33.634567,16.824503],[33.705984,16.944082],[33.731771,17.028883],[33.714563,17.151331],[33.740091,17.246131],[33.810216,17.378888],[33.925041,17.549575],[33.968811,17.792351],[33.941629,18.107267],[33.900391,18.278058],[33.784429,18.363789],[33.71818,18.45523],[33.681903,18.554578],[33.675392,18.661859],[33.644954,18.723922],[33.590488,18.740769],[33.566768,18.847274],[33.573693,19.043386],[33.539069,19.173352],[33.462898,19.237198],[33.413496,19.307607],[33.379699,19.42313],[33.138267,19.502686],[33.017964,19.510773],[32.938486,19.473902],[32.838234,19.3829],[32.717207,19.237689],[32.619746,19.160691],[32.545642,19.151906],[32.46761,19.08297],[32.385445,18.953882],[32.306328,18.889933],[32.153211,18.864999],[32.075593,18.811539],[32.039213,18.743404],[32.04407,18.660618],[32.004641,18.606255],[31.920822,18.58021],[31.799951,18.45244],[31.642028,18.222919],[31.474131,18.077243],[31.296261,18.015335],[31.145882,18.001744],[31.022996,18.03647],[30.910599,18.087113],[30.808693,18.153569],[30.743995,18.256974],[30.716503,18.397327],[30.673818,18.499026],[30.615837,18.561968],[30.561525,18.660205],[30.510779,18.793737],[30.486233,18.987989],[30.487886,19.243063],[30.457914,19.471112],[30.396419,19.672185],[30.349962,19.786389],[30.369806,19.856928],[30.499772,19.914134],[30.575013,19.967283],[30.599662,20.098128],[30.570879,20.29101],[30.48954,20.350954],[30.42205,20.358241],[30.365981,20.416945],[30.32123,20.527016],[30.31663,20.615796],[30.397142,20.805009],[30.510417,20.840227],[30.576253,20.900275],[30.594753,20.985154],[30.68684,21.076233],[30.698623,21.176951],[30.763115,21.249065],[30.902745,21.336992],[30.969872,21.399133],[30.994109,21.49259],[31.09064,21.609198]],[[32.879471,23.987683],[32.913061,24.328438],[32.912648,24.453986],[32.891874,24.539562],[32.919882,24.638936],[32.920968,24.77022],[32.895026,24.933414],[32.847639,25.082423],[32.628737,25.238589],[32.540371,25.349822],[32.492932,25.565365],[32.523214,25.612003],[32.704133,25.754268],[32.764026,25.87917],[32.763199,26.034173],[32.734364,26.128845],[32.677623,26.163261],[32.553393,26.142797],[32.361674,26.067427],[32.228658,26.076884],[32.154244,26.171168],[32.015235,26.200107],[31.965522,26.297413],[31.871368,26.37467],[31.82026,26.445311],[31.812301,26.509287],[31.729981,26.543083],[31.711739,26.605095],[31.655308,26.643749],[31.552627,26.761984],[31.340651,27.057108],[31.244946,27.143641],[30.969304,27.35554],[30.868276,27.500311],[30.88905,27.618547],[30.877475,27.901708],[30.863005,27.985217],[30.744253,28.165465],[30.762185,28.308557],[30.810864,28.401367],[30.836857,28.581977],[30.898714,28.791473],[30.994625,28.94304],[31.14552,29.136413],[31.219108,29.281986],[31.215387,29.379757],[31.236058,29.488691],[31.281016,29.608787],[31.286907,29.782601],[31.237608,30.120694]]]},"properties":{"kind":"river"}},{"type":"Feature","geometry":{"type":"LineString","coordinates":[[97.983198,28.424984],[98.192074,28.24993],[98.296874,28.131823],[98.335114,28.008317],[98.341832,27.839955],[98.301731,27.730039],[98.214915,27.678518],[98.117763,27.715208],[98.039577,27.706681],[98.042109,27.629425],[98.087481,27.494394],[98.17192,27.329082],[98.29553,27.133383],[98.362451,26.973548],[98.372683,26.849576],[98.353615,26.701394],[98.157968,26.030143],[98.096266,25.866794],[97.976325,25.739876],[97.86026,25.640554],[97.774735,25.62009],[97.719855,25.678433],[97.640842,25.705899],[97.51904,25.701016]]},"properties":{"kind":"river"}},{"type":"Feature","geometry":{"type":"LineString","coordinates":[[96.595582,30.447909],[96.675267,30.44331],[96.717125,30.333265],[96.853603,30.245234],[97.116429,30.14152],[97.290424,30.032405],[97.375483,29.91789],[97.424162,29.81663],[97.436358,29.728677],[97.477131,29.635039],[97.54648,29.535717],[97.660324,29.446523],[97.818557,29.367355],[97.949091,29.226227],[98.051928,29.023087],[98.163342,28.870021],[98.343486,28.715457],[98.366637,28.577248],[98.422913,28.502498],[98.450663,28.402117],[98.473917,28.220474],[98.535516,28.087562],[98.635458,28.003407],[98.68238,27.913387],[98.676179,27.817475],[98.708942,27.722494],[98.816429,27.581469],[98.868674,27.341122],[98.889189,27.059486],[98.895287,26.656409],[98.884538,26.362267],[98.856943,26.176981],[98.856013,25.931079],[98.881851,25.624534],[98.881851,25.371733],[98.856013,25.172753],[98.871206,24.991446],[98.927326,24.827839],[98.980243,24.722987],[99.029852,24.676918],[99.035795,24.594261],[98.998071,24.475044],[99.015693,24.382595],[99.088763,24.317043],[99.057654,24.247978],[98.922469,24.175476],[98.76439,24.116074],[98.58342,24.069797],[98.472574,24.025872],[98.420019,23.932958],[98.495931,23.783329],[98.597941,23.667031],[98.638352,23.563265],[98.617371,23.472108],[98.635148,23.416917],[98.721241,23.356663],[98.723204,23.293772],[98.654061,23.248142],[98.513708,23.21972],[98.473814,23.173263],[98.548435,23.067946],[98.504096,23.024383],[98.554481,22.952915],[98.628171,22.918395],[98.629257,22.871266],[98.557736,22.811502],[98.55262,22.706211],[98.613909,22.555419],[98.625639,22.432068],[98.587709,22.336156],[98.58745,22.251045],[98.624761,22.176631],[98.741601,22.06501],[98.718037,21.994989],[98.605279,21.904555],[98.573859,21.789833],[98.623676,21.650875],[98.628637,21.56442],[98.59484,21.48272],[98.647033,21.420967],[98.680623,21.337199],[98.695609,21.231392],[98.773072,21.077163],[98.724238,21.020371],[98.50792,20.951254]]},"properties":{"kind":"river"}},{"type":"Feature","geometry":{"type":"LineString","coordinates":[[91.518373,31.943038],[91.545658,31.814854],[91.600022,31.746745],[91.690559,31.695998],[91.755103,31.606521],[91.793602,31.478363],[91.862848,31.417876],[91.962687,31.425111],[92.031933,31.395655],[92.070587,31.329509],[92.133529,31.29902],[92.220759,31.304188],[92.282461,31.347493],[92.318737,31.429012],[92.428291,31.48552],[92.86873,31.562622],[93.026601,31.534045],[93.156102,31.528929],[93.346788,31.544328],[93.523522,31.536215],[93.686509,31.504486],[93.819318,31.500868],[93.921947,31.525363],[94.106019,31.523347],[94.371429,31.494822],[94.527853,31.467899],[94.575654,31.386922],[94.528835,31.30088],[94.531212,31.250754],[94.628674,31.196081],[94.669085,31.129341],[94.751767,31.080067],[94.918682,31.157556],[95.03852,31.186107],[95.180837,31.187967],[95.300881,31.171379],[95.398653,31.13642],[95.486038,31.07415],[95.563036,30.984595],[95.66737,30.956509],[95.799042,30.989892],[95.962443,30.978058],[96.28325,30.873335],[96.339577,30.83525],[96.410942,30.720528],[96.497242,30.529196],[96.554189,30.437109],[96.595582,30.447909]]},"properties":{"kind":"river"}},{"type":"Feature","geometry":{"type":"MultiLineString","coordinates":[[[84,52.33216052743153],[83.831193,52.361765],[83.728099,52.414269],[83.682572,52.592191],[83.698902,52.789491],[83.657509,52.961496],[83.685104,53.083323],[83.817189,53.10942],[83.860236,53.174713],[83.837601,53.353281],[83.711924,53.418807],[83.492713,53.42878],[83.331534,53.456712],[83.228491,53.502652],[83.128084,53.505055],[82.896935,53.437359],[82.72816,53.425421],[82.580624,53.445937],[82.387561,53.545104],[82.32989,53.630835],[82.113624,53.717962],[81.959731,53.733723],[81.835553,53.78943],[81.541514,53.788138],[81.420074,53.80824],[81.334085,53.885626]],[[70.353773,61.30122],[70.978955,61.297551],[71.154448,61.250887],[71.199406,61.202363],[71.447092,61.252799],[71.694673,61.269025],[72.044419,61.254969],[72.34652,61.292848],[72.581338,61.251197],[72.906692,61.263444],[73.566239,61.19642],[73.876607,61.214352],[74.002181,61.177041],[74.222891,61.207143],[74.384535,61.168411],[74.514553,61.213163],[74.750094,61.202466],[74.868433,61.160195],[75.333366,61.12366],[75.534697,61.082396],[75.713653,61.010126],[75.887079,61.049762],[76.134557,60.999739],[76.307673,60.93039],[76.626207,60.89649],[76.76377,60.819595],[76.960192,60.745491],[77.21537,60.674255],[77.399183,60.648831],[77.602323,60.662086],[77.713841,60.585966],[77.807168,60.48313],[77.948658,60.42179],[78.110819,60.395694],[78.293444,60.404737],[78.345327,60.331667],[78.562988,60.196326],[78.682877,60.149869],[78.835891,60.140515],[78.979138,60.019024],[78.951801,59.933345],[79.038514,59.841206],[79.165845,59.765913],[79.148275,59.689018],[79.282634,59.557631],[79.530939,59.495335],[79.664729,59.412084],[79.779244,59.401697],[79.96683,59.429189],[80.093179,59.423608],[80.158188,59.384954],[80.152038,59.288991],[80.29513,59.272558],[80.467264,59.328291],[80.51615,59.243309],[80.616196,59.179541],[80.802438,59.10802],[80.973125,59.091432],[81.128258,59.129776],[81.256467,59.117839],[81.357753,59.055672],[81.415217,58.963016],[81.478314,58.936506],[81.573398,58.797393],[81.554433,58.718199],[81.647761,58.700991],[81.77535,58.735847],[81.858342,58.701921],[81.907745,58.610325],[82.172173,58.549243],[82.261884,58.479687],[82.402547,58.427287],[82.434586,58.368892],[82.574836,58.363156],[82.734258,58.305434],[82.883809,58.312539],[82.960962,58.193399],[83.15971,58.126737],[83.22353,58.057438],[83.288539,57.920341],[83.410031,57.776034],[83.700349,57.730482],[83.777347,57.699166],[83.832537,57.579561],[83.907054,57.506439],[83.940127,57.384456],[83.997385,57.306166],[84.279745,57.253146],[84.406094,57.10915],[84.436324,56.910687],[84.401391,56.792451],[84.30796,56.690338],[84.144456,56.564971],[84.063944,56.457846],[84.053971,56.313927],[83.993561,56.179698],[83.886746,56.037949],[83.878787,55.929455],[83.81936,55.832768],[83.708462,55.74776],[83.644745,55.629215],[83.535604,55.561053],[83.323007,55.475477],[83.155524,55.436461],[83.033258,55.444084],[82.887944,55.403544],[82.887272,55.243192],[82.837456,55.129348],[82.879055,55.06527],[83.001528,54.980675],[83.053411,54.915072],[83.025351,54.845206]]]},"properties":{"kind":"river"}},{"type":"Feature","geometry":{"type":"LineString","coordinates":[[68.856914,61.124021],[69.010496,61.197712],[69.188625,61.195593],[69.408146,61.271583],[69.578007,61.28365],[69.799595,61.251249],[70.021235,61.251559],[70.353773,61.30122]]},"properties":{"kind":"river"}},{"type":"Feature","geometry":{"type":"MultiLineString","coordinates":[[[68.856914,61.124021],[68.786117,61.089346],[68.588816,61.09547],[68.347591,61.180659],[68.308627,61.255848],[68.347694,61.350881],[68.324905,61.451236],[68.13365,61.519269],[67.77946,61.620115],[67.585777,61.711582],[67.552704,61.793645],[67.291996,62.08665],[67.042658,62.199925],[66.706761,62.258448],[66.5107,62.318393],[66.390036,62.419549],[65.988252,62.482078],[65.679743,62.622095],[65.257547,62.878643],[65.163186,62.996362],[65.149233,63.130927],[65.334958,63.296085],[65.472314,63.343472],[65.557063,63.496228],[65.700621,63.531781],[65.767387,63.583871],[65.709095,63.733965],[65.805059,63.809387],[65.781339,63.87822],[65.806144,64.075676],[66.030626,64.154431],[65.895389,64.261918],[65.919935,64.370128],[65.876217,64.425887],[65.690182,64.537095],[65.688322,64.659258],[65.501253,64.755712],[65.512363,64.885497],[65.565125,64.981538],[65.523991,65.015825],[65.300645,65.052748],[65.277494,65.175686],[65.362243,65.283406],[65.556547,65.41115],[65.666721,65.684673],[65.831465,65.842441],[65.876579,65.932772],[65.821337,66.136609],[65.882987,66.196477],[66.096514,66.278435],[66.29986,66.411399],[66.451376,66.570872],[66.663301,66.626528],[66.935636,66.578417],[67.152832,66.583171],[67.314992,66.640791]],[[67.314992,66.640791],[67.572961,66.628879],[67.926945,66.547385],[68.197471,66.537619],[68.384643,66.599553],[68.533316,66.706755],[68.655066,66.751507]],[[67.314992,66.640791],[67.560404,66.758871],[67.69223,66.782901],[67.869377,66.773392],[68.104815,66.814139],[68.260774,66.807499],[68.655066,66.751507]],[[68.655066,66.751507],[68.906678,66.799127],[69.013493,66.788353]]]},"properties":{"kind":"river"}},{"type":"Feature","geometry":{"type":"LineString","coordinates":[[17.617974,49.739393],[17.846952,49.654024],[17.946429,49.637074],[18.141663,49.729885],[18.307338,49.885638],[18.316588,49.972402],[18.252612,50.055033],[18.231012,50.137457],[18.251786,50.219674],[18.185381,50.321011],[18.031902,50.441366],[17.958212,50.532161],[17.938368,50.656469],[17.880387,50.721659],[17.762255,50.780467],[17.450232,50.881959],[17.360522,50.927589],[17.193607,51.067839],[17.01522,51.130988],[16.869079,51.22876],[16.738028,51.252944],[16.474685,51.244779],[16.439648,51.315344],[16.474116,51.421409],[16.462231,51.518044],[16.40766,51.595042],[16.310405,51.652455],[16.020345,51.690902],[15.846609,51.743354],[15.768785,51.811205],[15.786665,51.894455],[15.757933,51.960886],[15.682485,52.010521],[15.423793,52.045764],[14.760887,52.076925],[14.704612,52.110205],[14.705387,52.20746],[14.554595,52.359647],[14.619397,52.528499],[14.514029,52.645624],[14.253683,52.782515],[14.128626,52.87822],[14.193687,52.982348],[14.293216,53.026738],[14.36856,53.105544],[14.445558,53.275482],[14.58064,53.445162],[14.618261,53.525829],[14.583534,53.639336]]},"properties":{"kind":"river"}},{"type":"Feature","geometry":{"type":"LineString","coordinates":[[73.604634,37.446061],[73.481334,37.471667],[73.382942,37.462261],[73.21117,37.408518],[72.89553,37.267545],[72.757089,37.172693],[72.657405,37.029058]]},"properties":{"kind":"river"}},{"type":"Feature","geometry":{"type":"LineString","coordinates":[[72.657405,37.029058],[72.358819,36.982937],[72.153508,36.900539],[71.941945,36.766438],[71.802057,36.694298],[71.665631,36.696908],[71.597522,36.732926],[71.530859,36.84509],[71.43288,37.127553],[71.505021,37.602925],[71.546155,37.795652],[71.580365,37.864252],[71.551943,37.933137],[71.389679,37.906317],[71.278523,37.918409],[71.282812,38.007913],[71.332732,38.17028],[71.255889,38.306964],[71.05218,38.417862],[70.878857,38.456413],[70.73592,38.422565],[70.615824,38.33443],[70.518569,38.191984],[70.417749,38.075454],[70.313259,37.984814],[70.21466,37.92443],[70.199467,37.886008],[70.254968,37.76537],[70.251454,37.664187],[70.188719,37.582487],[70.119834,37.543497],[70.044696,37.547218],[69.94062,37.600289],[69.820886,37.609591],[69.625756,37.594036],[69.49212,37.553057],[69.420083,37.486704],[69.399206,37.39932],[69.429695,37.290851],[69.414502,37.207781],[69.353834,37.150058],[69.264847,37.108407],[69.180201,37.158275],[68.960473,37.325061],[68.855363,37.316844],[68.782086,37.257985],[68.669173,37.258424],[68.546545,37.183467],[68.386865,37.137475],[68.299532,37.088434],[68.260981,37.01309],[68.212095,37.021513]]},"properties":{"kind":"river"}},{"type":"Feature","geometry":{"type":"MultiLineString","coordinates":[[[59.286955,62.057504],[59.076012,62.021899],[58.889873,62.057091],[58.777426,61.996009],[58.639139,62.008153],[58.437705,62.073214],[58.23379,62.066574],[58.027497,61.988284],[57.90921,61.912733],[57.878927,61.839921],[57.61729,61.783309],[57.411928,61.720109],[57.228683,61.698818],[57.009316,61.727783],[56.841936,61.815607],[56.795996,61.984279],[56.640915,62.100241],[56.630166,62.159772],[56.699516,62.233928],[56.726233,62.343792],[56.706493,62.489468],[56.625412,62.595327],[56.482992,62.661421],[56.257373,62.714699],[56.212828,62.753328],[56.200942,62.884198],[55.936255,63.160176],[56.173605,63.22242],[56.291531,63.289755],[56.418655,63.312725],[56.470435,63.416362],[56.540818,63.442278],[56.466766,63.538551],[56.639055,63.660972],[56.711712,63.762982],[56.943997,63.839308],[57.469547,63.912327],[57.602769,64.089938],[57.558844,64.197477],[57.63827,64.32517],[57.772681,64.411056],[57.827716,64.6513],[57.879289,64.74039],[57.843994,64.805709],[57.608143,64.907976],[57.50262,64.987558],[57.256278,65.059957],[57.202535,65.137368],[57.067969,65.146928],[57.016086,65.241341],[57.046989,65.420503],[56.967407,65.567678],[56.777444,65.682813],[56.744216,65.78906],[56.837389,65.970754],[56.621175,66.121597],[56.491157,66.257351],[56.283314,66.325409],[55.997544,66.325668],[55.762519,66.301586],[55.411843,66.199861],[55.263945,66.141855],[55.170927,66.064702],[55.092689,65.909698],[54.836322,65.752008],[54.58781,65.68643],[54.455829,65.624522],[54.314649,65.516415],[54.103189,65.457917],[53.821552,65.449003],[53.588233,65.416653],[53.403335,65.360894],[53.193529,65.332705],[52.958814,65.332137],[52.669891,65.357251],[52.326657,65.408153],[52.153437,65.466392],[52.150026,65.532021],[52.239323,65.758725],[52.348877,65.868848],[52.567055,66.019743],[52.507369,66.110952],[52.451197,66.35378],[52.504113,66.474392],[52.483753,66.598958],[52.373372,66.710425],[52.353735,66.831425],[52.392492,67.013584],[52.380503,67.114818],[52.286659,67.145359],[52.168682,67.259719],[52.13597,67.358473],[52.234156,67.4302],[52.125842,67.506939],[52.127909,67.557169],[52.246971,67.614064],[52.627465,67.699124]],[[52.627465,67.699124],[52.743324,67.754702],[53.106712,67.864256]],[[52.627465,67.699124],[52.812673,67.673234],[53.02465,67.683621],[53.184175,67.733747],[53.291352,67.823612],[53.513819,67.910868],[53.85168,67.995488],[54.067119,68.080651],[54.232897,68.266299]],[[53.106712,67.864256],[53.214716,67.932701],[53.027286,68.010733],[53.09338,68.118065],[53.226602,68.195838],[53.261897,68.270381]],[[53.91364,68.231184],[53.749154,68.175115],[53.621048,68.056518],[53.494544,67.986652],[53.106712,67.864256]]]},"properties":{"kind":"river"}},{"type":"Feature","geometry":{"type":"LineString","coordinates":[[109.528643,23.796377],[109.542802,23.728991],[109.628585,23.688374],[109.663105,23.574685],[109.717469,23.501718],[109.796379,23.453556],[109.899783,23.430198],[110.020964,23.45167],[110.089332,23.404851]]},"properties":{"kind":"river"}},{"type":"Feature","geometry":{"type":"MultiLineString","coordinates":[[[8.750815,46.676324],[9.045577,46.757766],[9.415581,46.834609]],[[9.408759,46.834609],[9.516763,46.90675],[9.533816,46.963077],[9.495886,47.027647],[9.48431,47.172677],[9.609057,47.391785],[9.625904,47.467025],[9.554384,47.511157]],[[9.127536,47.670682],[9.18283,47.670682]]]},"properties":{"kind":"river"}},{"type":"Feature","geometry":{"type":"LineString","coordinates":[[8.881143,47.656394],[8.700172,47.686289],[8.619764,47.662362],[8.579663,47.594666],[8.482304,47.576166],[8.327792,47.606914],[8.198291,47.606914],[8.093801,47.576166],[7.927093,47.563841],[7.698063,47.569887],[7.565461,47.606552],[7.529391,47.673886],[7.538589,47.773622],[7.593263,47.905655],[7.608456,48.002574],[7.584168,48.064302],[7.616621,48.156802],[7.705711,48.280051],[7.765139,48.410017],[7.794801,48.54683],[7.837951,48.63605],[7.922752,48.698527],[8.23002,48.965435]]},"properties":{"kind":"river"}},{"type":"Feature","geometry":{"type":"LineString","coordinates":[[8.23002,48.965435],[8.417295,49.213999],[8.485922,49.330374],[8.498221,49.397399],[8.421843,49.505092],[8.380812,49.611236],[8.436829,49.767195],[8.357351,49.911372],[8.243352,50.023097],[8.129044,50.026404],[7.961613,49.990696],[7.803224,50.042088],[7.606751,50.222361],[7.628816,50.323802],[7.556624,50.400076],[7.343666,50.485833],[7.256746,50.559162],[7.184502,50.673186],[7.025442,50.804677],[6.968392,50.998076],[6.881058,51.064274],[6.847469,51.138843],[6.7575,51.187263],[6.741119,51.268189],[6.689546,51.30276],[6.707167,51.421823],[6.687478,51.524401],[6.593014,51.591838],[6.595804,51.637469],[6.357214,51.775031],[6.211745,51.836991],[6.038629,51.872183],[5.780454,51.863398],[5.622117,51.888203],[5.491582,51.877945],[5.388953,51.832676],[5.24953,51.813479],[4.98536,51.82371]]},"properties":{"kind":"river"}},{"type":"Feature","geometry":{"type":"LineString","coordinates":[[31.237608,30.120694],[31.163297,30.151261],[31.052503,30.192395],[30.972456,30.245441],[30.935352,30.305877],[30.854789,30.354375],[30.848174,30.470673],[30.785956,30.666449],[30.763012,30.944365],[30.715211,31.064874],[30.568708,31.170242],[30.52344,31.229257],[30.488196,31.356846],[30.395075,31.457615]]},"properties":{"kind":"river"}},{"type":"Feature","geometry":{"type":"LineString","coordinates":[[98.50792,20.951254],[98.502339,20.828367],[98.537789,20.711785],[98.612513,20.560554],[98.659746,20.414051],[98.679486,20.272303],[98.552259,20.14859],[98.140811,19.99002],[97.942994,19.960617],[97.865169,19.928603],[97.841398,19.884161],[97.770704,19.850365],[97.696084,19.717556],[97.531029,19.330681],[97.457287,18.851614],[97.353417,18.843243],[97.331868,18.778492],[97.340963,18.633902],[97.380651,18.494298],[97.450827,18.359655],[97.523794,18.295886],[97.599345,18.302966],[97.7197,18.037401],[97.739957,17.935314],[97.698564,17.833537],[97.755408,17.57146],[97.749414,17.443923],[97.699701,17.363592],[97.658567,17.251299],[97.62601,17.107121],[97.608647,16.947364],[97.606477,16.772],[97.622393,16.651981],[97.668437,16.551626]]},"properties":{"kind":"river"}},{"type":"Feature","geometry":{"type":"LineString","coordinates":[[4.707651,47.577871],[4.584248,47.739644],[4.553552,47.812482],[4.565024,47.89147],[4.408393,48.08182],[4.213624,48.189669],[4.096112,48.283746],[3.969195,48.427432],[3.858297,48.516625],[3.763419,48.551326],[3.561209,48.525721],[3.251668,48.439834],[3.038399,48.393067],[2.921507,48.385419],[2.818929,48.409294],[2.686689,48.492441],[2.573053,48.53342],[2.427687,48.650416],[2.403916,48.811129],[2.296325,48.852057],[2.250023,48.908281],[2.173335,48.904147],[2.111117,48.957891],[2.008281,48.960604],[1.907615,49.00595],[1.718169,48.991739],[1.634867,49.060417],[1.496891,49.084188],[1.353696,49.211493],[1.244297,49.220743],[1.188796,49.306577],[1.092471,49.311771],[1.023018,49.381224],[0.853416,49.414762],[0.718747,49.480443],[0.585112,49.453312],[0.439255,49.473208]]},"properties":{"kind":"river"}},{"type":"Feature","geometry":{"type":"LineString","coordinates":[[47.468452,30.968472],[47.581778,30.830754],[47.701512,30.754092],[47.785332,30.560874],[47.844656,30.511988],[47.938294,30.477623],[48.066141,30.457676],[48.147532,30.416826],[48.226132,30.321354],[48.331035,30.285439],[48.401418,30.188339],[48.398628,30.109609],[48.434594,30.037624],[48.546526,29.962357]]},"properties":{"kind":"river"}},{"type":"Feature","geometry":{"type":"LineString","coordinates":[[81.639803,31.449579],[81.50038,31.400048],[81.29295,31.535233],[81.191355,31.667318],[81.213162,31.82829],[81.268094,31.899862],[81.35212,31.957481],[81.365918,32.001897],[81.281892,32.07998],[81.251506,32.223873],[81.187841,32.324642],[81.028884,32.419624],[80.774739,32.508817],[80.534651,32.553],[80.308618,32.552148],[80.080415,32.524733],[79.734596,32.443937]]},"properties":{"kind":"river"}},{"type":"Feature","geometry":{"type":"MultiLineString","coordinates":[[[39.798119,59.525204],[40.215406,59.446501],[40.260003,59.322684],[40.349713,59.302298],[40.531614,59.318473],[40.917224,59.418337],[41.155142,59.390587],[41.558425,59.430145],[41.900161,59.511872],[41.954266,59.584348],[42.168827,59.656566],[42.3283,59.670053],[42.569681,59.746276],[42.710706,59.90978],[42.852609,59.981714],[43.191297,60.057213],[43.730799,60.190176],[44.032486,60.292108],[44.276295,60.407321],[44.491579,60.474345],[44.678545,60.493181],[44.961731,60.573202],[45.156138,60.599609],[45.418448,60.605397],[45.60624,60.632191],[45.830567,60.697174],[46.051071,60.698569],[46.252195,60.759599],[46.339942,60.74916]],[[39.053462,59.868439],[38.928095,59.938874],[38.656173,59.929882]]]},"properties":{"kind":"river"}},{"type":"Feature","geometry":{"type":"LineString","coordinates":[[46.339942,60.74916],[46.455749,60.843212],[46.547371,60.981756],[46.564579,61.096039],[46.617134,61.186317],[46.591089,61.287319],[46.254521,61.472165],[45.945134,61.59469],[45.550739,61.716543],[45.291427,61.839637],[45.1673,61.964048],[45.063172,62.129541],[44.825512,62.2901],[44.561963,62.346944],[44.183898,62.376503],[43.907119,62.44177],[43.731522,62.542798],[43.403687,62.670128],[42.923613,62.823866],[42.657376,62.934453],[42.605183,63.001917],[42.487257,63.044886],[42.211925,63.072585],[42.077256,63.140797],[42.015658,63.328848],[41.915612,63.408275],[41.885123,63.553485],[41.805748,63.60542],[41.633873,63.638958],[41.448147,63.731588],[41.469955,63.784608],[41.632736,63.879951],[41.723686,63.999453],[41.74167,64.101979],[41.857115,64.156704],[41.856185,64.244193],[41.654026,64.295042],[41.276995,64.345065],[40.948953,64.41643],[40.530477,64.55544],[40.450224,64.629854],[40.407797,64.754885]]},"properties":{"kind":"river"}},{"type":"Feature","geometry":{"type":"LineString","coordinates":[[32.815754,60.48189],[32.995795,60.511087],[33.139869,60.576096],[33.290454,60.679501],[33.438197,60.738153],[33.583201,60.752158],[33.713012,60.810965],[33.918116,60.964238],[34.086116,60.925739],[34.29339,60.942947],[34.84638,61.026637]]},"properties":{"kind":"river"}},{"type":"Feature","geometry":{"type":"MultiLineString","coordinates":[[[69.826984,40.272684],[69.68446,40.30183],[69.562504,40.285707],[69.413676,40.233979],[69.298954,40.225194],[69.218235,40.259352],[69.152296,40.338003],[69.101137,40.4612],[69.081758,40.598659],[69.019643,40.657829],[68.816554,40.796864],[68.701626,40.898331],[68.610055,41.02238],[68.455801,41.106768]],[[67.990817,41.254717],[68.069262,41.335979],[68.086521,41.462586],[68.051485,41.658259],[68.067298,41.834243],[68.207134,42.132209],[68.187652,42.181663],[68.284597,42.302121],[68.25292,42.443404],[68.208064,42.553889],[68.254832,42.662952],[68.200055,42.825112],[68.134839,42.866376],[68.129051,42.946604],[68.088899,42.990942],[67.928598,43.031327],[67.838268,43.121089],[67.788865,43.341386],[67.693419,43.331309],[67.604535,43.418125],[67.514463,43.459311],[67.504438,43.533829],[67.443822,43.631032],[67.332511,43.75087],[67.194896,43.839288],[67.107356,43.948713],[66.98757,44.002715],[66.901684,44.008787],[66.770633,43.958816],[66.560516,44.009045],[66.533128,44.101856],[66.442177,44.158494],[66.382026,44.267893],[66.188033,44.425351],[66.019464,44.456951],[65.915905,44.584101],[65.833429,44.640299],[65.791209,44.722593],[65.61613,44.756338],[65.493398,44.815921],[65.370305,44.926922],[65.2299,44.99281],[65.072287,45.013583],[64.90439,44.989141],[64.783881,45.002215],[64.60229,45.051617],[64.466071,45.113216],[64.37543,45.18701],[64.318379,45.270157],[64.220608,45.321885],[64.19756,45.393509],[64.112087,45.446219],[63.883005,45.511072],[63.875822,45.632021],[63.700174,45.718062],[63.33601,45.634734],[63.124189,45.632822],[63.005436,45.700053],[62.900326,45.71938],[62.733153,45.690803],[62.565411,45.813405],[62.482832,45.772142],[62.376431,45.758344],[62.246103,45.771987],[62.127092,45.751316],[62.019398,45.69641],[61.897028,45.704704],[61.759983,45.776173],[61.70257,45.83281],[61.816723,45.917895],[61.760189,46.021119]],[[61.561958,46.109744],[61.264199,46.050988],[61.093253,46.057913],[60.877969,46.137339]]]},"properties":{"kind":"river"}},{"type":"Feature","geometry":{"type":"LineString","coordinates":[[42.376566,37.062493],[42.433617,36.989784],[42.509323,36.940665],[42.51294,36.875837],[42.558674,36.832481],[42.713083,36.784783],[42.760832,36.718741],[42.85757,36.707527],[42.901289,36.661561],[42.811165,36.60867],[42.771167,36.539837],[42.844341,36.478497],[43.030686,36.42465],[43.168663,36.333648],[43.258269,36.205439],[43.317491,36.076196],[43.346326,35.945868],[43.343226,35.857812],[43.307982,35.812026],[43.3116,35.717975],[43.260647,35.657074],[43.262404,35.469825],[43.348031,35.31632],[43.505231,35.125867],[43.568431,35.006184],[43.537529,34.957221],[43.584038,34.832009],[43.707854,34.630496],[43.784646,34.453091],[43.814515,34.299715],[43.854202,34.193727],[43.960345,34.098074],[44.23237,34.050015],[44.402851,33.973715],[44.427345,33.909197],[44.402024,33.825481],[44.416752,33.73944],[44.318256,33.585857],[44.323941,33.451033],[44.361045,33.346854],[44.480004,33.235078],[44.544289,33.126971],[44.674617,33.023695],[44.870988,32.925226],[45.041365,32.879156],[45.044465,32.832286],[45.139602,32.785389],[45.224764,32.778],[45.298403,32.663485],[45.383669,32.60354],[45.522007,32.555739],[45.809122,32.502202],[46.029883,32.618681],[46.136595,32.63222],[46.201397,32.587546],[46.343611,32.54158],[46.563236,32.494348],[46.692168,32.442568],[46.735163,32.32149],[46.706328,32.248058],[46.712632,32.149433],[46.826992,32.078766],[46.888487,32.013886],[46.939854,31.917458],[47.00786,31.8679],[47.092506,31.865213],[47.138549,31.825758],[47.146094,31.749484],[47.220818,31.62732],[47.362929,31.459165],[47.433932,31.286049],[47.44118678195734,31.004340613572797],[47.441322,30.99909]]},"properties":{"kind":"river"}},{"type":"Feature","geometry":{"type":"LineString","coordinates":[[60.910319,51.668836],[61.014808,51.492361],[61.363108,51.441873],[61.515863,51.454431],[61.589347,51.513135],[61.605677,51.635712],[61.565059,51.822057],[61.574878,52.016412],[61.509042,52.15785],[61.547024,52.252677],[61.734816,52.442303],[61.834552,52.482998],[62.046735,52.487029],[62.298244,52.529094],[62.588976,52.609115],[62.767466,52.696164],[62.833715,52.790266],[63.023678,52.891268],[63.337354,52.99922],[63.586693,53.145568],[63.86404,53.422708],[63.875667,53.567067],[63.845643,53.670885],[63.777741,53.782196],[63.751592,53.886685],[63.767095,53.984457],[63.843783,54.056081],[63.877166,54.152509],[63.963982,54.203462],[64.062943,54.302913],[64.19942,54.347432],[64.589991,54.402209],[64.80946,54.480396],[64.857933,54.582095],[65.001128,54.717797],[65.008673,54.820788],[64.966092,54.972666],[65.192848,55.210274],[65.254705,55.312128],[65.229797,55.369747],[65.448181,55.500566],[65.580421,55.653968],[65.610704,55.787603],[65.695401,55.899379],[65.680415,55.959634],[65.757775,56.027304],[65.927583,56.102416],[65.997295,56.251089],[66.185035,56.308088],[66.256452,56.362141],[66.337481,56.481462],[66.311488,56.574377],[66.40156,56.703826],[66.433186,56.818496],[66.532921,56.862318],[66.577105,56.961226],[66.730635,57.071013],[66.934137,57.15801],[66.953361,57.257797],[67.076454,57.338826],[67.080226,57.432309],[67.160066,57.499798],[67.091337,57.579793],[67.153038,57.734874],[67.31308,57.831147],[67.533997,57.864375],[67.870824,57.885821],[68.053449,57.910264],[68.088537,58.060074],[68.218296,58.168388]]},"properties":{"kind":"river"}},{"type":"Feature","geometry":{"type":"LineString","coordinates":[[92.992805,34.100296],[93.094504,34.194502],[93.262039,34.222356],[93.529206,34.215225],[93.70656,34.23897],[93.837611,34.320903],[94.010469,34.501254],[94.117181,34.566986],[94.215469,34.578148],[94.338046,34.628791],[94.48491,34.718966],[94.660713,34.74067],[94.865249,34.693955],[95.018159,34.62445],[95.119342,34.532156],[95.212049,34.485983],[95.296282,34.485932],[95.398291,34.442213],[95.518077,34.354854],[95.59585,34.229436],[95.652177,34.210367],[95.756977,34.111407],[95.910456,33.932606],[96.023007,33.823621],[96.094734,33.78445],[96.19633,33.781039],[96.23054,33.735073],[96.358801,33.739104],[96.418125,33.715281],[96.454092,33.653502],[96.52923,33.603789],[96.643538,33.566143],[96.701881,33.516327],[96.704258,33.454367],[96.756709,33.37264],[96.873033,33.320499],[96.962433,33.334451],[97.011268,33.309698],[97.019691,33.24624],[97.084751,33.143662],[97.206501,33.001965],[97.37817,32.847763],[97.413,32.749423],[97.624253,32.614056],[98.011723,32.441741],[98.209127,32.329707],[98.216362,32.278004],[98.278167,32.185116],[98.394542,32.051016],[98.445909,31.941306],[98.432266,31.855989],[98.454487,31.782427],[98.54151,31.689797]]},"properties":{"kind":"river"}},{"type":"Feature","geometry":{"type":"LineString","coordinates":[[90.794696,34.300413],[91.151574,34.320903],[91.646582,34.28137],[91.853081,34.235275],[91.936073,34.169439],[92.037256,34.164892],[92.156628,34.221632],[92.308609,34.240081],[92.493094,34.220237],[92.619701,34.179568],[92.688224,34.118021],[92.79013,34.090529],[92.992805,34.100296]]},"properties":{"kind":"river"}},{"type":"Feature","geometry":{"type":"LineString","coordinates":[[18.596726,3.67869],[18.622151,3.304036],[18.490944,2.924395],[18.211581,2.414918],[18.07221,2.013262],[18.07283,1.719379],[18.057792,1.534868],[17.902453,1.118072],[17.885761,0.856899],[17.925242,0.53728],[17.887725,0.234146],[17.79406692685293,0]]},"properties":{"kind":"river"}},{"type":"Feature","geometry":{"type":"LineString","coordinates":[[28.585987,3.595801],[28.429562,3.647426],[28.348275,3.65032],[28.290088,3.621691],[28.238618,3.636523],[28.194073,3.694762],[28.080178,3.740237],[27.978272,3.720316],[27.835335,3.669647],[27.695912,3.643912],[27.560003,3.643085],[27.431122,3.696209],[27.309476,3.803282],[27.227517,3.851083],[27.169536,3.788761],[27.180284,3.698431],[27.153361,3.61673],[27.040035,3.516504],[26.953528,3.535082],[26.879218,3.515005],[26.833484,3.583632],[26.816431,3.740961],[26.785115,3.863795],[26.739536,3.952136],[26.656285,4.01221],[26.560994,3.95441],[26.234502,3.679802],[26.156678,3.668639],[26.068414,3.703133],[25.916176,3.705278],[25.858763,3.656521],[25.816078,3.569136],[25.76187,3.542626],[25.696241,3.577043],[25.618933,3.575906],[25.530049,3.539216],[25.427937,3.524204],[25.312698,3.530922],[25.225882,3.506195],[25.167487,3.450074],[25.030648,3.401808],[24.948741,3.462115],[24.838567,3.481932],[24.648914,3.476868],[24.461484,3.533118],[24.276172,3.650734],[24.081249,3.70918],[23.87661,3.708456],[23.733156,3.744888],[23.650784,3.818398],[23.544899,3.844727],[23.415398,3.82385],[23.300211,3.835632],[23.199339,3.879996],[23.04927,3.885138],[22.850006,3.85098],[22.668312,3.909167],[22.422125,4.134942],[21.908151,4.253901],[21.686976,4.281393],[21.537631,4.244806],[21.350201,4.311365],[21.229743,4.302218],[21.125564,4.332191],[20.955755,4.413116],[20.792974,4.4473],[20.647453,4.435621],[20.558105,4.462699],[20.486481,4.541532],[20.393515,4.686174],[20.226342,4.829628],[20.002376,4.944711],[19.862488,5.031295],[19.806574,5.089328],[19.686065,5.121393],[19.50096,5.127491],[19.3234,5.07075],[19.068532,4.891407],[18.83175,4.523445],[18.699924,4.382601],[18.594194,4.346221],[18.567477,4.25757],[18.619877,4.116622],[18.633726,3.954281],[18.596726,3.67869]]},"properties":{"kind":"river"}},{"type":"Feature","geometry":{"type":"MultiLineString","coordinates":[[[58.630871,51.695088],[58.628494,51.618813],[58.722545,51.49634],[58.744094,51.346556],[58.656503,51.24726],[58.324637,51.149333],[58.181183,51.072438],[58.045171,51.068873],[57.801258,51.095796],[57.535693,51.164526],[57.248475,51.275165],[56.906429,51.3533],[56.509657,51.398982],[56.223731,51.472259],[56.048755,51.573131],[55.877086,51.647545],[55.708724,51.695553],[55.456181,51.735189],[55.119458,51.766453],[54.649616,51.725809],[54.046552,51.613206],[53.667195,51.55998],[53.40566,51.550807],[53.227377,51.484971],[53.038344,51.463732],[52.902642,51.466936],[52.728131,51.498149],[52.625708,51.477633],[52.512072,51.390559],[52.427942,51.3826],[52.225061,51.420893],[52.128219,51.381929],[52.01205,51.39092],[51.768758,51.285604],[51.499213,51.204885],[51.395292,51.148403],[51.316434,50.998283],[51.221039,50.903767],[51.18254,50.825994],[51.189207,50.708481],[51.13598,50.594845],[51.149674,50.478366],[51.116033,50.436302],[51.110193,50.31233],[51.156082,50.253005],[51.26884,50.186808],[51.329095,50.122161],[51.319638,49.955272],[51.470895,49.801767],[51.511926,49.691954],[51.76049,49.404478],[51.827772,49.374351],[51.947765,49.205627],[51.936293,49.137518],[51.84958,49.000524],[51.841001,48.92673],[51.875986,48.815393],[51.803588,48.623079],[51.666955,48.546908],[51.606339,48.468721],[51.633262,48.385781],[51.588665,48.318188],[51.569442,48.167448],[51.640394,48.016398],[51.654036,47.881858],[51.62303,47.715796],[51.67357,47.578595],[51.879242,47.397366],[51.871594,47.310498],[51.933606,47.203605],[51.88379,47.121207],[51.724213,46.943853]],[[59.426275,54.51998],[59.161743,54.277824],[59.149806,54.174756],[59.094719,54.092952],[59.102264,54.012156],[59.190424,53.863457],[59.168513,53.746229],[59.228974,53.685948],[59.242513,53.609803],[59.072446,53.530893],[59.021338,53.464385],[59.02878,53.373797],[59.135647,53.264708],[58.974003,53.070714],[58.905066,52.935581],[58.904136,52.810834],[58.971419,52.696525],[58.989919,52.569453],[59.082523,52.513229],[59.062163,52.419953],[58.833753,52.195781]]]},"properties":{"kind":"river"}},{"type":"Feature","geometry":{"type":"LineString","coordinates":[[92.998076,58.100097],[92.989187,58.048679],[93.112539,58.023539],[93.220181,57.896983],[93.305344,57.636741],[93.305085,57.515508],[93.262142,57.419054],[93.293252,57.332341],[93.452828,57.182763],[93.437636,57.062719],[93.38291,56.993266],[93.456963,56.860871],[93.579746,56.801701],[93.740769,56.595564],[93.735085,56.480145],[93.64,56.379608],[93.465024,56.292249],[93.408283,56.226646],[93.227519,56.16745],[93.147627,56.085414],[92.934617,56.034926],[92.67524766185961,56]]},"properties":{"kind":"river"}},{"type":"Feature","geometry":{"type":"MultiLineString","coordinates":[[[32.893114,1.311445],[33.011246,0.809408],[33.084782,0.588543],[33.187256,0.428191]],[[32.475362,1.551637],[32.544712,1.521845]],[[31.365765,2.192864],[31.750651,2.323631],[31.948366,2.333295],[32.087272,2.265495],[32.186697,2.235988],[32.246642,2.244773],[32.295321,2.199427],[32.332631,2.100001],[32.344,1.913527],[32.282195,1.829837],[32.104222,1.698605],[32.138431,1.652354],[32.240957,1.665842]]]},"properties":{"kind":"river"}},{"type":"Feature","geometry":{"type":"MultiLineString","coordinates":[[[18.879189,49.643843],[18.788187,49.817425],[18.810253,49.925015]],[[18.93686,49.931888],[19.06817,49.9523],[19.199893,50.041545],[19.348256,50.045731],[19.586278,49.999222],[19.851636,50.006044],[20.521983,50.137302],[20.645283,50.18766],[20.73768,50.261067],[20.883201,50.307317],[21.081949,50.326386],[21.289275,50.385555],[21.505282,50.484877],[21.670078,50.585905],[21.783663,50.688586],[21.823609,50.845708],[21.790019,51.05722],[21.805005,51.239095],[21.93523,51.3348],[21.932801,51.442442],[21.829603,51.500991],[21.731728,51.590805],[21.552618,51.647184],[21.451952,51.704519],[21.429628,51.762861],[21.241215,51.91833],[21.258734,51.993468],[21.221217,52.067313],[20.973842,52.301847],[20.841963,52.383935],[20.730549,52.416387],[20.52405,52.41892],[20.222363,52.391634],[19.963567,52.42078],[19.639556,52.549273],[19.201753,52.643945],[18.959184,52.759829],[18.765914,52.928449],[18.537556,53.038262],[18.27411,53.089266],[18.199799,53.174016],[18.314624,53.292561],[18.463142,53.382633],[18.645353,53.444232],[18.739404,53.519473],[18.777283,53.67383],[18.870817,53.777235],[18.88353,53.85816],[18.838623,54.042567],[18.853041,54.128531],[18.915983,54.204547],[18.976237,54.348931]]]},"properties":{"kind":"river"}},{"type":"Feature","geometry":{"type":"MultiLineString","coordinates":[[[47.841556,46.734925],[48.113942,46.683249],[48.21993,46.605243],[48.250316,46.483649],[48.313878,46.400579],[48.410616,46.355982],[48.683675,46.08618]],[[45.663601,50.222309],[45.489968,50.122006],[45.414417,50.056066],[45.360725,49.91623],[45.359588,49.831636],[45.305225,49.736964],[45.197634,49.632113],[45.106942,49.513154],[45.010824,49.350631],[44.975684,49.194749],[44.841842,49.012616],[44.587904,48.727465],[44.527598,48.598016],[44.595501,48.545151],[44.864528,48.465673],[45.042502,48.434408],[45.22771,48.446501],[45.337367,48.419784],[45.448782,48.460712],[45.558594,48.451332],[45.797959,48.383249],[46.077684,48.218401],[46.155405,48.110087],[46.14662,47.993815],[46.193181,47.917592],[46.295087,47.88147],[46.408568,47.773002],[46.497865,47.755587],[46.616411,47.672904],[46.764205,47.524955],[46.87469,47.444417],[47.008532,47.402843],[47.081705,47.315614],[47.086201,47.214018],[47.21224,47.143944],[47.463491,47.028913],[47.584982,46.9422],[47.576611,46.883754],[47.69035,46.854608],[47.800318,46.772753],[47.941705,46.608938],[48.002063,46.505895],[47.998239,46.369935],[47.916435,46.249684],[47.734637,46.057396],[47.641103,45.929471],[47.635832,45.865857],[47.560746,45.789505],[47.649836,45.656748]],[[49.904789,53.456737],[50.042145,53.45467],[50.108084,53.404725],[50.148495,53.30623],[50.128548,53.235588],[49.957344,53.185229],[49.855541,53.212902],[49.717358,53.203058],[49.542795,53.155774],[49.427609,53.152467],[49.269014,53.218974],[49.119462,53.229749],[48.918751,53.208535],[48.66688,53.155309],[48.524305,53.104847],[48.503376,52.995138],[48.561357,52.918812],[48.504926,52.816363],[48.334084,52.68774],[48.177452,52.506098],[48.034929,52.271383],[47.900828,52.124803],[47.775048,52.066305],[47.643635,52.043025],[47.506589,52.054911],[47.114262,51.918795],[46.970808,51.83017],[46.774644,51.747927]],[[43.432419,56.674991],[43.656901,56.496397],[43.836839,56.403534],[44.046955,56.336923],[44.16731,56.27362],[44.258105,56.179672],[44.450858,56.140372],[44.565787,56.08575],[44.77611,56.082469],[45.081827,56.130605],[45.280885,56.137039],[45.442839,56.103914],[45.560144,56.15957],[45.654919,56.152749],[45.805711,56.200833],[45.936349,56.1605],[46.025026,56.171559],[46.1383,56.231917],[46.492181,56.336277],[46.679714,56.308915],[46.856551,56.204683],[47.165938,56.150785],[47.828947,56.14541],[47.886101,56.121769],[47.971935,55.992267],[48.066917,55.925321],[48.212334,55.872456],[48.459709,55.825275],[48.809042,55.78383],[49.002518,55.692983],[49.058949,55.48266]],[[37.148255,56.752402],[37.15067524667257,56.75348690323381],[37.391961,56.861646],[37.477434,56.934768],[37.485805,57.008149],[37.557739,57.106334],[37.760931,57.290819]],[[32.598248,57.250356],[32.680827,57.079049],[32.675246,57.00944],[32.729351,56.944897],[33.056515,56.933476],[33.282393,56.899266],[33.528476,56.829245],[33.674927,56.765269],[33.815538,56.640677],[33.956408,56.565101],[33.979663,56.50929],[33.856776,56.423016],[34.42377,56.245146],[34.668406,56.208662],[34.783748,56.247006],[34.902655,56.336975],[34.890977,56.415678],[34.940483,56.459345],[34.936865,56.545541],[35.001202,56.578459],[35.222584,56.612927],[35.333895,56.703258],[35.523393,56.76005],[35.672014,56.835446],[35.908331,56.866762],[36.065737,56.84622],[36.344376,56.758138],[36.374555,56.706358]],[[41.343658,57.49308],[41.715315,57.447553],[41.889206,57.451222],[41.989148,57.488946],[42.173271,57.484709],[42.575831,57.415462]],[[40.007098,57.566667],[39.853309,57.668832],[39.790367,57.769885],[39.517102,57.909437],[39.246473,57.989691],[38.704026,58.113146]],[[38.300949,57.571628],[38.445592,57.760919],[38.479646,57.872437],[38.437065,58.017544]]]},"properties":{"kind":"river"}},{"type":"Feature","geometry":{"type":"LineString","coordinates":[[0.103358,6.338192],[0.098708,6.188124],[0.156559,6.113684],[0.275312,6.064901],[0.379853,6.042215],[0.470184,6.045626],[0.543616,6.02108],[0.639269,5.896798],[0.671825,5.7597]]},"properties":{"kind":"river"}},{"type":"Feature","geometry":{"type":"MultiLineString","coordinates":[[[53.691121,61.649829],[53.672673,61.74419],[53.538572,61.807055],[53.332693,61.781811],[53.03421,61.865216],[52.658316,61.897359],[52.582765,61.930587],[52.241132,61.933223],[51.956292,61.883045],[51.888544,61.827984],[51.563912,61.84005],[51.306667,61.814935],[50.876926,61.719256],[50.802977,61.75096],[50.761998,61.96552],[50.700089,62.005053],[50.54599,62.017145],[50.312929,62.000557],[50.247197,62.077141],[50.343367,62.166593],[50.258772,62.221448],[50.081419,62.218476],[49.865618,62.174035],[49.611267,62.088097],[49.378723,62.073576],[49.16778,62.130575],[48.901956,62.098458],[48.581252,61.977303],[48.400178,61.879169],[48.35894,61.804031],[48.23471,61.709102],[48.027591,61.594277],[47.801661,61.494955],[47.556922,61.411187],[47.221955,61.346928],[46.591089,61.287319]],[[55.397684,62.362344],[55.182916,62.437636],[55.015485,62.43774],[54.8048,62.509725],[54.567553,62.421797],[54.297389,62.397484],[54.223285,62.298368],[54.235997,62.164526],[54.297699,62.035749],[54.39361,61.944023],[54.523628,61.889401],[54.808934,61.848396],[54.891048,61.797003],[54.881643,61.631019],[54.12572,61.532162],[53.8292,61.538983],[53.68368,61.649829]]]},"properties":{"kind":"river"}},{"type":"Feature","geometry":{"type":"LineString","coordinates":[[4.98536,51.82371],[4.58125,51.718962],[4.418366,51.740046],[4.073788,51.841074],[3.97891,51.847792]]},"properties":{"kind":"river"}},{"type":"Feature","geometry":{"type":"MultiLineString","coordinates":[[[113.035354,22.795301],[113.094937,22.730292],[113.263971,22.362821],[113.415744,22.178388]],[[113.035354,22.795301],[113.299162,22.698356],[113.395435,22.650607],[113.443701,22.599034],[113.55217,22.58733]],[[112.979905,23.041126],[113.445303,23.055079]],[[112.804722,23.14789],[112.819088,23.081796],[112.891228,22.917749],[112.963317,22.822251],[113.035354,22.795301]],[[112.804722,23.14789],[112.912467,23.11275],[112.973601,23.052082],[113.02414,22.954206],[113.090338,22.906923],[113.213276,22.912013],[113.337816,22.888836]],[[111.301403,23.48066],[111.43323,23.449112],[111.498755,23.375266],[111.54206,23.248659],[111.707011,23.161429],[112.137166,23.089702],[112.270905,23.142102],[112.35276,23.131715],[112.427484,23.076008],[112.497557,23.077506],[112.563083,23.136211],[112.642665,23.165124],[112.804722,23.14789]]]},"properties":{"kind":"river"}},{"type":"Feature","geometry":{"type":"LineString","coordinates":[[110.089229,23.407951],[110.200747,23.545075],[110.333969,23.555488],[110.622116,23.449603],[110.745313,23.46632],[110.813526,23.446786],[110.867993,23.396583],[110.996719,23.398779],[111.301403,23.48066]]},"properties":{"kind":"river"}},{"type":"Feature","geometry":{"type":"MultiLineString","coordinates":[[[113.1277,29.462776],[113.530156,29.831616],[113.696347,29.949283],[113.760323,29.938741],[113.859852,29.972331],[113.994727,30.050052],[114.011057,30.124466],[113.908841,30.195522],[113.940467,30.276292],[114.032451,30.252986],[114.11627,30.328382],[114.303235,30.593043],[114.395943,30.664433],[114.472011,30.661281],[114.557948,30.6033],[114.66187,30.582139],[114.783826,30.597823],[114.840929,30.564543],[114.833177,30.482274],[114.885215,30.423105],[114.997146,30.387086],[115.057815,30.335797],[115.067323,30.26929],[115.160444,30.215572],[115.251808,30.127903],[115.375625,29.966233],[115.504402,29.87921],[115.638038,29.866911],[115.750899,29.82849],[115.842728,29.763998],[115.982823,29.74604],[116.211853,29.785159]],[[116.19759,29.751388],[116.211853,29.785159]],[[116.211853,29.785159],[116.327194,29.815183],[116.451115,29.86779],[116.543925,29.931403],[116.682935,30.06137],[116.775849,30.097388],[116.846698,30.167694],[116.895532,30.272235],[116.899563,30.39861],[116.971961,30.445997],[117.130401,30.491369],[117.212205,30.552321],[117.246622,30.673994],[117.604636,30.776468],[117.724887,30.886384],[117.779974,31.051748],[117.843794,31.124199],[117.916451,31.103787],[117.968076,31.129573],[117.998772,31.20161],[118.089361,31.255224],[118.239946,31.290442],[118.31188,31.34062],[118.30542,31.405758],[118.33317,31.50986],[118.395182,31.652952],[118.514658,31.841132],[118.691753,32.074425],[118.961401,32.203203],[119.323601,32.227387],[119.643064,32.235371],[119.770964,32.206949],[119.866823,32.100341],[120.073942,31.960272]]]},"properties":{"kind":"river"}},{"type":"Feature","geometry":{"type":"LineString","coordinates":[[87.66021,29.151528],[87.747234,29.288187],[87.823301,29.349062],[87.917249,29.379706],[88.015434,29.380533],[88.181936,29.34733],[88.25666,29.36627],[88.429672,29.336142],[88.630797,29.350664],[89.403618,29.366011],[89.698794,29.359035],[89.862143,29.33392],[89.963326,29.356348],[90.217987,29.344101],[90.392033,29.273924],[90.505618,29.278497],[90.662094,29.329244],[90.74643,29.339863],[90.785911,29.307875],[90.896705,29.337434],[91.037989,29.316505],[92.076168,29.281159],[92.46524,29.231343],[92.551281,29.155275],[92.694528,29.101325],[92.89493,29.069492],[93.02288,29.072541],[93.116932,29.106518],[93.182664,29.029288],[93.24974,29.012545],[93.33113,29.049597],[93.426732,29.140444],[93.568119,29.178323],[93.755291,29.163233],[93.931559,29.171062],[94.096923,29.201784],[94.223737,29.240231],[94.356029,29.309529]]},"properties":{"kind":"river"}},{"type":"Feature","geometry":{"type":"LineString","coordinates":[[83.109584,70.109545],[83.464187,69.976142],[83.550901,69.891445],[83.790576,69.789539],[84.183317,69.670425],[84.487174,69.646964],[84.905753,69.766181],[85.0983,69.78773],[85.413061,69.721326],[85.850088,69.566968],[85.953183,69.489506],[85.96295,69.382174],[86.050748,69.118701],[85.954785,68.933105],[85.991527,68.840656],[86.286651,68.665835],[86.401373,68.380529],[86.523639,68.302446],[86.535628,68.213692],[86.437339,68.114318],[86.480127,67.928205],[86.450827,67.840407],[86.286134,67.659953],[86.288201,67.573137],[86.353417,67.487974],[86.567926,67.419554],[86.618207,67.35899],[86.61769,67.184194],[86.698409,67.093088],[86.688073,66.942426],[86.730345,66.845016],[86.630299,66.746624],[86.286341,66.584567],[86.477337,66.563818],[86.741455,66.601077],[87.032445,66.556816],[87.458156,66.387111],[87.513656,66.31957],[87.315735,66.224899],[87.311601,66.163094],[87.761755,66.105113],[87.913942,66.061653],[87.895752,65.962434],[87.765475,65.909595],[87.792605,65.817817],[87.943656,65.772678],[88.029128,65.694182],[87.980191,65.4574],[87.822423,64.877539],[87.767697,64.786692],[87.564092,64.594507],[87.544455,64.442475],[87.579285,64.271219],[87.557581,64.038572],[87.602023,63.974855],[87.551173,63.885506],[87.404929,63.770475],[87.347051,63.677767],[87.359505,63.527596],[87.27703,63.357477],[87.759998,63.206995],[88.024323,63.092532],[88.339859,62.887531],[88.434117,62.85389],[88.510339,62.723769],[88.735597,62.535408],[88.960544,62.442856],[89.082553,62.179073],[89.21226,62.004174],[89.325225,61.894207],[89.469816,61.826717],[89.705615,61.750831],[89.785662,61.688173],[89.843436,61.585957],[90.052312,61.601408],[90.149878,61.572831],[90.123781,61.49387],[89.806023,61.40527],[89.684583,61.336515],[89.636731,61.243756],[89.658951,61.109991],[89.751142,60.935247],[89.847054,60.815461],[89.946582,60.750582],[90.005907,60.65697],[90.055826,60.459152],[90.166207,60.381121],[90.171943,60.307017],[90.494766,60.11491],[90.698475,59.927195],[90.804205,59.745397],[90.884096,59.657134],[90.881926,59.596879],[90.989516,59.498177],[91.206661,59.360925],[91.430936,59.163314],[91.581935,59.10616],[91.719291,58.997123],[91.717844,58.918781],[91.976691,58.876355],[92.044594,58.834704],[91.981962,58.756621],[92.083713,58.649392],[92.090948,58.555031],[92.139007,58.498471],[92.275484,58.450748],[92.319823,58.380209],[92.428136,58.325639],[92.539447,58.198877],[92.679181,58.15689],[92.998076,58.100097]]},"properties":{"kind":"river"}},{"type":"Feature","geometry":{"type":"LineString","coordinates":[[94.084004,33.155858],[94.447703,33.163299],[94.506614,33.204278],[94.609864,33.205467],[94.777089,33.180611],[94.915788,33.139631],[95.026066,33.08258],[95.089421,33.024755],[95.106061,32.966153],[95.225227,32.914632],[95.446919,32.87019],[95.580864,32.814612],[95.627166,32.747924],[95.727625,32.672218],[95.882344,32.587494],[96.010708,32.552484],[96.182688,32.562354],[96.381177,32.433318],[96.454609,32.343401],[96.506906,32.225191],[96.585454,32.155014],[96.690357,32.132871],[96.769887,32.085355],[96.873808,31.973449],[96.941298,31.965543]]},"properties":{"kind":"river"}},{"type":"Feature","geometry":{"type":"MultiLineString","coordinates":[[[106.464024,10.298312],[106.385372,10.330016],[106.137584,10.306141]],[[106.137584,10.306141],[105.930981,10.28361]],[[106.137584,10.306141],[106.183834,10.253431],[106.292045,10.261751],[106.359948,10.210876],[106.407593,10.117161],[106.467951,10.05042],[106.579159,9.978952],[106.658121,9.948721]]]},"properties":{"kind":"river"}},{"type":"Feature","geometry":{"type":"MultiLineString","coordinates":[[[3.083254,46.985427],[3.021862,47.149267],[2.915926,47.287243],[2.892878,47.363259],[2.917476,47.423411],[2.882749,47.498806],[2.788595,47.58955],[2.614342,47.691146],[2.359887,47.803594],[2.145378,47.871264],[1.970815,47.894183],[1.84519,47.892529],[1.768502,47.866278],[1.608202,47.764372],[1.364393,47.586889],[1.158204,47.473743],[0.989738,47.425013],[0.815434,47.395815],[0.63529,47.386255],[0.427757,47.340625],[0.207409,47.244042],[0.075401,47.218178],[0,47.23863388801731]],[[3.083132,46.98503],[3.248557,46.951589],[3.328886,46.846035],[3.489545,46.829127],[3.625486,46.740273],[3.724353,46.638546],[3.749069,46.557877],[3.983878,46.460064],[3.990057,46.379129],[4.03949,46.238272],[4.101282,46.165568],[4.101282,46.062763],[4.033311,45.976945],[4.051848,45.925391],[4.156894,45.852274],[4.212507,45.744573],[4.218686,45.628023],[4.255761,45.476578],[4.200148,45.368153],[4.082744,45.237768],[3.952982,45.198594],[3.909728,45.115805],[3.903548,44.971727],[3.928265,44.871095],[4.169252,44.774673],[4.200148,44.822904]]]},"properties":{"kind":"river"}},{"type":"Feature","geometry":{"type":"MultiLineString","coordinates":[[[112.075613,38.861274],[112.123953,38.726345],[112.100352,38.652696],[112.012706,38.579169],[111.963145,38.415473],[111.867117,38.284939],[111.837494,38.185899],[111.856944,38.097235],[111.98623513428906,38]],[[112.0105118051514,38],[112.0146976566042,38]],[[112.37188336161158,38],[112.42289116577491,38]]]},"properties":{"kind":"river"}},{"type":"Feature","geometry":{"type":"LineString","coordinates":[[109.134858,48.684882],[108.967784,48.557318],[108.811941,48.493679],[108.78712,48.403673],[108.717296,48.328192],[108.646007,48.201687],[108.628917,48.095242],[108.488455,47.970649],[108.458263,47.869249],[108.492768,47.759345],[108.477468,47.694281],[108.413259,47.628933],[108.434093,47.48196],[108.54184,47.357856],[108.680675,47.116889],[108.83839,47.006537],[108.931163,46.977973],[109.100108,47.008734],[109.266368,46.957465],[109.368744,46.943874],[109.499034,46.895453],[109.781342,46.910956],[110.013682,46.999091],[110.050304,47.052517],[110.213878,47.106716],[110.457612,47.148261],[110.585704,47.218207],[110.658214,47.306179],[110.886729,47.396674],[111.023041,47.489854],[111.168875,47.510199],[111.527354,47.59394],[111.592703,47.581244],[111.721934,47.613145],[111.864024,47.702745],[112.079275,47.765652],[112.230724,47.76671],[112.293224,47.794257],[112.489757,47.785712],[112.739675,47.81448],[112.93214,47.944403],[113.058849,47.990261],[113.696707,48.045356],[113.889415,48.011013],[114.490164,48.050076],[114.627371,48.081163],[114.842784,48.208279],[114.932872,48.241523],[115.055268,48.373114],[115.139903,48.519599],[115.213959,48.576768],[115.308604,48.603705],[115.415619,48.574897],[115.4428,48.511013],[115.330496,48.396837],[115.434093,48.273383],[115.464447,48.201687],[115.587983,48.074774],[115.809825,48.148708],[116.114675,48.26793],[116.150076,48.367784],[116.291921,48.474392],[116.368582,48.489366],[116.476492,48.560736],[116.684825,48.575019],[116.796397,48.625312],[116.97462,48.657091],[117.044851,48.699083],[117.057872,48.759955]]},"properties":{"kind":"river"}},{"type":"Feature","geometry":{"type":"LineString","coordinates":[[88.653819,48.156684],[88.639578,47.985378],[88.650808,47.857449],[88.589692,47.827948],[88.660167,47.759385],[88.72519,47.595526],[88.971934,47.478339],[89.047455,47.342637],[89.026541,47.262559],[88.90275500075106,47.123781452353235],[88.900401,47.122016]]},"properties":{"kind":"river"}},{"type":"Feature","geometry":{"type":"LineString","coordinates":[[99.426768,51.3487],[99.309825,51.410427]]},"properties":{"kind":"river"}},{"type":"Feature","geometry":{"type":"MultiLineString","coordinates":[[[99.309825,51.410427],[99.103933,51.445176],[98.918875,51.492987],[98.685476,51.492987],[98.458751,51.425971],[98.349132,51.417914],[98.265147,51.46247],[98.137462,51.486151],[98.035655,51.470242],[98.000255,51.514106]],[[98.809011,50.627021],[99.033295,50.535102],[99.109467,50.60163],[99.213796,50.630154],[99.247813,50.699001],[99.21046,50.777045],[99.364838,50.823065],[99.375011,50.909125],[99.432872,50.959662],[99.451427,51.053331],[99.515229,51.123074],[99.424408,51.236762],[99.480561,51.322292],[99.42392,51.349473]]]},"properties":{"kind":"river"}},{"type":"Feature","geometry":{"type":"LineString","coordinates":[[127.741791,47.732123],[127.683116,47.783637],[127.646576,47.897895],[127.354096,48.181708],[127.350678,48.239814],[127.285492,48.31269],[127.190684,48.472195],[127.077078,48.531521],[126.792247,48.535102],[126.6928,48.584052],[126.458507,48.615017],[126.323009,48.554958],[126.207286,48.526557],[126.025401,48.561103],[125.870372,48.547065],[125.765717,48.576239],[125.682872,48.539415],[125.314871,48.526638],[125.04127,48.485622],[124.906261,48.443874],[124.827891,48.455878],[124.671316,48.414862],[124.55339335315298,48.332580982128015],[124.54835,48.327948]]},"properties":{"kind":"river"}},{"type":"Feature","geometry":{"type":"LineString","coordinates":[[85.056163,52.433621],[84.901134,52.444607],[84.829845,52.426378],[84.433442,52.417914],[84.227306,52.367255],[84.089366,52.316474],[84,52.340597514636904]]},"properties":{"kind":"river"}},{"type":"Feature","geometry":{"type":"LineString","coordinates":[[105.86412940882862,56],[105.783621,55.872016],[105.761648,55.768378],[105.674571,55.709906],[105.554291,55.572577],[105.495128,55.459011],[105.470225,55.33751],[105.415294,55.243679],[105.340912,55.18948],[105.138927,55.127021],[105.079194,55.056342],[105.066824,54.864569],[105.231456,54.805609],[105.207286,54.752509],[105.247813,54.646186],[105.179861,54.396348],[105.336192,54.347235],[105.511241,54.186143],[105.601166,54.045722],[105.731456,53.992865],[105.846121,54.00141],[105.952403,53.880316],[106.09726,53.848253],[106.318777,53.868476],[106.42213,53.842108],[106.655935,53.894802],[106.947032,53.879584],[107.019623,53.838324],[107.174083,53.875434],[107.177745,53.981024],[107.402843,54.054389],[107.469168,54.154975],[107.615245,54.254828],[107.813243,54.293891],[107.897634,54.256049],[108.010183,54.26496],[108.097667,54.234971],[108.131358,54.160956],[108.07545,54.048448],[107.980072,54.004177]]},"properties":{"kind":"river"}},{"type":"Feature","geometry":{"type":"LineString","coordinates":[[98.000255,51.514106],[97.912852,51.528591],[97.753917,51.499823],[97.609793,51.417914],[97.49114,51.388983],[97.191498,51.363308],[96.873057,51.35578],[96.821544,51.376288],[96.640636,51.370063],[96.59905,51.348985],[96.266043,51.342108],[96.143647,51.396796],[96.053966,51.38227],[95.78004,51.294989]]},"properties":{"kind":"river"}},{"type":"Feature","geometry":{"type":"LineString","coordinates":[[95.78004,51.294989],[95.742686,51.370429],[95.602143,51.469184],[95.420421,51.55504],[95.328705,51.543647],[95.021251,51.657823],[94.918468,51.631863],[94.787608,51.694607],[94.464773,51.73371]]},"properties":{"kind":"river"}},{"type":"Feature","geometry":{"type":"LineString","coordinates":[[91.510916,53.735419],[91.442882,53.799262],[91.459239,53.932074],[91.558849,54.02912],[91.525645,54.131863],[91.380463,54.310574],[91.294037,54.38227],[91.260265,54.51142],[90.959402,54.639675],[90.934255,54.666571],[90.951427,54.88699],[91.03476,55.001899],[91.165945,55.058458],[91.34726,55.06448],[91.533702,55.107001],[91.749522,55.136664],[92.106863,55.220811],[92.206554,55.281928],[92.408376,55.503119]]},"properties":{"kind":"river"}},{"type":"Feature","geometry":{"type":"MultiLineString","coordinates":[[[92.85380057350689,56],[92.708588,55.974636],[92.353282,55.969306],[92.24407,55.851996],[92.276541,55.803331],[92.458751,55.744696],[92.503917,55.628974],[92.408376,55.503119]],[[94.464773,51.73371],[94.286632,51.678412],[94.236257,51.636501],[94.080007,51.575995],[93.938731,51.560981],[93.82366,51.590277],[93.618175,51.590277],[93.497813,51.5692],[93.327078,51.603949],[93.011322,51.610785],[92.92921,51.582831],[92.788259,51.577704],[92.519135,51.634345],[92.148448,51.782091],[92.140391,51.840155],[91.977061,51.959581],[92.005056,51.994493],[92.342784,52.169135],[92.478282,52.347724],[92.298595,52.501532],[92.324799,52.565375],[92.203217,52.621039],[92.11085,52.57038],[91.946218,52.618679],[91.813894,52.588324],[91.750499,52.603868],[91.750499,52.680243],[91.667979,52.702257],[91.475515,52.654812],[91.382498,52.690701],[91.324229,52.768622],[91.476736,52.899359],[91.518321,52.987494],[91.44752,53.084052],[91.47462,53.153876],[91.727306,53.179877],[91.958507,53.374457],[91.908702,53.456732],[91.68214,53.5362],[91.545014,53.646064],[91.588878,53.714219],[91.510916,53.735419]]]},"properties":{"kind":"river"}},{"type":"Feature","geometry":{"type":"LineString","coordinates":[[123.553966,43.483466],[123.6338,43.370185],[123.581635,43.31212],[123.547944,43.184882],[123.530935,42.984076],[123.58017,42.946885],[123.601736,42.818712],[123.560802,42.702012],[123.683686,42.579169],[123.762218,42.534491],[123.804698,42.455146],[123.899425,42.389187],[123.798757,42.304999],[123.663829,42.304796],[123.557384,42.209906],[123.366466,42.141669],[123.272472,42.172471],[123.051687,42.101752],[122.991222,42.068427],[122.908946,41.969306],[122.924571,41.941677],[122.786794,41.79088],[122.739024,41.694648],[122.690684,41.663926],[122.704194,41.585395],[122.624522,41.470771],[122.654226,41.379218],[122.620697,41.28502],[122.477143,41.199571],[122.397634,41.176703],[122.409434,41.002631],[122.266124,40.858588],[122.125499,40.825141],[122.156261,40.701606]]},"properties":{"kind":"river"}},{"type":"Feature","geometry":{"type":"LineString","coordinates":[[87.755789,51.364366],[87.756277,51.446723],[87.680431,51.597357],[87.662364,51.726386],[87.630951,51.744696],[87.392019,51.761583]]},"properties":{"kind":"river"}},{"type":"Feature","geometry":{"type":"LineString","coordinates":[[87.392019,51.761583],[87.238048,51.798367],[87.111339,51.868435],[87.083263,51.963935],[87.133881,52.003119],[87.084076,52.152045],[87.11435,52.269151],[86.938406,52.365343],[86.902354,52.450263],[86.775076,52.461371],[86.615896,52.539984],[86.573985,52.58747],[86.448985,52.639024],[86.341563,52.612331],[86.310151,52.507839],[86.172374,52.54031],[86.159597,52.592068],[86.057872,52.635077],[85.90325,52.561103],[85.709972,52.611396],[85.305919,52.57038],[85.169444,52.481391],[85.056163,52.433621]]},"properties":{"kind":"river"}},{"type":"Feature","geometry":{"type":"LineString","coordinates":[[98.007091,47.998969],[97.930756,47.991645],[97.796316,48.045111],[97.654552,48.04682],[97.41505,48.151801],[97.392182,48.224555],[97.459565,48.318061],[97.437755,48.474555],[97.542247,48.594265],[97.719493,48.702094],[97.861257,48.753852],[97.981619,48.769355],[98.103282,48.725857],[98.205658,48.739529],[98.644542,48.731513],[98.850597,48.717882],[99.146983,48.625434],[99.306733,48.608262],[99.414806,48.680203],[99.600108,48.737413],[99.723074,48.795681],[99.91269,48.846869],[99.963145,48.885037],[100.246023,48.964464],[100.29127,49.01435],[100.405935,49.026394],[100.590343,49.078152],[100.685313,49.167548],[100.699636,49.263129]]},"properties":{"kind":"river"}},{"type":"Feature","geometry":{"type":"MultiLineString","coordinates":[[[106.584972,52.159166],[106.470144,52.258897],[106.497325,52.383124]],[[106.584972,52.159166],[106.591319,52.268581],[106.751964,52.316474]],[[106.586843,52.158881],[106.584972,52.159166]],[[100.699636,49.263129],[100.954845,49.302924],[101.086518,49.358588],[101.198741,49.430935],[101.303966,49.422431],[101.426362,49.463446],[101.588145,49.387763],[102.018158,49.399929],[102.191173,49.341091],[102.290457,49.354682],[102.460134,49.345649],[102.687999,49.394639],[102.804454,49.354682],[102.898448,49.394355],[103.062022,49.342108],[103.547537,49.361518],[103.924815,49.488308],[104.273936,49.471137],[104.545421,49.63703],[104.723725,49.684882],[104.897553,49.698432],[105.011485,49.75373],[105.134695,49.755805],[105.186046,49.813585],[105.41505,49.858832],[105.504405,49.938666],[105.743907,50.020128],[105.798595,50.100287],[105.964773,50.14529],[106.155365,50.253974],[106.083263,50.343329],[106.081554,50.462917],[106.285492,50.553982],[106.236095,50.620714],[106.312511,50.713324],[106.264659,50.863471],[106.312266,50.951239],[106.460134,51.021104],[106.637625,51.044135],[106.689871,51.123562],[106.804779,51.230292],[106.991466,51.316596],[107.008311,51.401638],[107.168956,51.505927],[107.30364,51.523139],[107.364268,51.572943],[107.40976,51.681098],[107.544932,51.782335],[107.573253,51.839789],[107.508393,51.878974],[107.49171,51.994412],[107.518565,52.047716],[107.470714,52.138373],[107.068289,52.126166],[106.793875,52.036444],[106.631114,52.110622],[106.584972,52.159166]]]},"properties":{"kind":"river"}},{"type":"Feature","geometry":{"type":"MultiLineString","coordinates":[[[103.374115,53.107245],[103.361501,53.181749],[103.40504,53.281073],[103.411225,53.386583],[103.367768,53.521918],[103.374604,53.678982],[103.271007,53.804958],[103.15797,53.982449],[103.047455,54.053249],[102.99171,54.15001],[103.028819,54.238145],[103.256114,54.423163],[103.234955,54.656521],[103.082286,54.747138],[103.064871,54.812934],[103.102143,54.909776],[103.215017,54.984239],[103.335948,55.129462],[103.333018,55.272244],[103.280854,55.385199],[103.184093,55.51557],[103.215017,55.676947],[103.190359,55.75141],[103.031342,55.852891],[103.00024014136967,56]],[[106.497325,52.383124],[106.417979,52.425482],[106.154877,52.338324],[106.02296,52.254014],[105.810069,52.042792],[105.682628,51.957221],[105.470876,51.86282],[105.252371,51.820868],[105.031342,51.800889],[104.894542,51.830186],[104.866954,51.870185],[104.865733,51.871527]]]},"properties":{"kind":"river"}},{"type":"Feature","geometry":{"type":"LineString","coordinates":[[104.866954,51.870185],[104.729015,51.947211],[104.406179,52.207628],[104.280365,52.279731],[104.277354,52.364325],[104.194428,52.38227],[104.062592,52.488105],[103.996104,52.500841],[103.920909,52.653266],[103.798595,52.693305],[103.716238,52.789496],[103.716238,52.878241],[103.575694,52.974148],[103.394786,53.006415],[103.374115,53.107245]]},"properties":{"kind":"river"}},{"type":"Feature","geometry":{"type":"MultiLineString","coordinates":[[[84,49.36303413235369],[84.17864,49.237901],[84.203298,49.132392],[84,49.070527522836755]],[[84,47.96325962529577],[84.135183,47.863715],[84.198334,47.776801],[84.282807,47.725898],[84.356863,47.732123]]]},"properties":{"kind":"river"}},{"type":"Feature","geometry":{"type":"LineString","coordinates":[[85.2671,47.994412],[85.17864,47.998969],[84.888601,47.89411],[84.792735,47.802029],[84.59669,47.760362],[84.535655,47.724677],[84.356863,47.732123]]},"properties":{"kind":"river"}},{"type":"Feature","geometry":{"type":"LineString","coordinates":[[90.325287,47.650173],[90.27003,47.437812],[90.10963,47.398953],[89.992442,47.305487],[89.937918,47.23253],[89.708751,47.173651],[89.491791,46.982693],[89.146658,47.012763],[89.042898,47.04621],[88.90275500075106,47.123781452353235],[88.689464,47.207709],[87.991466,47.309027],[87.83074,47.355333],[87.634369,47.44127],[87.414806,47.465766],[87.350108,47.497138],[87.316417,47.57449],[87.152436,47.567654],[86.977143,47.624945],[86.842377,47.698513],[86.693777,47.820868],[86.48463,47.886542],[86.362641,47.841132],[86.248464,47.841132],[86.12558,47.881944],[85.953868,47.964911],[85.882498,47.957139],[85.655691,48.006903],[85.554861,47.983344],[85.509369,48.027452],[85.37794,47.979112],[85.2671,47.994412]]},"properties":{"kind":"river"}},{"type":"Feature","geometry":{"type":"LineString","coordinates":[[117.208751,42.592149],[117.160167,42.620144],[117.229747,42.708848],[117.22934,42.796902],[117.180431,42.905097],[117.235606,43.023627],[117.359467,43.044623],[117.571707,43.149482],[117.727794,43.191718],[117.937592,43.195014],[118.024099,43.250759],[118.147065,43.259874],[118.250092,43.295722],[118.548595,43.274237],[118.684988,43.250759],[119.131602,43.217312],[119.267833,43.256944],[119.620616,43.265937],[120.164236,43.380154],[120.341401,43.372504],[120.758474,43.423448]]},"properties":{"kind":"river"}},{"type":"Feature","geometry":{"type":"LineString","coordinates":[[89.771088,53.646064],[89.653738,53.565701],[89.394786,53.435126],[89.249766,53.412665],[89.071544,53.467882],[89.0171,53.595323],[88.944753,53.652859],[88.739268,53.680203],[88.613048,53.655097],[88.358002,53.694851],[88.235606,53.652859],[88.138194,53.660427],[87.89267,53.761013],[87.47462,53.824164],[87.275808,53.753445],[87.2134591195971,53.76114273505121],[87.146088,53.838568],[87.256114,53.912909],[87.305675,53.993842],[87.47877,54.072618],[87.529796,54.204047],[87.459239,54.295844],[87.561127,54.426581],[87.475841,54.544379],[87.488292,54.60871],[87.292898,54.687934],[87.127615,54.687934],[87.058686,54.727403],[87.125662,54.916938],[87.107514,55.029649],[86.940115,55.036404],[86.74822,55.140082],[86.573171,55.160264],[86.357351,55.092231],[86.374929,55.166693],[86.233897,55.325019],[86.22462,55.380439],[86.097992,55.372829],[85.988699,55.399766],[85.901947,55.536892],[85.62672,55.672797],[85.391775,55.696845],[85.323985,55.661322],[85.021576,55.708564],[84.945811,55.804755],[85.041515,55.934516],[84.95195799629516,56]]},"properties":{"kind":"river"}},{"type":"Feature","geometry":{"type":"LineString","coordinates":[[89.656342,50.504503],[89.290619,50.630154],[89.071544,50.607978],[88.974701,50.580675],[88.821544,50.601345],[88.633067,50.732001],[88.574474,50.818386],[88.474376,50.82038],[88.324799,50.8699],[88.262787,50.918158],[88.062918,51.013007],[87.981619,51.096869],[87.904552,51.107367],[87.773204,51.209581],[87.728445,51.281806],[87.755789,51.364366]]},"properties":{"kind":"river"}},{"type":"Feature","geometry":{"type":"LineString","coordinates":[[89.386974,40.632636],[89.142019,40.637763],[89.077729,40.666815],[88.988292,40.652126],[88.710216,40.695176],[88.490326,40.70893],[88.324148,40.77619],[88.218435,40.850938],[87.885916,40.90119],[87.851329,40.885932],[87.680105,40.941189],[87.617686,40.977484],[87.495616,40.982123],[87.375011,40.944607],[87.04184,41.038764],[86.987804,41.149237],[86.807872,41.269151],[86.740815,41.270128],[86.67335,41.338406],[86.606456,41.28913],[86.371593,41.242784]]},"properties":{"kind":"river"}},{"type":"Feature","geometry":{"type":"MultiLineString","coordinates":[[[84,41.05721883711183],[84,41.05725585463539]],[[84,41.07390870579915],[84.088796,41.11933],[84.309581,41.197699],[84.412527,41.178778],[84.486501,41.195014],[84.893484,41.164374],[84.981212,41.140815],[85.124034,41.050401],[85.261485,41.009141],[85.501394,40.961615],[85.706147,41.050401],[86.056244,41.091986],[86.142019,41.043077],[86.259207,41.027045],[86.450206,41.050808],[86.54184,41.102973],[86.354584,41.179023],[86.371593,41.242784],[86.391124,41.279812],[86.207774,41.327216],[86.111501,41.37934],[86.015391,41.386176],[85.840343,41.468777],[85.781993,41.530829],[85.799327,41.69123],[85.869721,41.738308],[86.019623,41.755886],[86.114187,41.747748],[86.253347,41.83808],[86.464692,41.770331],[86.611827,41.784044],[86.753429,41.825507]]]},"properties":{"kind":"river"}},{"type":"Feature","geometry":{"type":"LineString","coordinates":[[120.758474,43.423448],[120.819753,43.468288],[120.97462,43.516628],[121.159272,43.538153],[121.360362,43.534003],[121.522472,43.470486],[121.772634,43.442491],[121.919363,43.45307],[122.17628,43.568671],[122.361501,43.7237],[122.652192,43.790391],[122.687592,43.815253],[122.944428,43.803982],[123.033702,43.727607],[123.142507,43.703192],[123.259776,43.641181],[123.372813,43.641181],[123.489675,43.591376],[123.553966,43.483466]]},"properties":{"kind":"river"}},{"type":"Feature","geometry":{"type":"LineString","coordinates":[[124.674571,45.450466],[124.872162,45.448513],[124.950857,45.494818],[125.027599,45.498236],[125.103119,45.395209],[125.30714,45.416856],[125.374522,45.398383],[125.43214,45.477118],[125.521007,45.470893],[125.722992,45.517646],[125.850352,45.504828],[125.923106,45.56977],[125.930919,45.622178],[126.015229,45.699408],[126.109467,45.679307],[126.355724,45.695746],[126.493663,45.768581],[126.593028,45.756659],[126.6928,45.813544],[126.6928,45.875067],[126.890717,45.997911],[127.076427,46.018378],[127.188894,45.976589],[127.353038,45.960476],[127.384369,45.91828],[127.484467,45.926378],[127.549327,46.038845],[127.692312,46.008246],[127.72755,45.956895],[127.837413,45.923407],[128,45.930487836767384]]},"properties":{"kind":"river"}},{"type":"Feature","geometry":{"type":"MultiLineString","coordinates":[[[89.771088,54.769477],[89.808116,54.877997],[89.85198,54.903673],[89.893972,55.092231],[90.054779,55.127061],[90.41684,55.077012],[90.650645,55.146837],[90.75823,55.155626],[90.879487,55.102647],[91.014659,55.140082],[91.210948,55.243842],[91.467784,55.280951],[91.599376,55.374864],[91.581391,55.504096],[91.31544,55.5987],[91.138194,55.604804],[91.051687,55.681912],[91.072765,55.722846],[91.031179,55.825263],[91.078136,55.926134],[91.03841739491946,56]],[[89.49786746883862,56],[89.344168,55.957384],[89.2701084921715,56]],[[89.612804,54.598171],[89.728933,54.632921],[89.880626,54.743842],[89.771088,54.762641]],[[89.112071,54.097927],[89.081065,54.043402],[89.144135,53.993598],[89.35255,54.002305],[89.577159,54.228298],[89.451182,54.414008],[89.438243,54.498155],[89.483165,54.55036],[89.612804,54.605577]]]},"properties":{"kind":"river"}},{"type":"Feature","geometry":{"type":"LineString","coordinates":[[111.322683,53.975531],[111.486908,54.066962],[111.657807,54.105902],[111.835378,54.236274],[112.423432,54.361151],[112.44044,54.271796],[112.240245,54.232733],[112.072195,54.116523],[111.942149,53.986151],[111.862885,53.807969],[111.952647,53.657172],[111.851736,53.610907],[111.824799,53.537665],[111.625011,53.413886],[111.61671,53.363552],[111.735606,53.218533],[111.925955,53.258124],[112.103526,53.317654],[112.241628,53.306098],[112.297374,53.389838],[112.441417,53.384304],[112.628673,53.280544],[112.747488,53.242499],[112.891043,53.350409],[113.075206,53.427069],[113.252371,53.480292],[113.351085,53.468451],[113.448416,53.524115],[113.658946,53.544786],[113.792735,53.629747],[113.926524,53.681342],[113.983409,53.74376],[114.326101,53.790107],[114.377533,53.843777],[114.500662,53.844997],[114.588308,53.926622],[114.860037,53.980577],[114.966401,54.023464],[115.023204,54.098456],[115.16448,54.161729],[115.269054,54.2567],[115.49114,54.328721],[115.507742,54.388373],[115.629405,54.442328],[115.933849,54.50377],[116.19044,54.53852],[116.457937,54.516791],[116.673269,54.547919],[116.777354,54.626654],[116.774018,54.690375],[116.883718,54.737616],[116.927419,54.825954],[116.884858,54.904975],[116.89267,54.976752],[116.773936,55.148057],[116.715831,55.144639],[116.476003,55.253241],[116.458263,55.34044],[116.375987,55.408759],[116.177745,55.390652],[116.071544,55.414984],[115.97169,55.394477],[115.963145,55.482856],[115.895112,55.525458],[115.892182,55.641547],[115.844819,55.704901],[115.844493,55.856879],[115.899669,55.925157],[115.83233134279992,56]]},"properties":{"kind":"river"}},{"type":"Feature","geometry":{"type":"LineString","coordinates":[[127.322846,53.754096],[127.323416,53.755235],[127.433442,53.869981],[127.492442,53.968288],[127.698253,54.104844],[127.868175,54.15119],[127.853282,54.232733],[127.759532,54.301947],[127.755382,54.441677],[127.934581,54.577908],[128,54.58643520937559]]},"properties":{"kind":"river"}},{"type":"Feature","geometry":{"type":"MultiLineString","coordinates":[[[127.323416,53.755235],[127.191335,53.66413],[127.092052,53.648301],[126.932384,53.426947],[127.071218,53.262071],[127.286794,53.112128],[127.404796,53.119737],[127.434662,53.034491],[127.782156,52.823594],[127.822683,52.636583],[127.876964,52.564276],[128,52.556710034164965]],[[128,51.07221578667046],[127.864757,51.072618],[127.863455,50.945339],[127.768321,50.785712],[127.777436,50.737128],[127.718435,50.5928],[127.66627,50.522895],[127.727061,50.384141],[127.725108,50.330756],[127.583507,50.281277],[127.58745424653293,50.211803438020105],[127.583507,50.205593]]]},"properties":{"kind":"river"}},{"type":"Feature","geometry":{"type":"LineString","coordinates":[[115.574148,40.296698],[115.574229,40.296251],[115.589122,40.240424]]},"properties":{"kind":"river"}},{"type":"Feature","geometry":{"type":"MultiLineString","coordinates":[[[112.590017,39.343614],[112.713634,39.377143],[112.796397,39.46015],[112.927745,39.503119],[113.023448,39.557929],[113.188406,39.703884],[113.232595,39.779608],[113.397065,39.854682],[113.458914,39.8664],[113.667572,39.97956],[113.930105,40.005439],[114.061941,40.003241],[114.149913,40.032904],[114.384044,40.143256],[114.575125,40.21308],[114.691824,40.278347],[114.814464,40.276923],[114.993663,40.354926],[115.135509,40.367214],[115.434093,40.35102],[115.516124,40.357245],[115.574229,40.296251]],[[112.336925,39.165961],[112.380463,39.274929],[112.462576,39.313747],[112.590017,39.337917]]]},"properties":{"kind":"river"}},{"type":"Feature","geometry":{"type":"MultiLineString","coordinates":[[[108.863292,40.914008],[108.861501,40.948676]],[[108.845144,40.902533],[108.710948,40.803778]]]},"properties":{"kind":"river"}},{"type":"Feature","geometry":{"type":"MultiLineString","coordinates":[[[108.191742,41.203721],[108.354503,41.174506],[108.471202,41.185126],[108.552338,41.162299],[108.637136,41.084784],[108.745616,41.057237],[108.784272,41.000312]],[[107.95281,41.171983],[108.144216,41.232001],[108.191742,41.203721]],[[107.95281,41.171983],[107.953298,41.171454]],[[108.784272,41.000312],[108.861501,40.948676]],[[108.863292,40.914008],[108.845144,40.902533]],[[107.841238,40.899604],[108.070811,40.933783],[108.16269,41.042914],[108.142182,41.122667],[108.191742,41.203721]],[[107.841238,40.899604],[107.971934,40.87519],[108.262299,40.930609],[108.384044,41.063056],[108.52589,41.070868],[108.747,41.021308],[108.784272,41.000312]],[[107.682872,40.858588],[107.7588,41.009467],[107.750499,41.118191],[107.95281,41.171983]],[[108.710948,40.803778],[108.650401,40.698757],[108.677257,40.639472]],[[107.301687,40.681789],[107.432384,40.846462],[107.484386,40.968451],[107.546886,41.216742],[107.704112,41.242784],[107.769542,41.201239],[107.789806,41.195014],[107.807872,41.192816],[107.847748,41.182969],[107.872,41.180732],[107.935313,41.191352],[107.95281,41.171983]],[[107.301687,40.681789],[107.757823,40.892524],[107.841238,40.899604]],[[107.300141,40.680487],[107.301687,40.681789]],[[107.118826,40.521959],[107.062266,40.665595],[106.961925,40.799628],[106.951427,41.013454],[107.058849,41.04739],[107.134939,41.139431],[107.204275,41.182685],[107.458507,41.25495],[107.666433,41.270941],[107.711029,41.255968],[107.750499,41.23078],[107.795828,41.195014]],[[107.118826,40.521959],[107.141694,40.57807],[107.301687,40.681789]],[[107.141694,40.453925],[107.118826,40.521959]],[[107.03183,40.310492],[107.118826,40.521959]]]},"properties":{"kind":"river"}},{"type":"Feature","geometry":{"type":"LineString","coordinates":[[111.027843,49.795844],[111.039236,49.837755],[111.169932,49.930691],[111.181651,50.010281],[111.145518,50.11286],[111.212901,50.298896],[111.311534,50.31684],[111.488048,50.503201],[111.479503,50.575548],[111.259939,50.676296],[111.226736,50.735622],[111.301524,50.813422],[111.445567,50.855048],[111.554454,50.848212],[111.675955,50.918769],[111.758474,50.927924],[111.799083,50.986884],[112.124034,51.075792],[112.32252,51.210639],[112.420095,51.252387],[112.434255,51.303494],[112.534923,51.395616],[112.768972,51.471625],[112.844005,51.546454],[112.94044,51.587714],[113.0796,51.73489],[113.081554,51.798367],[113.217703,51.944037],[113.359874,52.00495],[113.508067,52.019477],[113.593435,51.978461],[113.638438,51.903347],[113.745697,51.835883],[113.740815,51.786689],[113.926524,51.75255],[113.983165,51.671983],[114.128184,51.607937],[114.326671,51.604193],[114.484955,51.64057],[114.57545,51.639106],[114.746511,51.704413],[114.796641,51.75255],[115.046153,51.746039],[115.375092,51.792182],[115.771658,51.743679],[115.828624,51.722439]]},"properties":{"kind":"river"}},{"type":"Feature","geometry":{"type":"LineString","coordinates":[[117.389903,53.885606],[117.725841,53.926296],[117.870372,54.033311],[117.920502,54.104682],[118.006847,54.139472],[118.041921,54.222846],[118.113373,54.255927],[118.330333,54.284735],[118.630382,54.358344],[118.808849,54.358588],[118.888601,54.386339],[119.051524,54.492011],[119.056733,54.566474],[119.120372,54.646552],[119.22755,54.675238],[119.286388,54.759141],[119.29005,54.841742],[119.451182,54.862413],[119.449229,54.915798],[119.633067,55.003241],[119.678396,55.089911],[119.817149,55.139472],[119.812511,55.17414],[119.914968,55.276557],[120.012706,55.311225],[120.178966,55.427436],[120.350597,55.441026],[120.49879,55.386542],[120.617768,55.475857],[120.750906,55.516791],[120.831716,55.597113],[120.992686,55.597113],[121.203298,55.694892],[121.529307,55.70071],[121.532319,55.760077],[121.607432,55.830146],[121.530528,55.85456],[121.511729,55.938829],[121.6054525212388,56]]},"properties":{"kind":"river"}},{"type":"Feature","geometry":{"type":"LineString","coordinates":[[84.959565,43.366807],[84.865001,43.295966],[84.720795,43.241767],[84.460704,43.270941],[84.361339,43.257188],[84.146495,43.311469],[84,43.330393404637405]]},"properties":{"kind":"river"}},{"type":"Feature","geometry":{"type":"LineString","coordinates":[[98.864268,38.158718],[98.86671,38.114203],[98.80298931681,38]]},"properties":{"kind":"river"}},{"type":"Feature","geometry":{"type":"MultiLineString","coordinates":[[[85.775808,51.695583],[85.741628,51.760362],[85.788829,51.846991],[85.876475,51.919501],[85.834239,51.971381],[85.922781,52.089667],[85.834972,52.270209],[85.832042,52.327216],[85.764903,52.42296],[85.53004,52.441921],[85.316417,52.490668],[85.158702,52.470771],[85.056163,52.433621]],[[86.302745,49.640448],[86.152354,49.640448],[86.001882,49.610297]],[[85.996104,49.610297],[85.752371,49.620632],[85.703217,49.67829],[85.495616,49.832221],[85.488862,49.942084],[85.433604,50.041449],[85.509288,50.229519],[85.647716,50.292589],[86.020274,50.201524],[86.090343,50.146308],[86.234386,50.148871],[86.3178,50.181708],[86.562918,50.17003],[86.626964,50.191107],[86.720307,50.279486],[86.694835,50.393988],[86.636811,50.444851],[86.642589,50.509833],[86.521007,50.611599],[86.492198,50.703803],[86.536632,50.758979],[86.41269,50.876085],[86.350108,50.887152],[86.108409,51.177558],[85.997813,51.389716],[85.997081,51.479315],[85.908132,51.582709],[85.836681,51.610785],[85.77003,51.695583]]]},"properties":{"kind":"river"}},{"type":"Feature","geometry":{"type":"LineString","coordinates":[[115.828624,51.722439],[115.82893633415861,51.722379505101536],[115.977794,51.825629],[116.224701,51.879584],[116.473399,51.870551],[116.701589,51.93004],[116.826752,51.981228],[116.938243,51.995958],[117.107026,52.078437],[117.242768,52.088324],[117.501557,52.187201],[117.653819,52.219428],[117.71575,52.258002],[117.8296,52.240749],[118.072276,52.324408],[118.322276,52.348415],[118.366791,52.375759],[118.536062,52.381903],[118.676199,52.465033],[118.65797,52.550076],[118.779552,52.69892],[118.91684,52.76435],[118.970225,52.883409],[119.080658,52.941107],[119.168224,53.069119],[119.38795,53.191352],[119.477306,53.191352],[119.630626,53.297431],[119.669037,53.351386],[119.789073,53.419135],[119.963796,53.417182],[120.078298,53.489325],[120.34905,53.442247],[120.463634,53.451361],[120.606293,53.493232],[120.711681,53.479275],[120.888194,53.513292],[121.082042,53.492214],[121.115326,53.428656],[121.285818,53.488349],[121.377371,53.416124],[121.401947,53.351833],[121.47758215633532,53.324095174323546],[121.477794,53.32392]]},"properties":{"kind":"river"}},{"type":"Feature","geometry":{"type":"LineString","coordinates":[[115.589122,40.240424],[115.666596,40.156806],[115.700857,40.063503],[115.872325,40.022528],[115.981537,39.9713],[116.06544,39.990912],[116.111908,39.90644],[116.22934,39.803412],[116.2081,39.57685],[116.249522,39.505683],[116.317393,39.460801],[116.433442,39.442247],[116.502045,39.464545],[116.598155,39.448106],[116.640717,39.406195],[116.763682,39.378852],[116.879649,39.385077],[117.033621,39.33043]]},"properties":{"kind":"river"}},{"type":"Feature","geometry":{"type":"LineString","coordinates":[[117.033621,39.33043],[117.078054,39.241767],[117.232188,39.093207],[117.371023,39.032823],[117.578624,38.98786],[117.708995,38.981024]]},"properties":{"kind":"river"}},{"type":"Feature","geometry":{"type":"LineString","coordinates":[[126.90504,43.51081],[126.903738,43.623806],[126.791433,43.650458],[126.761974,43.704169],[126.679698,43.702582],[126.678803,43.703803]]},"properties":{"kind":"river"}},{"type":"Feature","geometry":{"type":"MultiLineString","coordinates":[[[126.679698,43.702582],[126.62794,43.765408],[126.55128,43.778591],[126.581065,43.861192],[126.500987,43.915554],[126.459402,44.045233],[126.394216,44.109442],[126.493663,44.23078],[126.425304,44.435614],[126.432384,44.508083],[126.268321,44.696357],[126.161143,44.720811],[126.135753,44.773057],[126.028738,44.788845],[125.940684,44.773464],[125.901947,44.817491],[125.805593,44.846706],[125.728445,44.934597],[125.658132,44.94953],[125.586192,44.894965],[125.429454,44.899848],[125.310151,44.864529],[125.185151,44.867621],[125.046153,45.017849],[124.87322,45.145372],[124.741303,45.201687],[124.732595,45.326361],[124.651296,45.447943]],[[127.376069,42.56745],[127.228038,42.674669],[127.179454,42.832384],[127.227143,42.88703],[127.087169,42.958604],[126.990733,43.034125],[126.97991,43.212836],[127.097992,43.242458],[127.111501,43.384833],[127.018077,43.39411],[126.914806,43.468614],[126.90504,43.51081]]]},"properties":{"kind":"river"}},{"type":"Feature","geometry":{"type":"LineString","coordinates":[[106.1600907770731,38],[106.220632,38.082302],[106.278087,38.233262],[106.40797,38.36225],[106.517019,38.426866],[106.572765,38.526557],[106.520763,38.584418],[106.594249,38.666327],[106.573171,38.710395],[106.665538,38.820258],[106.840343,38.987616],[106.881602,39.10456],[106.808035,39.19892],[106.809093,39.309272],[106.7588,39.385077],[106.752452,39.465522],[106.785085,39.674628],[106.744558,39.854926],[106.710378,39.898993],[106.738048,39.971503],[106.709076,40.038113],[106.858653,40.179755],[107.01474,40.269314],[107.03183,40.310492],[107.128022,40.351508],[107.141694,40.453925],[107.214366,40.499213],[107.211843,40.582709],[107.270763,40.637803],[107.39503,40.66059],[107.513927,40.739203],[107.711436,40.786933],[107.758393,40.859483],[108.086681,40.847724],[108.173269,40.879706],[108.240815,40.81391],[108.437755,40.817003],[108.590831,40.661566],[108.830007,40.54328],[109.000255,40.526313],[109.03655,40.548855],[109.185069,40.520697],[109.222341,40.492051],[109.396576,40.468207],[109.447032,40.520819],[109.608328,40.550727],[109.665131,40.496772],[109.737641,40.492458],[109.910655,40.522773],[110.109874,40.502305],[110.211681,40.537055],[110.246104,40.474433],[110.347097,40.453152],[110.430268,40.388495],[110.506847,40.381374],[110.606049,40.31741],[110.658132,40.321804],[110.879893,40.255316],[111.061046,40.267198],[111.302745,40.156073],[111.39739,40.047919],[111.436534,39.917304],[111.365245,39.777533],[111.417572,39.683661],[111.420909,39.52204],[111.342377,39.444363],[111.199148,39.427069],[111.109874,39.385077],[111.22462,39.310492],[111.117686,39.067328],[110.99464,39.00377],[111.00351,38.916083],[110.979991,38.816514],[110.871511,38.621283],[110.899018,38.545356],[110.85255,38.457099],[110.774018,38.426093],[110.67099,38.316921],[110.579275,38.287218],[110.510916,38.202094],[110.51329364602393,38]]},"properties":{"kind":"river"}},{"type":"Feature","geometry":{"type":"LineString","coordinates":[[124.959239,40.453925],[125.053315,40.547675],[125.336436,40.641384]]},"properties":{"kind":"river"}},{"type":"Feature","geometry":{"type":"MultiLineString","coordinates":[[[128,41.46969864501081],[127.848562,41.431586],[127.638194,41.430121],[127.473643,41.49905],[127.427257,41.483344],[127.268891,41.505194],[127.165701,41.595242],[127.045014,41.66824],[127.032725,41.731879],[126.886811,41.785183],[126.788178,41.696153],[126.617605,41.666205],[126.500987,41.434638],[126.521902,41.377794],[126.440684,41.34866],[126.260509,41.143378],[126.147065,41.092475],[126.007498,40.899604],[125.901134,40.899604],[125.821707,40.86994],[125.760509,40.885932],[125.559825,40.778632],[125.532725,40.722032],[125.468761,40.713162],[125.413015,40.632025],[125.336436,40.641384]],[[124.959239,40.453925],[124.895112,40.483913],[124.712169,40.310492],[124.642182,40.294501],[124.370209,40.098253]]]},"properties":{"kind":"river"}},{"type":"Feature","geometry":{"type":"LineString","coordinates":[[123.835134,45.724189],[124.038015,45.709906]]},"properties":{"kind":"river"}},{"type":"Feature","geometry":{"type":"MultiLineString","coordinates":[[[120.165294,46.995673],[120.244884,46.923611],[120.263438,46.797878],[120.428152,46.78144],[120.514903,46.732856],[120.655935,46.75613],[120.724701,46.721015],[120.998546,46.690375],[121.105479,46.655219],[121.285818,46.63878]],[[121.285818,46.631944],[121.355072,46.592393],[121.35434,46.542548],[121.441417,46.477607],[121.679861,46.409735],[121.758474,46.332221],[121.963959,46.299384],[122.046641,46.228095],[122.141694,46.030707],[122.237071,45.964708],[122.293549,45.883246],[122.377452,45.847724],[122.395112,45.792426],[122.529796,45.551459],[122.78476,45.377305],[122.970714,45.362901],[123.058116,45.38935],[123.149913,45.453884],[123.160574,45.519639],[123.337901,45.681464],[123.511729,45.736884],[123.835134,45.724189]],[[124.038015,45.709906],[124.087901,45.717841]]]},"properties":{"kind":"river"}},{"type":"Feature","geometry":{"type":"LineString","coordinates":[[101.87096896186702,56],[101.832123,55.878038],[101.842865,55.696479],[101.926362,55.630805],[102.132498,55.578803],[102.350108,55.556342],[102.361095,55.480658],[102.282725,55.443549],[102.31894,55.346869],[102.412039,55.302029],[102.289073,55.25491],[102.317556,55.192816],[102.219249,55.142401],[102.203298,55.083564],[102.100027,55.041205]]},"properties":{"kind":"river"}},{"type":"Feature","geometry":{"type":"LineString","coordinates":[[100.522716,51.973904],[100.390229,52.042833],[100.299571,52.251654],[100.22755,52.318712],[99.975597,52.335232],[99.874766,52.411811],[99.823253,52.525702],[99.718679,52.563096],[99.684581,52.615546],[99.699718,52.721259],[99.805268,52.7838],[100.021495,52.818305],[100.140717,52.865343],[100.131114,52.909247],[100.204682,53.012641],[100.35963,53.084784],[100.364268,53.172553],[100.423432,53.248806],[100.638682,53.261786],[100.743744,53.304633],[100.930675,53.269232],[101.069347,53.335883],[101.152436,53.319607],[101.433197,53.488349],[101.587576,53.493109],[101.781179,53.572333],[101.968272,53.666531],[102.075206,53.810248],[102.064057,53.851996],[102.160167,54.002305],[102.064545,54.111436],[102.121104,54.129584],[102.067149,54.267157],[102.097992,54.353542],[102.076671,54.44123],[101.985606,54.527411],[101.738862,54.55622],[101.718028,54.653347],[101.844737,54.68004],[102.057058,54.66706],[102.146495,54.728542],[102.166921,54.797431],[102.056895,54.802761],[102.10849,54.915839],[102.057058,54.981757],[102.100027,55.041205]]},"properties":{"kind":"river"}},{"type":"Feature","geometry":{"type":"LineString","coordinates":[[94.464773,51.73371],[94.48878,51.814765],[94.430675,51.873969],[94.416596,52.021064],[94.368582,52.130927],[94.532481,52.220323],[94.608897,52.300971],[94.720714,52.353217],[94.780772,52.455268],[95.065359,52.530788],[95.27296,52.515163],[95.3803,52.542996],[95.475678,52.644355],[95.741303,52.707465],[95.834727,52.70071],[96.000418,52.625027],[96.068614,52.555691],[96.151378,52.418728],[96.099294,52.303494],[96.106537,52.2508],[96.479503,52.27558],[96.606049,52.168769],[96.861746,52.158393],[97.057058,52.178738],[97.224864,52.138292],[97.473155,52.17239],[97.801687,52.117947],[97.91155,52.130927],[97.982514,52.219102],[98.171153,52.251776],[98.333018,52.307318],[98.593272,52.340766],[98.62558,52.452175],[98.733165,52.515163]]},"properties":{"kind":"river"}},{"type":"Feature","geometry":{"type":"LineString","coordinates":[[128,49.59427282444275],[127.830577,49.594102],[127.72169,49.648871],[127.644054,49.767401],[127.507823,49.822577],[127.533702,49.922716],[127.486339,50.025906],[127.569835,50.130439],[127.590343,50.209011]]},"properties":{"kind":"river"}},{"type":"Feature","geometry":{"type":"LineString","coordinates":[[115.995942,41.509711],[115.978526,41.588487],[115.906505,41.632636],[115.812755,41.649685],[115.755626,41.70893],[115.760753,41.77501],[115.823985,41.845526],[115.831472,41.928046],[115.891124,42.127712],[115.872325,42.16706],[115.945811,42.251044],[116.146007,42.346381],[116.344737,42.359442],[116.486908,42.310574],[116.640717,42.201728],[116.700613,42.021186],[116.61435,41.907904]]},"properties":{"kind":"river"}},{"type":"Feature","geometry":{"type":"LineString","coordinates":[[108.906668,48.877509],[109.079194,48.995917],[109.194021,48.997138],[109.443451,49.113471],[109.509695,49.209581],[109.715017,49.230658],[109.836192,49.18476],[109.917491,49.058783],[110.123627,48.90058],[110.232514,48.754096],[110.451915,48.681952],[110.573253,48.670274],[110.715343,48.600124],[110.882091,48.606309],[110.953136,48.565945],[111.193858,48.685981],[111.342459,48.70246],[111.52589,48.756049],[111.651866,48.828721],[111.864513,49.07453],[111.928233,49.117458],[112.11964,49.307156],[112.341319,49.453192],[112.504324,49.495388],[112.58489,49.544013],[112.610606,49.661444],[112.702891,49.710476],[112.780772,49.868232],[112.898529,50.009711],[113.014415,50.081081],[113.069347,50.175971],[113.134207,50.199286],[113.274018,50.304633],[113.308849,50.416815],[113.812999,50.436632],[113.909679,50.4914],[114.422944,50.498114],[114.529796,50.490668],[114.662039,50.540473],[114.865001,50.525662],[115.042979,50.536078],[115.098399,50.566433],[115.452403,50.609971],[115.572032,50.578396],[115.673757,50.648953],[115.687999,50.738349],[115.601736,50.974433],[115.654552,51.059272],[115.804698,51.128363],[115.879242,51.190212],[115.95753,51.313096],[116.071544,51.388861],[116.045502,51.485297],[115.831472,51.566962],[115.792491,51.635281],[115.82893633415861,51.722379505101536],[115.831472,51.725206]]},"properties":{"kind":"river"}},{"type":"Feature","geometry":{"type":"MultiLineString","coordinates":[[[95.732351,55.749538],[95.87322,55.841376],[95.85271116429738,56]],[[95.507335,54.346381],[95.5949,54.651394],[95.488048,54.728827],[95.254975,54.81684],[95.129242,54.892524],[95.168061,54.999213],[95.129975,55.161689],[95.161632,55.339789],[95.276378,55.455349],[95.437429,55.489447],[95.465261,55.536689],[95.390717,55.606635],[95.456635,55.646918],[95.687429,55.693671],[95.732351,55.756415]]]},"properties":{"kind":"river"}},{"type":"Feature","geometry":{"type":"LineString","coordinates":[[117.873464,49.513495],[117.873953,49.468044],[117.964122,49.363471],[118.143647,49.290473],[118.27296,49.396267],[118.397634,49.452012],[118.56544,49.38996],[118.6338,49.219306],[118.943451,49.220282],[119.058442,49.189236],[119.291596,49.205634],[119.368093,49.260077],[119.557872,49.29918],[119.754242,49.273871],[119.896902,49.284003],[120.158376,49.228135],[120.259695,49.190619],[120.426199,49.251776],[120.559825,49.280097],[120.65919,49.329047],[120.737315,49.322333],[120.888764,49.364569],[120.98406,49.414374],[121.107026,49.423367],[121.312918,49.503974],[121.624441,49.642157],[121.811534,49.644965],[121.978038,49.691677],[122.28712,49.849311]]},"properties":{"kind":"river"}},{"type":"Feature","geometry":{"type":"LineString","coordinates":[[88.249278,52.439399],[88.196056,52.435004],[88.105479,52.581855],[88.083588,52.698106],[87.954275,52.789496],[87.796886,52.765204],[87.702566,52.719265],[87.491954,52.665961],[87.415619,52.671942],[87.254487,52.856228],[87.289561,52.899359],[87.086029,53.01203],[87.264659,53.217841],[87.258718,53.29031],[87.179128,53.333686],[87.262625,53.371934],[87.254893,53.549994],[87.298595,53.622138],[87.190522,53.669542],[87.2134591195971,53.76114273505121],[87.214692,53.762071]]},"properties":{"kind":"river"}},{"type":"Feature","geometry":{"type":"LineString","coordinates":[[118.978933,41.134101],[119.166026,41.157538],[119.344249,41.230658],[119.426768,41.191677],[119.610037,41.138373],[119.791515,41.121405],[119.913259,41.225165],[119.951427,41.304958],[120.107921,41.412543],[120.269216,41.426947],[120.462413,41.556179],[120.47462,41.602851],[120.5713,41.62755],[120.664073,41.610216],[120.854503,41.736274],[120.975597,41.744086],[120.998627,41.681016],[121.094249,41.564317],[121.204031,41.559149],[121.3921,41.517157],[121.431407,41.467963],[121.388438,41.324774],[121.339854,41.290635],[121.342703,41.223171],[121.402599,41.135362],[121.505056,41.098212],[121.635916,40.961615],[121.565033,40.8487]]},"properties":{"kind":"river"}},{"type":"Feature","geometry":{"type":"LineString","coordinates":[[128,42.624390625],[127.878347,42.667914],[127.867198,42.730984],[127.802419,42.798285],[127.733409,42.818427],[127.535655,42.64057],[127.376069,42.56745]]},"properties":{"kind":"river"}},{"type":"Feature","geometry":{"type":"LineString","coordinates":[[124.639903,51.310614],[124.862641,51.309272],[124.99464,51.275987],[125.136485,51.305121],[125.241466,51.294989],[125.43214,51.190212],[125.569347,51.169745],[125.843272,51.206122],[125.870372,51.144639],[125.98406,51.104112],[126.040538,51.018744]]},"properties":{"kind":"river"}},{"type":"Feature","geometry":{"type":"LineString","coordinates":[[97.013276,53.833319],[97.171641,53.758246],[97.370209,53.717231],[97.53419,53.654568],[97.668224,53.661973],[97.899832,53.615302],[98.125011,53.586697],[98.22047,53.653754],[98.273936,53.789618],[98.353526,53.865587],[98.573416,53.881903],[98.63087,53.922065],[98.796397,53.925645],[98.918875,54.072943],[98.874278,54.11282],[98.885916,54.204413],[98.9699,54.247178],[98.896007,54.303249],[98.829519,54.408718],[98.905284,54.491278],[99.04184,54.518622],[99.255626,54.499579],[99.309825,54.63463],[99.128917,54.798774],[99.11907,54.874376],[98.990896,55.022773],[99.185639,55.053005],[99.435476,55.211371],[99.357595,55.278876],[99.431082,55.344835],[99.451182,55.433539],[99.398529,55.484971],[99.549815,55.660753],[99.446544,55.738227],[99.531261,55.786241],[99.615896,55.94835],[99.56560099092026,56]]},"properties":{"kind":"river"}},{"type":"Feature","geometry":{"type":"LineString","coordinates":[[121.826752,48.784206],[121.937266,48.707546],[122.037608,48.677069],[122.211436,48.390692],[122.29892,48.321234],[122.297374,48.181464],[122.420909,48.101874],[122.559093,48.122382],[122.650076,48.096462],[122.718435,48.026231],[122.723399,47.94245],[122.775645,47.918891],[122.766205,47.831407],[122.793793,47.724677],[122.845795,47.660671],[122.83839,47.51614],[122.977957,47.355333],[123.108328,47.231879],[123.112234,47.165635],[123.163585,47.101508],[123.393077,46.973456],[123.519135,46.950019]]},"properties":{"kind":"river"}},{"type":"Feature","geometry":{"type":"LineString","coordinates":[[121.405365,53.317084],[121.203136,53.276964],[121.054698,53.290229],[120.873953,53.280463],[120.713796,53.18537],[120.651785,53.123114],[120.450043,53.008612],[120.279877,52.866156],[120.032725,52.760932],[120.056082,52.600775],[120.175548,52.584052],[120.429617,52.636339],[120.723643,52.542426],[120.690115,52.439399],[120.625987,52.347113],[120.757823,52.237657],[120.778901,52.117947],[120.705496,52.061347],[120.705577,51.980251],[120.64739,51.911322],[120.492931,51.875922],[120.153575,51.664252],[120.107921,51.665391],[120.052664,51.552436],[119.977061,51.487331],[119.982432,51.44245],[119.915457,51.331],[119.819347,51.27501],[119.757823,51.199286],[119.747976,51.083686],[119.682872,51.016303],[119.517589,50.905056],[119.496511,50.737331],[119.293224,50.599433],[119.243256,50.445746],[119.14088,50.376899],[119.250499,50.342719],[119.35255,50.345771],[119.315929,50.092882],[119.189382,50.007514],[119.091319,49.986884],[118.644135,49.954861],[118.520925,49.894232],[118.476654,49.836249],[118.393565,49.820258],[118.168224,49.671739],[117.893565,49.546902],[117.873464,49.513495]]},"properties":{"kind":"river"}},{"type":"Feature","geometry":{"type":"LineString","coordinates":[[108.94407255443957,38],[109.098155,38.042548],[109.184255,38.035102],[109.324718,38.05622],[109.390229,38.039578],[109.461518,38.083523],[109.612315,38.039903],[109.750255,38.029649],[109.80248291495244,38]]},"properties":{"kind":"river"}},{"type":"Feature","geometry":{"type":"MultiLineString","coordinates":[[[106.155365,50.253974],[106.194428,50.185248],[106.112071,50.043972],[106.158376,49.895697],[105.989187,49.739854],[105.901541,49.698432],[105.744151,49.569688],[105.552175,49.370144],[105.516775,49.28795],[105.321381,49.122016],[105.183035,49.158026],[105.100841,49.109687],[105.070567,49.039984],[104.95696,48.972235]],[[101.509044,47.021918],[101.575776,46.949327],[101.666026,46.915595],[101.72169,46.825059],[101.818126,46.807074],[102.042572,46.82099],[102.464854,46.947455],[102.653575,47.028103],[102.789561,47.165595],[102.790619,47.29621],[102.723155,47.378485],[102.695242,47.504828],[102.586192,47.638739],[102.646495,47.76142],[102.567556,48.013373],[102.596934,48.201036],[102.633067,48.315212],[102.598155,48.430487],[102.615164,48.53144],[102.695567,48.590399],[102.814871,48.612006],[102.922944,48.658026],[103.021576,48.669135],[103.181895,48.574083],[103.291515,48.548285],[103.441173,48.601671],[103.534272,48.596544],[103.592052,48.678046],[103.726736,48.661811],[103.763601,48.721706],[103.997,48.648708],[104.207042,48.658026],[104.376557,48.68126],[104.411388,48.736396],[104.493663,48.723578],[104.801768,48.948065],[104.963145,48.972235]]]},"properties":{"kind":"river"}},{"type":"Feature","geometry":{"type":"LineString","coordinates":[[116.61435,41.907904],[116.541108,41.858669],[116.475597,41.749864],[116.542491,41.649034],[116.764415,41.671088],[116.888113,41.622423],[116.951427,41.62641],[117.227061,41.536485],[117.255056,41.392157],[117.339692,41.359931],[117.344737,41.244818],[117.482432,41.174506],[117.482432,41.08515],[117.528738,40.991278],[117.708995,40.954779],[117.839366,40.906358],[117.888682,40.864854],[118.044932,40.844916],[118.125499,40.772813],[118.24879,40.487982],[118.29127,40.476833],[118.260265,40.372748],[118.334239,40.147284],[118.5678,40.14643],[118.659679,39.965033],[118.741222,39.957953],[118.807384,39.848253],[118.764171,39.765896],[118.757335,39.683661],[118.862315,39.593695],[118.973399,39.543402],[119.031668,39.466986],[119.096609,39.481309],[119.257498,39.412421]]},"properties":{"kind":"river"}},{"type":"Feature","geometry":{"type":"LineString","coordinates":[[127.590343,50.209011],[127.58745424653293,50.211803438020105],[127.404389,50.276231],[127.33017,50.328437],[127.358165,50.415351],[127.288666,50.466254],[127.36435,50.554999],[127.294526,50.666693],[127.28712,50.751288],[127.220307,50.788398],[127.143972,50.903754],[127.031993,50.972724],[126.93157,51.064032],[126.90504,51.164496],[126.954275,51.329861],[126.808686,51.289374],[126.901785,51.401231],[126.800141,51.419257],[126.80714,51.534451],[126.674815,51.58865],[126.723399,51.636176],[126.71339,51.723456],[126.647634,51.741523],[126.445811,51.982856],[126.514089,52.042792],[126.530854,52.15294],[126.316417,52.200019],[126.420665,52.287543],[126.31544,52.316474],[126.343272,52.391669],[126.211925,52.533271],[125.972748,52.631863],[126.068451,52.680203],[126.034923,52.727403],[125.867198,52.849636],[125.837006,52.906928],[125.668386,52.878241],[125.733165,52.981879],[125.621023,53.062364],[125.521007,53.04267],[125.427745,53.094997],[125.127045,53.206855],[125.019054,53.211005],[124.719737,53.149115],[124.678396,53.199571],[124.40797,53.235948],[124.232351,53.381944],[124.121593,53.352973],[123.970307,53.45543],[123.849864,53.495307],[123.731944,53.504014],[123.614024,53.563666],[123.485037,53.526313],[123.252371,53.568061],[123.153331,53.513454],[123.002208,53.507636],[122.859304,53.474229],[122.470876,53.465033],[122.337413,53.491563],[122.168468,53.469346],[122.081391,53.429755],[121.888682,53.430935],[121.640717,53.385199],[121.47758215633532,53.324095174323546],[121.405365,53.317084]]},"properties":{"kind":"river"}},{"type":"Feature","geometry":{"type":"LineString","coordinates":[[126.040538,51.018744],[126.044932,50.943061],[125.946218,50.887722],[125.823741,50.766669],[125.809093,50.56212],[125.530528,50.39293],[125.418061,50.194525],[125.264171,50.105658],[125.295014,50.014431],[125.188243,49.941759],[125.234386,49.847927],[125.219249,49.668036],[125.130382,49.63642],[125.235362,49.554267],[125.2671,49.438341],[125.222667,49.219916],[125.157807,49.150987],[124.86378,49.17532],[124.8213,49.060818],[124.621593,48.741889],[124.615896,48.667507],[124.53769,48.571601],[124.520437,48.368964],[124.55339335315298,48.332580982128015],[124.561941,48.236151],[124.520274,48.128607],[124.381114,48.07156],[124.283946,47.934434],[124.308116,47.875515],[124.153575,47.687445],[124.095225,47.58808],[123.928396,47.483954],[123.881602,47.422065],[123.897227,47.331488],[123.859874,47.253445],[123.595225,47.17475],[123.604991,47.04621],[123.51295,46.937038],[123.465831,46.834581]]},"properties":{"kind":"river"}},{"type":"Feature","geometry":{"type":"LineString","coordinates":[[123.465831,46.834581],[123.671153,46.800238],[123.773692,46.717312],[123.759044,46.63935],[123.787364,46.519314],[123.855154,46.402208],[123.853608,46.312771],[123.956472,46.290635],[123.958344,46.192572],[124.033783,46.018378],[123.979096,45.978054],[123.997569,45.914618],[124.061697,45.871649],[124.021658,45.762519],[124.087901,45.717841],[124.140717,45.632107],[124.223399,45.635443],[124.283946,45.545437],[124.362804,45.52558],[124.361501,45.472764],[124.455496,45.463446],[124.562918,45.415147],[124.589366,45.457302],[124.674571,45.450466]]},"properties":{"kind":"river"}},{"type":"Feature","geometry":{"type":"Polygon","coordinates":[[[17.979785,59.329053],[17.876172,59.270801],[17.570508,59.267627],[17.370703,59.294922],[17.30459,59.272168],[17.175195,59.355811],[17.065625,59.373242],[16.913867,59.44585],[16.742285,59.430615],[16.610449,59.453516],[16.144336,59.447754],[16.251758,59.493213],[16.472656,59.519385],[16.573828,59.61167],[16.752344,59.543311],[16.841016,59.5875],[16.977539,59.550684],[17.062695,59.569238],[17.37207,59.495752],[17.390527,59.584473],[17.534473,59.539404],[17.808594,59.553223],[17.772852,59.414111],[17.979785,59.329053]]]},"properties":{"kind":"lake"}},{"type":"Feature","geometry":{"type":"Polygon","coordinates":[[[29.836719,61.226074],[29.891309,61.294971],[30.029102,61.254492],[30.173926,61.314062],[30.179297,61.372656],[30.285156,61.516602],[30.466211,61.487158],[30.605859,61.541309],[30.594336,61.605811],[30.75752,61.733447],[30.851953,61.775049],[31.025879,61.714355],[31.098438,61.620361],[31.364844,61.627441],[31.636914,61.462744],[31.898633,61.323975],[32.35957,61.180518],[32.526855,61.117529],[32.592578,60.997607],[32.76543,60.886035],[32.811914,60.756494],[32.944336,60.642578],[32.841406,60.497021],[32.599902,60.533496],[32.67666,60.392432],[32.594922,60.35459],[32.612305,60.245361],[32.500391,60.176514],[32.361523,60.148096],[32.057129,60.226514],[31.843262,60.247852],[31.699414,60.235645],[31.598926,60.169629],[31.548242,60.071875],[31.567188,59.966553],[31.509766,59.920361],[31.274414,59.937646],[31.10625,59.927686],[31.145313,60.005518],[31.095117,60.08374],[31.108984,60.146436],[30.956836,60.263623],[30.849121,60.442627],[30.775977,60.448096],[30.72373,60.561768],[30.533887,60.630078],[30.504004,60.703564],[30.52793,60.811719],[30.408691,60.928027],[30.124902,61.087354],[29.857227,61.187988],[29.836719,61.226074]]]},"properties":{"kind":"lake"}},{"type":"Feature","geometry":{"type":"Polygon","coordinates":[[[31.471582,2.385449],[31.383984,2.260596],[31.399805,1.895508],[31.343457,1.834033],[31.267871,1.687549],[31.16582,1.605469],[30.969141,1.527148],[30.892676,1.448096],[30.784863,1.309229],[30.718555,1.191113],[30.59375,1.04126],[30.500781,1.049609],[30.494629,1.229736],[30.399609,1.256104],[30.387402,1.296973],[30.479492,1.466504],[30.867969,1.858936],[31.178906,2.072949],[31.258984,2.15332],[31.344238,2.290918],[31.431055,2.387891],[31.471582,2.385449]]]},"properties":{"kind":"lake"}},{"type":"Feature","geometry":{"type":"Polygon","coordinates":[[[14.742285,13.078027],[14.660645,12.982373],[14.516211,12.979736],[14.406641,12.89917],[14.346582,12.876758],[14.275,12.90293],[14.282227,13.014453],[14.342383,13.162109],[14.495996,13.238721],[14.554395,13.238477],[14.668262,13.195264],[14.742285,13.078027]]]},"properties":{"kind":"lake"}},{"type":"Feature","geometry":{"type":"Polygon","coordinates":[[[32.26358785432901,0],[32.351074,0.014551],[32.383887,0.066113],[32.53291,0.069727],[32.564258,0.098926],[32.587695,0.193262],[32.64707,0.252832],[32.691699,0.108008],[32.779395,0.118848],[32.878613,0.168848],[32.915039,0.095508],[33.021289,0.146582],[33.076465,0.239014],[33.137207,0.252148],[33.201074,0.387842],[33.187305,0.428174],[33.272656,0.462549],[33.367773,0.452734],[33.332031,0.368701],[33.461328,0.334033],[33.441309,0.270752],[33.483203,0.218115],[33.580273,0.222168],[33.639844,0.300488],[33.712891,0.30835],[33.744531,0.207715],[33.86084,0.185352],[33.974512,0.213379],[33.973633,0.088721],[33.99257435458394,0],[32.26358785432901,0]],[[33.372266,0.215967],[33.388477,0.272314],[33.317676,0.297852],[33.223828,0.276758],[33.217969,0.189941],[33.339355,0.080029],[33.316992,0.18418],[33.372266,0.215967]]]},"properties":{"kind":"lake"}},{"type":"Feature","geometry":{"type":"Polygon","coordinates":[[[109.863867,55.538965],[109.857227,55.445557],[109.790527,55.329736],[109.743945,55.139551],[109.764844,55.039648],[109.607031,54.676074],[109.544141,54.629102],[109.489746,54.380371],[109.495703,54.262109],[109.553711,54.174023],[109.500098,54.061426],[109.24375,53.868604],[109.198242,53.792627],[109.199414,53.659961],[109.030371,53.638965],[109.008887,53.667773],[109.060742,53.830957],[108.994141,53.86875],[108.835938,53.807275],[108.618555,53.582422],[108.841895,53.586523],[108.920605,53.565576],[108.989062,53.450342],[108.931055,53.344385],[108.767676,53.281299],[108.66123,53.30166],[108.302246,53.109424],[108.334766,53.0375],[108.233984,52.945703],[108.007031,52.837012],[107.947656,52.780322],[107.763086,52.713867],[107.578516,52.701172],[107.386621,52.647949],[106.938184,52.474561],[106.843066,52.356348],[106.751953,52.316504],[106.599121,52.370508],[106.497266,52.383105],[106.313867,52.323145],[106.258008,52.230664],[106.280664,52.169141],[106.186523,51.956445],[105.967383,51.774219],[105.797656,51.701074],[105.435059,51.614453],[105.064844,51.557227],[104.826172,51.489795],[104.655176,51.482324],[104.390039,51.499707],[104.156445,51.535449],[103.817383,51.634033],[103.713379,51.694238],[103.790723,51.731738],[104.13252,51.769482],[104.536523,51.784082],[104.6625,51.806104],[104.812012,51.870215],[104.935449,51.870215],[105.165137,51.905908],[105.285742,51.97876],[105.569629,52.10835],[105.859766,52.386719],[106.059961,52.511914],[106.451563,52.656494],[106.757422,52.869287],[106.880957,52.973096],[106.873242,53.029395],[106.780371,53.04458],[107.071875,53.24126],[107.534668,53.438965],[107.626953,53.611035],[107.789258,53.711475],[108.062402,53.849219],[108.223535,53.976123],[108.361816,54.173096],[108.472852,54.276758],[108.592773,54.49248],[108.785742,54.672314],[108.846875,54.799609],[108.93252,54.897754],[108.916895,54.951025],[109.052734,55.027588],[109.171094,55.193701],[109.213281,55.405371],[109.193457,55.535596],[109.575586,55.771484],[109.846973,55.754639],[109.955371,55.672217],[109.863867,55.538965]],[[107.766797,53.267041],[107.795313,53.392969],[107.744434,53.399072],[107.584082,53.283301],[106.99502,53.106592],[106.9625,53.02334],[107.313867,53.067969],[107.437793,53.102539],[107.638867,53.220361],[107.766797,53.267041]]]},"properties":{"kind":"lake"}},{"type":"Feature","geometry":{"type":"Polygon","coordinates":[[[14.038379,59.082666],[14.07168,59.028271],[13.992578,58.986426],[13.975195,58.86543],[13.799512,58.722412],[13.358105,58.61709],[13.240234,58.514844],[13.040625,58.604297],[12.868652,58.503809],[12.727539,58.4521],[12.624316,58.382324],[12.507031,58.396924],[12.334668,58.373779],[12.329297,58.433936],[12.487695,58.513232],[12.606934,58.61709],[12.525195,58.66123],[12.473828,58.839697],[12.599707,58.845605],[12.708398,59.035547],[12.818359,59.081982],[13.040625,59.014258],[13.12207,58.92085],[13.243555,58.930469],[13.103027,59.273975],[13.277539,59.357324],[13.62832,59.389941],[13.751953,59.331152],[13.961719,59.333984],[14.045508,59.313623],[14.047461,59.241211],[13.930566,59.089795],[14.038379,59.082666]]]},"properties":{"kind":"lake"}},{"type":"Feature","geometry":{"type":"Polygon","coordinates":[[[37.285547,11.794482],[37.078125,11.829492],[37.001953,11.906641],[37.027832,12.164502],[37.095898,12.265674],[37.269141,12.224219],[37.332715,12.272363],[37.460254,12.303271],[37.555176,12.222998],[37.591797,12.11709],[37.550195,11.941943],[37.512891,11.909912],[37.495898,11.834814],[37.439941,11.753418],[37.387207,11.632275],[37.326855,11.635889],[37.321777,11.709082],[37.285547,11.794482]]]},"properties":{"kind":"lake"}},{"type":"Feature","geometry":{"type":"Polygon","coordinates":[[[36.418945,61.392383],[36.373633,61.271143],[36.394629,61.206152],[36.279297,61.113818],[36.09873,61.062646],[35.880273,60.947754],[35.828711,60.866504],[35.550586,60.937988],[35.449805,61.022998],[35.363281,61.038232],[35.184473,61.004883],[34.795508,61.096484],[34.838086,61.193652],[34.974219,61.211963],[35.141992,61.077295],[35.440625,61.062646],[35.583398,61.034229],[35.632227,61.107812],[35.611426,61.197412],[35.457422,61.355908],[35.153906,61.485156],[34.772461,61.600879],[34.531445,61.704346],[34.387988,61.796143],[34.562402,61.823828],[34.585938,61.937842],[34.537305,61.998975],[34.255176,62.168555],[34.256543,62.262305],[34.09834,62.378857],[33.977539,62.408008],[33.944043,62.500488],[34.053906,62.494531],[34.327539,62.263965],[34.342871,62.198926],[34.591406,62.096484],[34.653223,62.108545],[34.658105,62.245215],[34.608984,62.338818],[34.695605,62.364551],[34.851953,62.294434],[34.89248,62.187061],[35.028613,62.07793],[35.165039,62.080664],[35.095898,62.218066],[35.341309,62.149023],[35.553516,62.235937],[35.540234,62.354248],[35.351758,62.522656],[35.147168,62.55918],[34.943359,62.642822],[34.838574,62.591162],[34.739258,62.621289],[34.621094,62.712354],[34.47959,62.873828],[34.53252,62.915723],[34.70332,62.844238],[34.910449,62.81543],[35.083008,62.741162],[35.325977,62.666162],[35.463867,62.604199],[35.739844,62.520215],[35.80293,62.461133],[35.822656,62.352197],[35.689355,62.040234],[35.818359,61.951074],[35.870703,61.854834],[36.060645,61.654395],[36.247266,61.493262],[36.418945,61.392383]],[[35.325781,61.935352],[35.34707,61.997803],[35.195605,61.987939],[35.160352,61.858643],[35.273633,61.870312],[35.325781,61.935352]]]},"properties":{"kind":"lake"}},{"type":"Feature","geometry":{"type":"Polygon","coordinates":[[[5.867188,52.563184],[5.87002,52.485352],[5.795117,52.427686],[5.495313,52.251904],[5.039941,52.344141],[5.069043,52.451367],[5.065918,52.62373],[5.241699,52.669824],[5.247461,52.730371],[5.117578,52.835986],[5.068066,52.923437],[5.268945,53.027246],[5.398242,53.041943],[5.42041,52.874463],[5.547266,52.845654],[5.656836,52.851416],[5.613086,52.684375],[5.653418,52.629639],[5.835449,52.609277],[5.867188,52.563184]],[[5.800879,52.465771],[5.797461,52.5646],[5.658105,52.587598],[5.376953,52.490332],[5.168555,52.37876],[5.242383,52.33374],[5.424414,52.297656],[5.499121,52.301855],[5.800879,52.465771]]]},"properties":{"kind":"lake"}},{"type":"Feature","geometry":{"type":"Polygon","coordinates":[[[38.680957,58.108203],[38.383105,58.121875],[38.436914,58.035645],[38.25918,58.070898],[38.220508,58.237305],[37.944043,58.300879],[37.897168,58.291797],[37.507129,58.535352],[37.416895,58.613086],[37.155273,58.694971],[37.150781,58.84873],[37.30791,58.76001],[37.422852,58.726562],[37.410352,58.669971],[37.537695,58.612695],[37.564648,58.552832],[37.767773,58.617627],[38.073926,58.541943],[38.095508,58.634473],[37.987695,58.672217],[38.023926,58.745898],[37.995898,58.86167],[37.917578,58.858252],[37.777246,58.926221],[37.642383,58.918896],[37.501367,58.844775],[37.499121,58.944189],[37.673242,59.025195],[37.644922,59.156787],[37.842871,59.155273],[37.987305,59.176758],[38.027246,59.128076],[38.179688,59.11333],[38.294043,59.161328],[38.331543,59.092578],[38.239453,59.062695],[37.910156,59.102734],[37.857715,59.075146],[38.119434,58.95459],[38.427344,58.747021],[38.752832,58.546924],[38.989258,58.495605],[39.005273,58.358057],[38.870898,58.331055],[38.812109,58.250732],[38.81875,58.134814],[38.691699,58.207031],[38.680957,58.108203]]]},"properties":{"kind":"lake"}},{"type":"Feature","geometry":{"type":"Polygon","coordinates":[[[78.302637,42.588379],[78.158008,42.550098],[77.870703,42.428271],[77.853906,42.36665],[77.716211,42.240381],[77.514551,42.181836],[77.136523,42.168164],[76.921484,42.19043],[76.577734,42.291357],[76.432129,42.319531],[76.263086,42.327588],[76.226465,42.460596],[76.452832,42.488574],[76.74707,42.565332],[76.965039,42.612256],[77.337402,42.669678],[77.534863,42.651318],[77.684082,42.701807],[78.248828,42.73374],[78.118945,42.641504],[78.136328,42.607666],[78.302637,42.588379]]]},"properties":{"kind":"lake"}},{"type":"Feature","geometry":{"type":"Polygon","coordinates":[[[84.515625,47.929883],[84.42666,47.856885],[84.356836,47.732129],[84.241797,47.706445],[83.994336,47.843262],[83.624609,48.012793],[83.258984,48.094629],[83.026758,48.211865],[83.038574,48.249609],[83.182129,48.249365],[83.435254,48.269971],[83.532617,48.375146],[83.392188,48.499854],[83.417383,48.597461],[83.422656,48.743213],[83.471191,48.858203],[83.589453,48.962402],[83.747266,49.039258],[84.036133,49.110596],[84.120605,49.159082],[84.099805,49.238037],[83.848535,49.41709],[83.660352,49.44292],[83.538965,49.531885],[83.478906,49.538232],[83.364844,49.626074],[83.391211,49.652393],[83.608203,49.60625],[83.739844,49.630957],[83.729492,49.535205],[84.287793,49.237695],[84.360645,49.160547],[84.328613,49.124854],[84.149023,49.086035],[83.60918,48.9104],[83.514063,48.81333],[83.486914,48.718262],[83.516797,48.616846],[83.613379,48.437256],[83.919434,48.397217],[83.907129,48.373535],[83.681934,48.353418],[83.58125,48.26748],[83.740039,48.197656],[84.051465,48.083496],[84.333887,48.023096],[84.515625,47.929883]]]},"properties":{"kind":"lake"}},{"type":"Feature","geometry":{"type":"Polygon","coordinates":[[[36.68457,2.537793],[36.633008,2.424707],[36.570996,2.405176],[36.534961,2.447852],[36.424023,2.734424],[36.331348,2.873926],[36.242285,2.965625],[36.200098,2.973584],[36.153613,3.037891],[36.112793,3.166602],[35.965918,3.368018],[35.937207,3.482324],[35.872266,3.598145],[35.847266,3.775293],[35.918945,4.27041],[35.950488,4.55293],[36.07373,4.555029],[36.097949,4.623291],[36.174121,4.631934],[36.196973,4.430908],[36.225879,3.879834],[36.221191,3.472949],[36.310742,3.206641],[36.427246,3.011426],[36.538477,2.92373],[36.652051,2.858398],[36.69668,2.726611],[36.68457,2.537793]]]},"properties":{"kind":"lake"}},{"type":"Feature","geometry":{"type":"Polygon","coordinates":[[[19.764063,54.433838],[19.71709,54.482275],[19.878711,54.589111],[19.987988,54.709961],[20.084277,54.673145],[20.404883,54.681641],[19.929199,54.517139],[19.764063,54.433838]]]},"properties":{"kind":"lake"}},{"type":"Feature","geometry":{"type":"Polygon","coordinates":[[[19.71709,54.482275],[19.764063,54.433838],[19.480859,54.300439],[19.346777,54.267969],[19.278613,54.338379],[19.502734,54.380957],[19.71709,54.482275]]]},"properties":{"kind":"lake"}},{"type":"Feature","geometry":{"type":"Polygon","coordinates":[[[118.604688,33.17207],[118.491699,32.998047],[118.266602,32.924805],[118.227051,32.896631],[118.14209,32.986133],[118.225781,32.990576],[118.234277,33.046289],[118.182324,33.139355],[117.978516,33.142334],[117.911621,33.181006],[118.114258,33.214697],[118.174902,33.210205],[118.274902,33.044775],[118.340234,32.994238],[118.407227,33.009863],[118.470117,33.127783],[118.454492,33.160156],[118.322168,33.182471],[118.249219,33.221143],[118.318359,33.268359],[118.446484,33.406836],[118.57002,33.371875],[118.487695,33.539844],[118.493066,33.622656],[118.571191,33.619824],[118.608398,33.514893],[118.663574,33.463086],[118.774316,33.442773],[118.860547,33.356543],[118.778223,33.176367],[118.715527,33.089307],[118.65293,33.173828],[118.604688,33.17207]]]},"properties":{"kind":"lake"}},{"type":"Feature","geometry":{"type":"Polygon","coordinates":[[[100.786816,51.396973],[100.688184,50.983008],[100.507227,50.808691],[100.445215,50.658936],[100.444336,50.568115],[100.193359,50.493799],[100.179492,50.531299],[100.247754,50.742773],[100.296191,51.108594],[100.283984,51.250391],[100.402148,51.39209],[100.379687,51.466064],[100.559277,51.610254],[100.752051,51.446777],[100.786816,51.396973]]]},"properties":{"kind":"lake"}},{"type":"Feature","geometry":{"type":"Polygon","coordinates":[[[92.316406,50.30166],[92.235449,50.412988],[92.348242,50.475049],[92.789453,50.616943],[92.892773,50.658252],[92.990234,50.607959],[92.977734,50.539551],[93.075879,50.427686],[93.227441,50.364062],[93.361816,50.281592],[93.21582,50.251123],[93.095215,50.19834],[92.912793,50.055908],[92.72168,50.009961],[92.601367,50.005225],[92.49834,50.053174],[92.381738,50.141895],[92.316406,50.30166]]]},"properties":{"kind":"lake"}},{"type":"Feature","geometry":{"type":"Polygon","coordinates":[[[132.809766,45.051562],[132.613574,44.711328],[132.459668,44.612598],[132.365527,44.529443],[132.275879,44.568994],[132.241211,44.62998],[132.069043,44.742529],[132.108691,44.968652],[132.015137,45.074268],[132.00498,45.214014],[132.071094,45.286816],[132.230176,45.328418],[132.401953,45.328955],[132.579492,45.29624],[132.725195,45.230078],[132.808203,45.148779],[132.809766,45.051562]]]},"properties":{"kind":"lake"}},{"type":"Feature","geometry":{"type":"Polygon","coordinates":[[[104.570215,12.426367],[104.464063,12.506055],[104.401367,12.508496],[104.257812,12.563867],[104.140332,12.671143],[104.10459,12.788623],[104.00752,12.803955],[103.89541,12.866943],[103.806445,12.946875],[103.754687,13.039014],[103.699121,13.207031],[103.731055,13.249902],[103.84209,13.234668],[103.980664,13.179199],[104.099609,13.035547],[104.234766,12.764014],[104.267773,12.738623],[104.369727,12.746973],[104.439844,12.724316],[104.470996,12.558691],[104.554785,12.514355],[104.570215,12.426367]]]},"properties":{"kind":"lake"}},{"type":"Feature","geometry":{"type":"Polygon","coordinates":[[[100.752734,36.810889],[100.722656,36.74502],[100.704297,36.589355],[100.627539,36.556836],[100.522949,36.580176],[100.430566,36.641064],[100.227734,36.644678],[99.958496,36.678711],[99.827441,36.739404],[99.649902,36.911279],[99.680859,36.947412],[99.816406,36.955371],[99.834473,36.988037],[99.787207,37.149023],[99.95625,37.217822],[100.104297,37.201562],[100.274512,37.150244],[100.447852,37.025195],[100.585547,36.902637],[100.752734,36.810889]]]},"properties":{"kind":"lake"}},{"type":"Feature","geometry":{"type":"Polygon","coordinates":[[[71.238574,67.9896],[70.970605,68.011621],[70.964453,68.09834],[71.092969,68.103418],[71.380664,68.024854],[71.238574,67.9896]]]},"properties":{"kind":"lake"}},{"type":"Feature","geometry":{"type":"Polygon","coordinates":[[[43.26123,33.727734],[43.106152,33.915186],[43.073633,34.112988],[43.066016,34.258057],[43.11582,34.32915],[43.23877,34.141406],[43.46748,33.950439],[43.492773,33.888037],[43.47832,33.729102],[43.419629,33.70625],[43.26123,33.727734]]]},"properties":{"kind":"lake"}},{"type":"Feature","geometry":{"type":"Polygon","coordinates":[[[43.878418,32.687695],[43.862598,32.611523],[43.792578,32.535156],[43.668066,32.553467],[43.482129,32.642383],[43.437598,32.714941],[43.432422,32.868945],[43.475098,32.919482],[43.468555,33.010889],[43.550195,33.079443],[43.719922,32.808447],[43.878418,32.687695]]]},"properties":{"kind":"lake"}},{"type":"Feature","geometry":{"type":"Polygon","coordinates":[[[35.585352,31.72417],[35.545117,31.359131],[35.520996,31.327246],[35.403125,31.348242],[35.402148,31.492432],[35.421387,31.618555],[35.462598,31.710352],[35.558984,31.765527],[35.585352,31.72417]]]},"properties":{"kind":"lake"}},{"type":"Feature","geometry":{"type":"Polygon","coordinates":[[[27.49707,58.184131],[27.568555,58.214795],[27.591797,58.174609],[27.865137,58.173486],[27.973047,58.132617],[28.096973,58.044434],[28.169238,57.914502],[28.101758,57.859961],[27.910938,57.895752],[27.802734,57.990234],[27.623828,58.014258],[27.49707,58.184131]]]},"properties":{"kind":"lake"}},{"type":"Feature","geometry":{"type":"Polygon","coordinates":[[[4.685254,10.365479],[4.598242,10.196094],[4.61709,10.002783],[4.658594,9.884717],[4.594043,9.866797],[4.565723,9.903223],[4.536816,10.028271],[4.467871,10.098486],[4.510059,10.147559],[4.46543,10.305518],[4.399609,10.375293],[4.459473,10.460059],[4.470313,10.626709],[4.680371,10.584766],[4.649609,10.516895],[4.685254,10.365479]]]},"properties":{"kind":"lake"}},{"type":"Feature","geometry":{"type":"Polygon","coordinates":[[[45.666309,37.741895],[45.74668,37.701172],[45.75498,37.577734],[45.857715,37.426465],[45.831152,37.340527],[45.662793,37.288135],[45.535547,37.134863],[45.448535,37.149463],[45.364551,37.226611],[45.29248,37.438037],[45.23418,37.763672],[45.087012,37.8854],[45.080273,37.987598],[45.155469,38.044531],[45.171191,38.143848],[45.01543,38.144385],[45.025977,38.192725],[45.105566,38.264258],[45.356934,38.264258],[45.458398,38.173437],[45.487305,38.072949],[45.447461,37.932422],[45.435938,37.806201],[45.483203,37.753564],[45.666309,37.741895]]]},"properties":{"kind":"lake"}},{"type":"Feature","geometry":{"type":"Polygon","coordinates":[[[57.865039,41.773145],[57.817773,41.699854],[57.684863,41.636182],[57.526758,41.594482],[57.345605,41.573242],[57.174414,41.73457],[57.061816,41.724854],[57.053418,41.773389],[57.09375,41.968408],[57.182715,42.185352],[57.272656,42.30332],[57.392285,42.334912],[57.549805,42.260693],[57.627246,42.149609],[57.613086,42.105029],[57.682422,42.0104],[57.700293,41.912646],[57.844824,41.837842],[57.865039,41.773145]]]},"properties":{"kind":"lake"}},{"type":"Feature","geometry":{"type":"Polygon","coordinates":[[[76.746973,54.832275],[76.869043,54.882568],[77.134375,54.923242],[77.245313,54.855957],[77.326563,54.968311],[77.430371,55.02041],[77.570312,55.053271],[78.033008,54.975488],[78.049121,54.927441],[77.777148,54.859082],[77.643457,54.802734],[77.740625,54.661328],[77.573535,54.646973],[77.245117,54.723145],[77.052246,54.732031],[76.825977,54.701025],[76.73418,54.716504],[76.746973,54.832275]]]},"properties":{"kind":"lake"}},{"type":"Feature","geometry":{"type":"Polygon","coordinates":[[[82.132715,45.764014],[81.748633,45.871875],[81.554688,45.964795],[81.42666,46.055371],[81.404102,46.151221],[81.399414,46.304736],[81.443164,46.392139],[81.529688,46.451807],[81.65,46.455713],[81.761133,46.430859],[81.912207,46.35083],[82.025293,46.184766],[82.063574,45.943848],[82.132715,45.764014]]]},"properties":{"kind":"lake"}},{"type":"Feature","geometry":{"type":"Polygon","coordinates":[[[117.228906,48.585254],[117.114258,48.561035],[117.095508,48.704834],[116.988477,48.841016],[117.058789,48.906641],[117.225195,49.002539],[117.529004,49.269971],[117.635742,49.342139],[117.706934,49.321875],[117.686133,49.220361],[117.812109,49.125195],[118.007227,49.105273],[117.964258,49.03501],[117.772266,49.058789],[117.715918,48.986035],[117.515527,48.846484],[117.327637,48.694238],[117.309766,48.636035],[117.228906,48.585254]]]},"properties":{"kind":"lake"}},{"type":"Feature","geometry":{"type":"Polygon","coordinates":[[[28.44707,69.325977],[28.566406,69.221631],[28.400391,69.082373],[28.250586,69.063818],[28.092383,68.980713],[28.356152,68.872461],[28.294922,68.851953],[27.989453,68.879785],[27.992383,68.787988],[27.779102,68.792041],[27.654785,68.731543],[27.46416,68.760889],[27.416602,68.840674],[27.161719,68.922998],[27.484473,69.00415],[27.560156,69.062256],[27.940625,69.178418],[28.083594,69.189941],[28.344531,69.322949],[28.44707,69.325977]]]},"properties":{"kind":"lake"}},{"type":"Feature","geometry":{"type":"Polygon","coordinates":[[[26.779883,64.391162],[26.866113,64.52998],[27.111816,64.523291],[27.213672,64.49668],[27.217285,64.413916],[27.36543,64.33042],[27.726953,64.39668],[27.925,64.381348],[27.929688,64.306738],[27.800586,64.304053],[27.764648,64.244678],[28.157227,64.159668],[28.07334,64.121191],[27.928906,64.144775],[27.652637,64.224805],[27.562402,64.274463],[27.322852,64.20918],[27.2875,64.130713],[26.94248,64.238477],[26.779883,64.391162]]]},"properties":{"kind":"lake"}},{"type":"Feature","geometry":{"type":"Polygon","coordinates":[[[27.568555,58.214795],[27.49707,58.184131],[27.425488,58.303076],[27.236621,58.452246],[27.156738,58.647949],[26.966406,58.805566],[26.974121,58.884277],[27.107324,58.954199],[27.298145,58.994922],[27.52373,59.006934],[27.683008,58.979639],[27.748438,58.912061],[27.820508,58.484912],[27.582715,58.306396],[27.568555,58.214795]]]},"properties":{"kind":"lake"}},{"type":"Feature","geometry":{"type":"Polygon","coordinates":[[[120.60166,31.087451],[120.394434,30.970605],[120.236035,30.935986],[120.103223,30.973291],[119.978027,31.091064],[119.939355,31.252979],[119.987402,31.391797],[120.108203,31.491797],[120.218555,31.531836],[120.270898,31.444629],[120.380371,31.429053],[120.326465,31.319727],[120.440234,31.15332],[120.460742,31.080811],[120.539941,31.1271],[120.60166,31.087451]]]},"properties":{"kind":"lake"}},{"type":"Feature","geometry":{"type":"Polygon","coordinates":[[[33.16709,49.019287],[33.07627,49.004346],[33.043457,49.063135],[32.769531,49.115918],[32.408203,49.301709],[31.900488,49.512793],[31.955371,49.569678],[32.114453,49.541309],[32.461426,49.426074],[32.631836,49.381836],[32.682422,49.400977],[32.664648,49.537012],[32.753906,49.484766],[33.01543,49.280664],[33.194336,49.11875],[33.16709,49.019287]]]},"properties":{"kind":"lake"}},{"type":"Feature","geometry":{"type":"Polygon","coordinates":[[[90.345703,30.524219],[90.313965,30.573193],[90.292188,30.697754],[90.288867,30.846875],[90.35293,30.880176],[90.578516,30.828906],[90.650977,30.839697],[90.712012,30.894531],[90.865625,30.8854],[90.94375,30.923828],[91.011719,30.887842],[91.014258,30.83916],[90.843262,30.71792],[90.713965,30.641309],[90.596484,30.596436],[90.345703,30.524219]]]},"properties":{"kind":"lake"}},{"type":"Feature","geometry":{"type":"Polygon","coordinates":[[[33.45752,38.853613],[33.597461,38.798926],[33.673535,38.712305],[33.61709,38.577783],[33.533105,38.522754],[33.422559,38.558643],[33.235742,38.666699],[33.158105,38.772119],[33.292773,38.967236],[33.305371,39.126709],[33.42373,39.055811],[33.454492,38.991895],[33.45752,38.853613]]]},"properties":{"kind":"lake"}},{"type":"Feature","geometry":{"type":"Polygon","coordinates":[[[27.535352,60.938232],[27.579297,60.984033],[27.809766,61.043701],[27.84873,60.984229],[27.743945,60.949951],[27.535352,60.938232]]]},"properties":{"kind":"lake"}},{"type":"Feature","geometry":{"type":"Polygon","coordinates":[[[29.472266,62.869385],[29.747363,62.875684],[29.822461,62.794678],[29.811914,62.731934],[29.666406,62.682031],[29.623438,62.740137],[29.458008,62.832568],[29.472266,62.869385]]]},"properties":{"kind":"lake"}},{"type":"Feature","geometry":{"type":"Polygon","coordinates":[[[29.229492,62.705322],[29.52207,62.705908],[29.454102,62.640967],[29.218555,62.650098],[29.229492,62.705322]]]},"properties":{"kind":"lake"}},{"type":"Feature","geometry":{"type":"Polygon","coordinates":[[[160.480176,69.249854],[160.255762,69.237598],[159.964941,69.281982],[159.843555,69.378223],[160.324805,69.295996],[160.480176,69.249854]]]},"properties":{"kind":"lake"}},{"type":"Feature","geometry":{"type":"Polygon","coordinates":[[[71.359473,67.869775],[71.369922,67.94707],[71.708496,68.037256],[71.776172,67.950195],[71.650391,67.895361],[71.359473,67.869775]]]},"properties":{"kind":"lake"}},{"type":"Feature","geometry":{"type":"Polygon","coordinates":[[[70.48877,70.091504],[70.371289,70.014697],[70.23125,70.010547],[70.127539,70.075586],[70.173926,70.136035],[70.48877,70.091504]]]},"properties":{"kind":"lake"}},{"type":"Feature","geometry":{"type":"Polygon","coordinates":[[[70.850977,69.968701],[70.748926,70.03335],[70.837109,70.136035],[71.057813,69.987891],[70.850977,69.968701]]]},"properties":{"kind":"lake"}},{"type":"Feature","geometry":{"type":"Polygon","coordinates":[[[70.563086,70.122998],[70.372266,70.153027],[70.344336,70.199561],[70.77041,70.216602],[70.696484,70.136279],[70.563086,70.122998]]]},"properties":{"kind":"lake"}},{"type":"Feature","geometry":{"type":"Polygon","coordinates":[[[35.012793,63.505566],[35.144629,63.482324],[35.373633,63.492285],[35.381738,63.434082],[35.099414,63.383105],[34.871582,63.46377],[34.828809,63.433691],[34.953027,63.181055],[34.701953,63.398828],[34.552148,63.458984],[34.45332,63.623389],[34.358105,63.69668],[34.214355,63.676025],[34.347266,63.851172],[34.428418,63.848242],[34.856738,63.72085],[34.989551,63.585107],[35.012793,63.505566]]]},"properties":{"kind":"lake"}},{"type":"Feature","geometry":{"type":"Polygon","coordinates":[[[33.441406,63.44375],[33.58623,63.487402],[33.696875,63.409277],[33.84707,63.438477],[33.932813,63.418115],[33.991211,63.296826],[34.066016,63.22876],[33.896875,63.188574],[33.70332,63.190186],[33.499219,63.21626],[33.306836,63.283691],[33.257422,63.423437],[33.441406,63.44375]]]},"properties":{"kind":"lake"}},{"type":"Feature","geometry":{"type":"Polygon","coordinates":[[[30.604004,62.87627],[30.586914,62.937109],[30.754883,63.049756],[30.846777,62.954443],[30.634473,62.774658],[30.501953,62.779053],[30.604004,62.87627]]]},"properties":{"kind":"lake"}},{"type":"Feature","geometry":{"type":"Polygon","coordinates":[[[29.993652,63.292725],[29.958789,63.22666],[29.994434,63.139697],[30.138477,62.973486],[30.033105,62.959424],[29.854199,63.087305],[29.814063,63.145215],[29.392969,63.182568],[29.04248,63.474561],[29.186719,63.514307],[29.527344,63.376709],[29.784277,63.294336],[29.993652,63.292725]]]},"properties":{"kind":"lake"}},{"type":"Feature","geometry":{"type":"Polygon","coordinates":[[[32.517383,65.532324],[32.48125,65.469092],[31.996289,65.568604],[31.942676,65.621533],[31.733398,65.670068],[31.573633,65.734912],[31.507422,65.795459],[31.692969,65.856348],[31.983301,65.8896],[32.118457,65.833545],[32.139453,65.783887],[32.328516,65.700488],[32.377051,65.577441],[32.517383,65.532324]]]},"properties":{"kind":"lake"}},{"type":"Feature","geometry":{"type":"Polygon","coordinates":[[[87.375195,41.851025],[87.25918,41.893652],[87.102148,41.900879],[86.893945,41.869873],[86.753418,41.825488],[86.735059,41.902783],[86.794922,41.974756],[86.828613,42.07251],[86.888965,42.108105],[87.315332,42.016748],[87.375195,41.907715],[87.375195,41.851025]]]},"properties":{"kind":"lake"}},{"type":"Feature","geometry":{"type":"Polygon","coordinates":[[[30.868164,61.973975],[30.849609,62.082861],[30.971191,62.06499],[31.052637,61.970117],[30.938867,61.921436],[30.868164,61.973975]]]},"properties":{"kind":"lake"}},{"type":"Feature","geometry":{"type":"Polygon","coordinates":[[[31.530957,58.230176],[31.394043,58.141992],[30.876172,58.214111],[30.857031,58.239111],[31.019434,58.319727],[31.170215,58.359473],[31.29834,58.476562],[31.510742,58.388867],[31.637109,58.387988],[31.688281,58.202295],[31.530957,58.230176]]]},"properties":{"kind":"lake"}},{"type":"Feature","geometry":{"type":"Polygon","coordinates":[[[116.705762,29.13623],[116.634668,29.101904],[116.521094,29.143262],[116.477246,29.043018],[116.530078,28.894482],[116.511523,28.803809],[116.468457,28.805176],[116.40918,28.905273],[116.347754,28.905713],[116.329102,28.960938],[116.097266,29.105908],[115.965039,29.311377],[116.025977,29.45293],[116.090625,29.555273],[116.11748,29.653125],[116.082324,29.702539],[116.197559,29.751367],[116.234766,29.665869],[116.109766,29.426611],[116.196094,29.361572],[116.136621,29.309326],[116.15293,29.252588],[116.368457,29.22251],[116.406836,29.176221],[116.468652,29.250098],[116.640137,29.23667],[116.705762,29.13623]]]},"properties":{"kind":"lake"}},{"type":"Feature","geometry":{"type":"Polygon","coordinates":[[[116.46084,30.054541],[116.497949,29.964404],[116.388086,29.965967],[116.289941,29.993604],[116.258789,30.048096],[116.327051,30.086816],[116.46084,30.054541]]]},"properties":{"kind":"lake"}},{"type":"Feature","geometry":{"type":"Polygon","coordinates":[[[116.195117,30.0375],[116.241699,30.032129],[116.253613,29.935059],[116.211133,29.907617],[116.044141,29.881104],[115.977441,29.95166],[115.985352,30.016064],[116.118262,30.000391],[116.195117,30.0375]]]},"properties":{"kind":"lake"}},{"type":"Feature","geometry":{"type":"Polygon","coordinates":[[[114.350488,30.195996],[114.405859,30.267822],[114.495801,30.289404],[114.501172,30.366211],[114.602832,30.299512],[114.641699,30.13291],[114.54248,30.188184],[114.408398,30.106445],[114.350488,30.195996]]]},"properties":{"kind":"lake"}},{"type":"Feature","geometry":{"type":"Polygon","coordinates":[[[89.317578,31.794189],[89.286523,31.787549],[89.138086,31.601562],[89.05752,31.595605],[88.945508,31.624512],[88.926953,31.728027],[88.763672,31.711621],[88.68457,31.729492],[88.566309,31.843994],[88.607813,31.880078],[88.813672,31.841064],[88.864258,31.887402],[88.968457,31.918018],[89.120215,31.912744],[89.266309,31.872314],[89.317578,31.794189]]]},"properties":{"kind":"lake"}},{"type":"Feature","geometry":{"type":"Polygon","coordinates":[[[92.786621,48.178174],[92.621777,48.097803],[92.442187,48.030225],[92.353516,47.964209],[92.27998,47.850635],[92.200293,47.768652],[92.08418,47.815723],[91.99082,47.933008],[91.976172,48.009668],[92.105078,48.054395],[92.248633,48.130078],[92.25,48.263379],[92.287012,48.352197],[92.424902,48.360107],[92.483203,48.338916],[92.401855,48.237402],[92.404688,48.156396],[92.543652,48.138379],[92.643359,48.193115],[92.638281,48.32998],[92.732813,48.310449],[92.801953,48.25293],[92.786621,48.178174]]]},"properties":{"kind":"lake"}},{"type":"Feature","geometry":{"type":"Polygon","coordinates":[[[6.873633,46.432227],[6.84502,46.384814],[6.665332,46.402441],[6.468848,46.388574],[6.336426,46.360937],[6.157031,46.205078],[6.158398,46.302441],[6.343945,46.457617],[6.588184,46.528809],[6.818848,46.465625],[6.873633,46.432227]]]},"properties":{"kind":"lake"}},{"type":"Feature","geometry":{"type":"Polygon","coordinates":[[[14.933008,58.783887],[14.891406,58.59165],[14.946191,58.510889],[14.686426,58.394678],[14.582422,58.20166],[14.499414,58.085498],[14.339258,57.933301],[14.24502,57.809473],[14.159277,57.796289],[14.121094,57.924512],[14.213184,58.150195],[14.506641,58.560742],[14.631641,58.679834],[14.932129,58.854102],[14.933008,58.783887]]]},"properties":{"kind":"lake"}},{"type":"Feature","geometry":{"type":"Polygon","coordinates":[[[42.988672,38.345605],[42.922754,38.390039],[42.882227,38.476807],[42.683301,38.456543],[42.538477,38.489697],[42.353125,38.499805],[42.364551,38.548535],[42.458398,38.642773],[42.458008,38.692187],[42.525977,38.745166],[42.722852,38.78208],[43.079395,38.809326],[43.162793,38.846191],[43.075195,38.916113],[43.152148,38.947559],[43.435938,38.987842],[43.560156,38.977637],[43.531055,38.89751],[43.291895,38.812793],[43.209961,38.715918],[43.186426,38.603125],[43.287109,38.547998],[43.318359,38.488721],[43.147656,38.336621],[42.988672,38.345605]]]},"properties":{"kind":"lake"}},{"type":"Feature","geometry":{"type":"Polygon","coordinates":[[[149.2986360066394,72],[149.187402,71.921143],[149.009766,71.924854],[148.93172057646265,72],[149.2986360066394,72]]]},"properties":{"kind":"lake"}},{"type":"Feature","geometry":{"type":"Polygon","coordinates":[[[89.610938,37.495166],[89.513867,37.485352],[89.144727,37.538477],[89.082031,37.586572],[89.396484,37.63252],[89.565039,37.613037],[89.644922,37.575342],[89.610938,37.495166]]]},"properties":{"kind":"lake"}},{"type":"Feature","geometry":{"type":"Polygon","coordinates":[[[14.084473,63.258691],[14.063477,63.325244],[14.393652,63.261572],[14.510156,63.265234],[14.611816,63.205029],[14.454883,63.15332],[14.357227,63.087109],[14.057031,63.194141],[14.084473,63.258691]]]},"properties":{"kind":"lake"}},{"type":"Feature","geometry":{"type":"Polygon","coordinates":[[[102.878516,18.52666],[102.719434,18.497266],[102.646484,18.449902],[102.614551,18.476465],[102.545508,18.615381],[102.505859,18.745703],[102.659375,18.662256],[102.74668,18.650342],[102.75332,18.598779],[102.878516,18.52666]]]},"properties":{"kind":"lake"}},{"type":"Feature","geometry":{"type":"Polygon","coordinates":[[[119.406836,32.793555],[119.391504,32.75127],[119.253418,32.736182],[119.173438,32.685742],[119.125391,32.798047],[119.079395,32.854541],[119.228516,32.882178],[119.244922,33.013184],[119.314453,33.054395],[119.236914,33.154297],[119.179688,33.148242],[119.153809,33.064502],[119.102246,33.068994],[119.169922,33.186084],[119.254102,33.200781],[119.303711,33.164014],[119.349023,33.077783],[119.396973,32.91582],[119.406836,32.793555]]]},"properties":{"kind":"lake"}},{"type":"Feature","geometry":{"type":"Polygon","coordinates":[[[88.160742,69.498096],[87.937012,69.477783],[87.728125,69.512598],[87.721094,69.624072],[87.608789,69.808984],[87.349121,69.889258],[87.410352,70.003516],[87.646777,70.071484],[87.924707,70.090283],[87.938672,70.025439],[87.656641,69.959863],[87.681543,69.895215],[87.929883,69.75625],[88.038574,69.562793],[88.160742,69.498096]]]},"properties":{"kind":"lake"}},{"type":"Feature","geometry":{"type":"Polygon","coordinates":[[[27.037109,61.662354],[26.8625,61.695508],[26.770215,61.666357],[26.290234,61.854053],[26.418457,61.862891],[26.575391,61.937451],[26.667773,61.867773],[26.774219,61.860889],[26.872949,61.901758],[26.9,61.752979],[27.037109,61.662354]]]},"properties":{"kind":"lake"}},{"type":"Feature","geometry":{"type":"Polygon","coordinates":[[[16.403809,59.308691],[16.310156,59.274609],[15.920996,59.193994],[15.81582,59.148926],[15.624121,59.167432],[15.519629,59.255127],[15.613086,59.31665],[15.727734,59.298193],[16.187402,59.287646],[16.403809,59.308691]]]},"properties":{"kind":"lake"}},{"type":"Feature","geometry":{"type":"Polygon","coordinates":[[[26.629688,63.113574],[26.591699,63.088965],[26.64834,62.982275],[26.461523,63.014893],[26.428906,63.163916],[26.586035,63.234326],[26.419629,63.329492],[26.622852,63.320703],[26.741406,63.226807],[26.629688,63.113574]]]},"properties":{"kind":"lake"}},{"type":"Feature","geometry":{"type":"Polygon","coordinates":[[[37.232031,60.164453],[37.286328,60.233447],[37.399902,60.288867],[37.542188,60.318701],[37.737012,60.329443],[37.898438,60.300781],[37.981152,60.239209],[38.004199,60.160645],[37.968359,60.085742],[37.715039,60.077441],[37.469043,60.087842],[37.232031,60.164453]]]},"properties":{"kind":"lake"}},{"type":"Feature","geometry":{"type":"Polygon","coordinates":[[[38.055078,6.577686],[38.143457,6.559912],[38.106543,6.449023],[37.943652,6.201807],[37.842773,6.073145],[37.738672,6.013623],[37.709082,6.088477],[37.744727,6.135937],[37.865234,6.220459],[37.886719,6.263281],[37.868848,6.490771],[38.017188,6.589258],[38.055078,6.577686]]]},"properties":{"kind":"lake"}},{"type":"Feature","geometry":{"type":"Polygon","coordinates":[[[18.183984,67.478027],[17.838281,67.585986],[17.245703,67.67373],[17.130762,67.79248],[17.435254,67.714014],[18.116016,67.560937],[18.183984,67.478027]]]},"properties":{"kind":"lake"}},{"type":"Feature","geometry":{"type":"Polygon","coordinates":[[[17.585645,46.765674],[17.475879,46.723535],[17.277246,46.721289],[17.270605,46.759961],[17.478711,46.800049],[17.823633,46.911182],[18.077539,47.054688],[18.163672,47.010547],[18.142676,46.963086],[17.672168,46.790527],[17.585645,46.765674]]]},"properties":{"kind":"lake"}},{"type":"Feature","geometry":{"type":"Polygon","coordinates":[[[30.768457,63.833594],[30.895703,63.867871],[31.099805,63.790234],[31.128613,63.613037],[30.912109,63.708105],[30.882715,63.789697],[30.768457,63.833594]]]},"properties":{"kind":"lake"}},{"type":"Feature","geometry":{"type":"Polygon","coordinates":[[[116.423828,30.108252],[116.316992,30.203223],[116.356934,30.245312],[116.443359,30.206934],[116.539062,30.206787],[116.525586,30.089307],[116.423828,30.108252]]]},"properties":{"kind":"lake"}},{"type":"Feature","geometry":{"type":"Polygon","coordinates":[[[117.581055,47.685645],[117.529004,47.738672],[117.569531,47.835498],[117.70918,47.94751],[117.801074,47.950049],[117.868555,47.864844],[117.806055,47.772412],[117.729199,47.718262],[117.581055,47.685645]]]},"properties":{"kind":"lake"}},{"type":"Feature","geometry":{"type":"Polygon","coordinates":[[[83.230273,31.463525],[82.857129,31.540967],[82.933887,31.612451],[83.100098,31.65166],[83.141504,31.59668],[83.290039,31.508301],[83.230273,31.463525]]]},"properties":{"kind":"lake"}},{"type":"Feature","geometry":{"type":"Polygon","coordinates":[[[86.777344,31.166162],[86.763965,31.135596],[86.628027,31.084375],[86.493945,30.811035],[86.419434,30.807031],[86.396289,30.870947],[86.516016,31.05752],[86.607031,31.221143],[86.653906,31.36665],[86.741895,31.341895],[86.777344,31.166162]]]},"properties":{"kind":"lake"}},{"type":"Feature","geometry":{"type":"Polygon","coordinates":[[[79.769727,52.967139],[79.691406,52.829834],[79.516602,52.858203],[79.4,52.943994],[79.399316,53.041357],[79.472266,53.101953],[79.594336,53.143457],[79.737793,53.092041],[79.809375,52.996094],[79.769727,52.967139]]]},"properties":{"kind":"lake"}},{"type":"Feature","geometry":{"type":"Polygon","coordinates":[[[73.386523,53.06958],[73.087793,53.268945],[72.922656,53.280811],[72.986914,53.368262],[73.203613,53.397607],[73.40498,53.360986],[73.423926,53.337012],[73.418555,53.153906],[73.386523,53.06958]]]},"properties":{"kind":"lake"}},{"type":"Feature","geometry":{"type":"Polygon","coordinates":[[[80.32793,55.539941],[80.308105,55.49375],[80.099609,55.412744],[79.986523,55.38999],[79.847266,55.396826],[79.822949,55.452002],[80.085547,55.549951],[80.304785,55.562988],[80.32793,55.539941]]]},"properties":{"kind":"lake"}},{"type":"Feature","geometry":{"type":"Polygon","coordinates":[[[38.650586,61.344434],[38.708203,61.421045],[38.916699,61.444727],[38.857617,61.323145],[38.894922,61.254834],[38.836523,61.206641],[38.663184,61.216504],[38.650586,61.344434]]]},"properties":{"kind":"lake"}},{"type":"Feature","geometry":{"type":"Polygon","coordinates":[[[28.868652,66.311279],[29.089258,66.298779],[29.007129,66.242627],[28.791211,66.161523],[28.625781,66.062988],[28.364355,66.03374],[28.176563,66.071826],[28.505957,66.136475],[28.561133,66.185889],[28.833105,66.233057],[28.868652,66.311279]]]},"properties":{"kind":"lake"}},{"type":"Feature","geometry":{"type":"Polygon","coordinates":[[[34.193555,67.870947],[34.280176,67.887012],[34.551367,67.644531],[34.53418,67.552295],[34.318359,67.544873],[34.318652,67.701025],[34.193555,67.870947]]]},"properties":{"kind":"lake"}},{"type":"Feature","geometry":{"type":"Polygon","coordinates":[[[32.315332,66.501855],[32.354883,66.425342],[31.982715,66.499121],[32.119434,66.563916],[31.900977,66.740723],[31.576758,66.757959],[31.860547,66.885742],[31.948145,66.840527],[32.217773,66.835205],[32.179688,66.761475],[32.338965,66.674072],[32.220215,66.601416],[32.315332,66.501855]]]},"properties":{"kind":"lake"}},{"type":"Feature","geometry":{"type":"Polygon","coordinates":[[[90.930859,28.923291],[90.808398,28.938232],[90.534668,28.78623],[90.453516,28.859619],[90.560547,28.873975],[90.672461,29.01084],[90.632617,29.192383],[90.729297,29.129932],[90.730469,29.05166],[90.788184,28.990771],[90.876172,29.023779],[90.99248,28.977979],[90.930859,28.923291]]]},"properties":{"kind":"lake"}},{"type":"Feature","geometry":{"type":"Polygon","coordinates":[[[72.002637,56.202002],[71.947461,56.109131],[71.675879,56.066895],[71.624609,56.177637],[72.002637,56.202002]]]},"properties":{"kind":"lake"}},{"type":"Feature","geometry":{"type":"Polygon","coordinates":[[[67.678516,55.800684],[67.503711,55.713037],[67.297852,55.745264],[67.381738,55.869189],[67.483008,55.806445],[67.678516,55.800684]]]},"properties":{"kind":"lake"}},{"type":"Feature","geometry":{"type":"Polygon","coordinates":[[[32.910449,65.974756],[33.086523,65.909375],[33.07207,65.832715],[32.799512,65.762451],[32.703613,65.830469],[32.84209,65.876465],[32.745215,65.947803],[32.910449,65.974756]]]},"properties":{"kind":"lake"}},{"type":"Feature","geometry":{"type":"Polygon","coordinates":[[[158.933789,70.092334],[158.819336,69.999756],[158.642383,70.028955],[158.545898,70.099023],[158.609766,70.1375],[158.933789,70.092334]]]},"properties":{"kind":"lake"}},{"type":"Feature","geometry":{"type":"Polygon","coordinates":[[[160.025488,69.456494],[160.220117,69.518848],[160.445312,69.430469],[160.05625,69.393994],[160.025488,69.456494]]]},"properties":{"kind":"lake"}},{"type":"Feature","geometry":{"type":"Polygon","coordinates":[[[118.77998,31.409375],[118.722949,31.541699],[118.941211,31.554102],[118.960156,31.464795],[118.85,31.392578],[118.77998,31.409375]]]},"properties":{"kind":"lake"}},{"type":"Feature","geometry":{"type":"Polygon","coordinates":[[[113.45127,29.940234],[113.454004,29.914404],[113.36875,29.785205],[113.312207,29.749219],[113.237305,29.847803],[113.248633,29.904053],[113.33125,29.893652],[113.361914,29.949316],[113.45127,29.940234]]]},"properties":{"kind":"lake"}},{"type":"Feature","geometry":{"type":"Polygon","coordinates":[[[26.142773,58.327344],[26.140625,58.268799],[26.050977,58.14585],[25.92793,58.305127],[25.966113,58.381641],[26.121484,58.373682],[26.142773,58.327344]]]},"properties":{"kind":"lake"}},{"type":"Feature","geometry":{"type":"Polygon","coordinates":[[[117.941211,31.520508],[117.784473,31.57915],[117.623438,31.454541],[117.467871,31.466602],[117.317187,31.59165],[117.31543,31.697461],[117.412793,31.694141],[117.448047,31.610059],[117.543066,31.590918],[117.651563,31.654297],[117.733301,31.659668],[117.918652,31.550586],[117.941211,31.520508]]]},"properties":{"kind":"lake"}},{"type":"Feature","geometry":{"type":"Polygon","coordinates":[[[12.899316,63.652441],[13.085352,63.650293],[13.119141,63.554346],[13.010059,63.544189],[12.899316,63.652441]]]},"properties":{"kind":"lake"}},{"type":"Feature","geometry":{"type":"Polygon","coordinates":[[[44.989648,40.51499],[45.014551,40.614355],[45.095313,40.590332],[45.241699,40.510205],[45.372949,40.47915],[45.601953,40.318262],[45.655762,40.242676],[45.651367,40.194971],[45.543164,40.155518],[45.312695,40.148828],[45.248438,40.197461],[45.183496,40.385254],[45.095313,40.461084],[44.989648,40.51499]]]},"properties":{"kind":"lake"}},{"type":"Feature","geometry":{"type":"Polygon","coordinates":[[[114.838867,30.28667],[114.678906,30.228076],[114.67373,30.300439],[114.805664,30.34541],[114.838867,30.28667]]]},"properties":{"kind":"lake"}},{"type":"Feature","geometry":{"type":"Polygon","coordinates":[[[114.600781,30.661523],[114.645996,30.714844],[114.745898,30.737598],[114.786328,30.6625],[114.696484,30.612744],[114.621875,30.60835],[114.600781,30.661523]]]},"properties":{"kind":"lake"}},{"type":"Feature","geometry":{"type":"Polygon","coordinates":[[[117.326172,34.587354],[117.249707,34.501611],[117.173828,34.543359],[117.12832,34.6625],[117.178906,34.719336],[117.317773,34.621436],[117.326172,34.587354]]]},"properties":{"kind":"lake"}},{"type":"Feature","geometry":{"type":"Polygon","coordinates":[[[114.600781,30.343652],[114.629199,30.455957],[114.701074,30.512158],[114.752539,30.429004],[114.600781,30.343652]]]},"properties":{"kind":"lake"}},{"type":"Feature","geometry":{"type":"Polygon","coordinates":[[[114.300781,30.024902],[114.252148,29.972168],[114.255078,29.906152],[114.170703,29.920947],[114.143359,29.9875],[114.14668,30.08252],[114.218164,30.14082],[114.252734,30.044873],[114.300781,30.024902]]]},"properties":{"kind":"lake"}},{"type":"Feature","geometry":{"type":"Polygon","coordinates":[[[114.157617,29.871826],[114.087207,29.93374],[114.003223,29.942383],[113.940625,29.981006],[114.100879,30.022461],[114.157617,29.871826]]]},"properties":{"kind":"lake"}},{"type":"Feature","geometry":{"type":"Polygon","coordinates":[[[91.31582,35.595117],[91.267969,35.528369],[91.043359,35.565039],[90.992969,35.653467],[91.271289,35.629346],[91.31582,35.595117]]]},"properties":{"kind":"lake"}},{"type":"Feature","geometry":{"type":"Polygon","coordinates":[[[47.608496,30.689453],[47.491309,30.663135],[47.103711,30.740186],[46.822168,30.725342],[46.791602,30.802539],[46.718652,30.836816],[46.748438,30.902539],[46.860742,30.91665],[46.983008,30.856738],[47.289746,30.771533],[47.429199,30.811865],[47.499805,30.808936],[47.608496,30.689453]]]},"properties":{"kind":"lake"}},{"type":"Feature","geometry":{"type":"Polygon","coordinates":[[[93.799414,49.129004],[93.779395,49.103369],[93.397461,48.990527],[93.24082,49.097021],[92.864941,49.225439],[92.863867,49.306201],[93.059277,49.322363],[93.25957,49.292187],[93.470605,49.20498],[93.654492,49.214893],[93.799414,49.129004]]]},"properties":{"kind":"lake"}},{"type":"Feature","geometry":{"type":"Polygon","coordinates":[[[85.888086,30.928809],[85.801562,30.759033],[85.757031,30.839893],[85.692285,30.870166],[85.512598,30.845752],[85.377246,30.905664],[85.36084,30.992236],[85.401758,31.03501],[85.725195,31.02793],[85.875391,30.978223],[85.888086,30.928809]]]},"properties":{"kind":"lake"}},{"type":"Feature","geometry":{"type":"Polygon","coordinates":[[[42.446875,11.677246],[42.441016,11.640039],[42.398926,11.64502],[42.398633,11.693359],[42.446875,11.677246]]]},"properties":{"kind":"lake"}},{"type":"Feature","geometry":{"type":"Polygon","coordinates":[[[33.486816,1.642871],[33.333984,1.623193],[33.227441,1.584863],[33.161133,1.541748],[33.139746,1.48252],[33.242871,1.385937],[33.317188,1.419629],[33.326367,1.355566],[33.260254,1.222803],[33.229883,1.25415],[33.019238,1.381641],[32.898828,1.430322],[32.893164,1.311426],[32.823633,1.387842],[32.763965,1.394287],[32.742188,1.339502],[32.580469,1.411084],[32.544727,1.521826],[32.610742,1.51377],[32.735547,1.54502],[32.937793,1.562891],[32.998828,1.547363],[33.101367,1.633691],[33.128613,1.615674],[33.236914,1.669678],[33.310449,1.655713],[33.414062,1.731055],[33.445508,1.72793],[33.486816,1.642871]]]},"properties":{"kind":"lake"}},{"type":"Feature","geometry":{"type":"Polygon","coordinates":[[[39.266992,59.78252],[39.707129,59.633789],[39.798145,59.525195],[39.734375,59.479834],[39.552539,59.545947],[39.402148,59.624268],[39.052539,59.838721],[39.093359,59.869336],[39.266992,59.78252]]]},"properties":{"kind":"lake"}},{"type":"Feature","geometry":{"type":"Polygon","coordinates":[[[9.730664,47.526904],[9.685449,47.506396],[9.452344,47.513965],[9.250293,47.597949],[9.113184,47.772119],[9.513965,47.624756],[9.730664,47.526904]]]},"properties":{"kind":"lake"}},{"type":"Feature","geometry":{"type":"Polygon","coordinates":[[[23.240625,61.417139],[23.045703,61.385742],[23.053418,61.428809],[23.240625,61.417139]]]},"properties":{"kind":"lake"}},{"type":"Feature","geometry":{"type":"Polygon","coordinates":[[[35.522461,31.177051],[35.497949,31.104932],[35.416504,31.104395],[35.376758,31.17793],[35.445605,31.231738],[35.522461,31.177051]]]},"properties":{"kind":"lake"}},{"type":"Feature","geometry":{"type":"Polygon","coordinates":[[[35.631641,32.781641],[35.576855,32.720312],[35.533887,32.803418],[35.565039,32.891602],[35.622852,32.878369],[35.631641,32.781641]]]},"properties":{"kind":"lake"}},{"type":"Feature","geometry":{"type":"Polygon","coordinates":[[[97.887012,34.838184],[97.861328,34.822949],[97.694727,34.830957],[97.602637,34.797754],[97.54707,34.875977],[97.624902,34.953174],[97.650586,35.027539],[97.762891,35.088086],[97.794043,35.033008],[97.801465,34.932227],[97.887012,34.838184]]]},"properties":{"kind":"lake"}},{"type":"Feature","geometry":{"type":"Polygon","coordinates":[[[97.467676,34.975732],[97.359961,34.865479],[97.230469,34.82583],[97.08418,34.906836],[97.066504,34.997266],[97.23125,35.02251],[97.350977,35.019678],[97.467676,34.975732]]]},"properties":{"kind":"lake"}},{"type":"Feature","geometry":{"type":"Polygon","coordinates":[[[73.291016,41.759131],[73.202246,41.74541],[72.972461,41.755176],[72.839453,41.739844],[72.679102,41.663086],[72.635352,41.687305],[72.708594,41.767432],[72.658398,41.874219],[72.685449,41.899561],[72.940039,41.87832],[73.085547,41.828174],[73.239746,41.801123],[73.291016,41.759131]]]},"properties":{"kind":"lake"}},{"type":"Feature","geometry":{"type":"Polygon","coordinates":[[[81.309082,30.635547],[81.211719,30.610791],[81.125586,30.662158],[81.184766,30.720508],[81.184375,30.804297],[81.233984,30.862549],[81.294434,30.817285],[81.252246,30.753271],[81.309082,30.635547]]]},"properties":{"kind":"lake"}},{"type":"Feature","geometry":{"type":"Polygon","coordinates":[[[81.584082,30.7],[81.494043,30.609863],[81.433691,30.590869],[81.373047,30.65918],[81.375781,30.758154],[81.40918,30.777832],[81.524414,30.757178],[81.584082,30.7]]]},"properties":{"kind":"lake"}},{"type":"Feature","geometry":{"type":"Polygon","coordinates":[[[0.271875,6.674512],[0.229688,6.615869],[0.153711,6.597021],[0.13291,6.449561],[0.073291,6.404053],[0,6.384831382003493],[0,6.849018462994112],[0.076709,6.869678],[0.04165,6.946484],[0.123242,6.983154],[0.08457,7.14707],[0.098682,7.192822],[0.183887,7.266162],[0.102051,7.342773],[0,7.499205128067836],[0,7.792989560954717],[0.070166,7.821143],[0.05918,7.919678],[0.099023,8.092969],[0.170313,8.086328],[0.136719,8.253613],[0.217383,8.363281],[0.091992,8.403125],[0.085498,8.547998],[0.127539,8.574316],[0.114648,8.415674],[0.24209,8.379102],[0.183594,8.205615],[0.266797,8.094336],[0.161035,8.05957],[0.108496,7.938721],[0.167773,7.863281],[0.25752,7.90498],[0.247852,7.80293],[0.277539,7.762354],[0.281738,7.575391],[0.228906,7.536377],[0.249805,7.490771],[0.320117,7.54248],[0.276367,7.353076],[0.271387,7.137549],[0.299805,7.071289],[0.240039,6.896338],[0.237109,6.768311],[0.271875,6.674512]],[[0.130371,6.679102],[0.180762,6.725928],[0.15918,6.766748],[0.061914,6.807617],[0.01748,6.77876],[0.011475,6.717529],[0.089551,6.658643],[0.130371,6.679102]]]},"properties":{"kind":"lake"}},{"type":"Feature","geometry":{"type":"Polygon","coordinates":[[[58.312075,45.06201],[58.37249,45.130523],[58.417007,45.290684],[58.549367,45.40771],[58.57403,45.532132],[58.638358,45.590201],[58.652714,45.721985],[58.711704,45.834903],[58.838334,45.834166],[58.849377,45.918096],[59.059936,45.894536],[58.914165,45.794779],[58.869437,45.596097],[58.766184,45.562685],[58.671948,45.459614],[58.629247,45.263779],[58.682255,45.129787],[58.54679,45.007574],[58.567036,44.915178],[58.624462,44.817997],[58.562619,44.772352],[58.524336,44.569155],[58.483107,44.504367],[58.364275,44.42472],[58.260032,44.431481],[58.236776,44.524463],[58.321139,44.603021],[58.221012,44.84671],[58.312075,45.06201]]]},"properties":{"kind":"lake"}},{"type":"Feature","geometry":{"type":"Polygon","coordinates":[[[60.782878,46.085954],[60.752342,46.117724],[60.824808,46.201046],[60.722416,46.374185],[60.579589,46.2932],[60.348415,46.402897],[60.133439,46.356515],[59.988403,46.437868],[60.001655,46.57186],[60.286665,46.700146],[60.367649,46.616953],[60.453347,46.617945],[60.580049,46.563025],[60.740808,46.627035],[60.745353,46.653395],[60.525568,46.750762],[60.580049,46.783892],[60.810767,46.747149],[60.776068,46.581431],[60.892391,46.473206],[61.133871,46.449647],[61.255738,46.492507],[61.202564,46.577496],[61.314981,46.647691],[61.528486,46.677139],[61.450446,46.584376],[61.283462,46.447514],[61.300257,46.38486],[61.217064,46.236879],[60.976685,46.16988],[60.862482,46.090003],[60.782878,46.085954]]]},"properties":{"kind":"lake"}},{"type":"Feature","geometry":{"type":"Polygon","coordinates":[[[59.728654,46.082839],[59.591672,46.209087],[59.504062,46.318784],[59.730822,46.321671],[59.784562,46.284181],[59.813275,46.123685],[59.728654,46.082839]]]},"properties":{"kind":"lake"}},{"type":"Feature","geometry":{"type":"Polygon","coordinates":[[[78.99082,46.748633],[79.08418,46.810107],[79.221973,46.72041],[79.217285,46.609717],[79.094922,46.581592],[79.022754,46.447461],[78.889844,46.369922],[78.711328,46.396387],[78.625293,46.379834],[78.46543,46.392432],[78.408691,46.298828],[78.317285,46.349854],[78.160645,46.318652],[78.017578,46.342627],[77.86543,46.428662],[77.725781,46.407129],[77.562598,46.435449],[77.429297,46.499658],[77.282031,46.472949],[77.165137,46.489014],[77.103906,46.454248],[76.852637,46.492285],[76.741797,46.531982],[76.238477,46.554883],[76.033301,46.51167],[75.866992,46.535645],[75.611328,46.507178],[75.491602,46.596484],[75.404004,46.609717],[75.448047,46.49834],[75.350098,46.469873],[75.277734,46.514893],[75.212207,46.426611],[75.093164,46.460889],[74.888086,46.376562],[74.771387,46.107812],[74.549902,46.005908],[74.369922,46.020068],[74.278027,46.004053],[74.253125,45.94165],[74.30332,45.789795],[74.245313,45.739502],[74.310938,45.695459],[74.289453,45.650635],[74.100586,45.536865],[74.082813,45.352051],[74.150977,45.317285],[74.135645,45.070166],[74.017188,45.012939],[73.980664,45.204199],[73.839746,45.263867],[73.662695,45.435645],[73.614746,45.51333],[73.465234,45.582471],[73.443652,45.657031],[73.531836,45.73418],[73.451074,45.77959],[73.559863,45.816357],[73.737109,46.012744],[73.662695,46.062354],[73.645508,46.15],[73.774902,46.206494],[73.981836,46.186377],[74.026953,46.222461],[73.949512,46.288379],[74.094336,46.427832],[74.279785,46.470215],[74.374609,46.518018],[74.42998,46.578271],[74.524219,46.622949],[74.553125,46.690234],[74.625391,46.7521],[74.939355,46.816797],[75.088672,46.813623],[75.200586,46.758789],[75.338477,46.729932],[75.426758,46.7375],[75.825879,46.818066],[75.950586,46.795117],[76.203125,46.780029],[76.297656,46.752881],[76.405176,46.662256],[76.496289,46.635547],[76.668359,46.673389],[76.793066,46.630664],[76.859277,46.643848],[77.082422,46.624609],[77.174805,46.555957],[77.266016,46.611377],[77.601562,46.640039],[77.690039,46.658643],[77.859961,46.647852],[78.136328,46.594922],[78.29707,46.468555],[78.347852,46.512061],[78.358789,46.623437],[78.476465,46.624609],[78.551367,46.707373],[78.630273,46.746973],[78.760938,46.723828],[78.793066,46.780029],[78.868164,46.79873],[78.99082,46.748633]]]},"properties":{"kind":"lake"}},{"type":"Feature","geometry":{"type":"Polygon","coordinates":[[[35.399023,45.255371],[35.089453,45.357861],[35.040234,45.428516],[35.080273,45.499316],[35.000293,45.630713],[34.644922,45.837451],[34.495117,45.802832],[34.618262,45.914844],[34.37998,45.901318],[34.3625,46.000342],[34.271484,46.026855],[34.132812,46.009717],[34.072363,46.059277],[33.960156,46.040039],[33.885059,46.059912],[33.831348,46.143408],[33.770508,46.133301],[33.728027,46.228125],[33.922266,46.21333],[34.02959,46.157324],[34.16377,46.20293],[34.544238,46.161182],[34.469141,46.101123],[34.428516,46.022363],[34.478711,45.983252],[34.588477,46.020703],[34.640234,46.153027],[34.753711,46.13125],[34.712891,46.052832],[34.788867,46.024463],[34.84043,45.842969],[34.908984,45.792627],[35.031836,45.638184],[35.182031,45.472217],[35.3,45.36377],[35.426172,45.294971],[35.399023,45.255371]]]},"properties":{"kind":"lake"}},{"type":"Feature","geometry":{"type":"Polygon","coordinates":[[[29.517773,62.123096],[29.469727,62.07998],[29.552441,62.002832],[29.685449,62.003711],[29.776953,61.889404],[29.727051,61.847949],[29.426172,61.734375],[29.265723,61.614844],[29.115137,61.600195],[28.730176,61.67124],[28.760449,61.609912],[28.679883,61.558105],[28.692871,61.483887],[28.345117,61.349365],[28.476953,61.33208],[28.71416,61.351758],[28.866992,61.247314],[28.787891,61.20415],[28.291602,61.07998],[27.9875,61.079736],[27.881641,61.157227],[28.072461,61.233154],[27.861914,61.252295],[27.625293,61.213916],[27.40625,61.259473],[27.367969,61.325977],[27.270313,61.324268],[27.296094,61.557031],[27.45918,61.523486],[27.593164,61.581348],[27.816309,61.727881],[28.053809,61.510547],[28.18457,61.543945],[28.261719,61.744482],[28.44209,61.76792],[28.539062,61.840869],[28.806738,61.827783],[28.579199,61.992773],[28.29668,62.096777],[28.031934,62.10835],[27.899219,62.157227],[27.876563,62.329248],[27.799609,62.429395],[27.546973,62.411963],[27.419434,62.496094],[27.6,62.494141],[27.669043,62.528467],[27.608008,62.600781],[27.618555,62.709814],[27.683789,62.911572],[27.559863,62.850684],[27.414648,62.901562],[27.330078,63.001318],[27.176074,63.083594],[27.206836,63.121631],[27.193164,63.289307],[27.362793,63.31582],[27.337305,63.21333],[27.263867,63.145654],[27.439648,63.023438],[27.774023,62.995703],[27.848438,63.070703],[28.106445,63.008936],[28.351953,63.039746],[28.154492,62.932959],[28.143945,62.825244],[28.264355,62.662793],[28.653125,62.527246],[28.898047,62.390332],[28.809766,62.381738],[28.528906,62.474121],[28.555371,62.522607],[28.36709,62.587109],[28.274316,62.565186],[28.190918,62.447607],[28.056738,62.690381],[27.979395,62.732129],[27.765625,62.679541],[27.758105,62.583154],[27.91543,62.430273],[28.039648,62.408887],[27.962598,62.297852],[28.067285,62.24375],[28.276465,62.256152],[28.56582,62.221582],[28.608496,62.278906],[28.765039,62.348438],[28.87041,62.23501],[28.825781,62.134131],[29.197852,62.177148],[29.330469,62.16582],[29.264551,62.393555],[29.3,62.47583],[29.421582,62.522559],[29.588867,62.500293],[29.632715,62.597168],[29.775684,62.577295],[29.926172,62.433594],[29.768457,62.312988],[29.640625,62.309912],[29.647852,62.223389],[29.960449,62.16377],[29.911133,62.115186],[29.708301,62.151074],[29.517773,62.123096]],[[27.849414,62.951416],[27.886328,62.834424],[28.108789,62.755127],[28.062109,62.975977],[27.849414,62.951416]],[[27.637109,61.273193],[27.628711,61.383398],[27.417871,61.437305],[27.367578,61.369043],[27.587891,61.266309],[27.637109,61.273193]],[[27.959277,61.48042],[27.731641,61.547461],[27.700488,61.487598],[27.563965,61.456445],[27.712207,61.402783],[27.797559,61.404932],[27.959277,61.48042]],[[28.495605,61.478174],[28.444922,61.515674],[28.536426,61.621533],[28.475586,61.7229],[28.277344,61.709668],[28.308203,61.581836],[28.242578,61.539062],[28.240137,61.394238],[28.416211,61.416455],[28.495605,61.478174]],[[29.476953,61.966797],[29.442188,62.037695],[29.322266,62.12959],[29.019141,62.124756],[28.809082,62.081934],[28.70332,62.081934],[28.714063,61.994922],[28.827734,61.962793],[28.989746,61.802148],[29.136914,61.775391],[29.25459,61.807471],[29.341797,61.970801],[29.476953,61.966797]]]},"properties":{"kind":"lake"}},{"type":"Feature","geometry":{"type":"Polygon","coordinates":[[[26.570215,61.623145],[26.473242,61.611572],[26.182715,61.729736],[26.07666,61.703955],[26.183203,61.629346],[26.148242,61.545752],[26.05918,61.554688],[25.9,61.646973],[25.966016,61.743262],[26.126465,61.76748],[26.237402,61.840967],[26.294629,61.716113],[26.466016,61.735352],[26.570215,61.623145]]]},"properties":{"kind":"lake"}},{"type":"Feature","geometry":{"type":"Polygon","coordinates":[[[24.608398,61.654492],[24.455664,61.590137],[24.469336,61.527979],[24.341895,61.520215],[24.194238,61.456738],[24.128418,61.34375],[24.24043,61.314941],[24.024023,61.246777],[24.091797,61.185107],[24.241895,61.195117],[24.355176,61.161865],[24.352148,61.073145],[23.874805,61.183252],[24.020996,61.282031],[24.043262,61.423096],[24.454004,61.626123],[24.608398,61.654492]]]},"properties":{"kind":"lake"}},{"type":"Feature","geometry":{"type":"Polygon","coordinates":[[[103.53291,53.635791],[103.725098,53.602295],[103.742578,53.495752],[103.609375,53.551904],[103.489941,53.562793],[103.425195,53.472998],[103.44043,53.222705],[103.343359,53.227832],[103.342871,53.571826],[103.274609,53.677393],[103.096289,53.742285],[102.867969,53.789893],[102.927344,53.819629],[103.116797,53.774121],[103.208496,53.806348],[103.00332,54.067676],[102.986719,54.155664],[103.016602,54.282617],[103.106445,54.415039],[103.217676,54.486523],[103.185547,54.626562],[103.033105,54.782031],[103.069531,54.920947],[103.225977,55.046338],[103.282129,55.15874],[103.271875,55.301758],[103.178613,55.486475],[103.139063,55.684912],[103.074414,55.789209],[102.990137,55.853613],[102.920703,56.062744],[102.716797,56.143408],[102.506055,56.155908],[102.393359,56.088428],[102.308691,56.1104],[101.985938,56.025586],[101.977734,55.90332],[101.906055,55.834277],[101.913086,55.783008],[102.101562,55.628418],[102.332227,55.589648],[102.38584,55.543945],[102.366211,55.484766],[102.217285,55.514063],[102.071777,55.456738],[101.78877,55.413965],[101.757422,55.469043],[101.979199,55.522852],[101.970313,55.562549],[101.805859,55.653809],[101.787793,55.772119],[101.740723,55.806738],[101.411035,55.923486],[101.483398,55.968164],[101.705762,55.972656],[101.732227,56.069629],[101.671875,56.134619],[101.70957,56.263574],[101.803223,56.290771],[101.867383,56.236426],[101.96416,56.226953],[101.945215,56.124512],[102.254883,56.227002],[102.461914,56.25332],[102.473535,56.310693],[102.581836,56.332324],[102.626172,56.253369],[102.799219,56.262207],[102.871973,56.198975],[103.02334,56.213818],[103.019922,56.045166],[103.0625,55.919873],[103.143066,55.808496],[103.246875,55.713623],[103.225879,55.558301],[103.334082,55.35752],[103.363867,55.218604],[103.304297,55.020166],[103.185059,54.877783],[103.154395,54.801172],[103.279102,54.578027],[103.286035,54.481934],[103.348535,54.323145],[103.261328,54.342139],[103.144141,54.239258],[103.10332,54.147314],[103.160449,54.000537],[103.298047,53.873975],[103.330273,53.778516],[103.435352,53.679443],[103.53291,53.635791]]]},"properties":{"kind":"lake"}},{"type":"Feature","geometry":{"type":"Polygon","coordinates":[[[15.755371,63.757715],[15.519922,63.85],[15.390137,63.926172],[15.316406,64.031152],[15.319238,64.110059],[15.036719,64.28457],[14.327734,64.388428],[14.093457,64.518701],[13.709766,64.635547],[13.802344,64.659766],[14.096484,64.557422],[14.194727,64.481201],[14.355664,64.420215],[14.492578,64.417236],[14.850879,64.34707],[15.209863,64.321777],[15.32207,64.162988],[15.418945,64.075439],[15.39541,64.018652],[15.578223,63.867725],[15.744629,63.829687],[15.755371,63.757715]]]},"properties":{"kind":"lake"}},{"type":"Feature","geometry":{"type":"Polygon","coordinates":[[[13.289844,64.738281],[13.398926,64.785498],[13.634766,64.68623],[13.367969,64.692871],[13.289844,64.738281]]]},"properties":{"kind":"lake"}},{"type":"Feature","geometry":{"type":"Polygon","coordinates":[[[9.127539,47.670703],[8.980859,47.702295],[8.99873,47.751855],[9.093652,47.716064],[9.127539,47.670703]]]},"properties":{"kind":"lake"}},{"type":"Feature","geometry":{"type":"Polygon","coordinates":[[[36.867383,62.198096],[36.775977,62.238818],[36.812988,62.430273],[36.908691,62.46626],[37.015332,62.42793],[37.025488,62.261719],[36.983008,62.211182],[36.867383,62.198096]]]},"properties":{"kind":"lake"}},{"type":"Feature","geometry":{"type":"Polygon","coordinates":[[[38.908984,60.585938],[38.844336,60.734326],[38.937695,60.76709],[39.172656,60.679736],[39.187598,60.496094],[39.095703,60.394482],[39.008301,60.57334],[38.908984,60.585938]]]},"properties":{"kind":"lake"}},{"type":"Feature","geometry":{"type":"Polygon","coordinates":[[[31.545313,64.435156],[31.898047,64.514697],[32.014551,64.494678],[32.002148,64.405029],[31.545313,64.435156]]]},"properties":{"kind":"lake"}},{"type":"Feature","geometry":{"type":"Polygon","coordinates":[[[32.405664,67.457275],[32.245996,67.414746],[31.898633,67.512256],[31.944336,67.544189],[32.215918,67.53916],[32.405664,67.457275]]]},"properties":{"kind":"lake"}},{"type":"Feature","geometry":{"type":"Polygon","coordinates":[[[35.158984,67.810596],[34.995117,67.80127],[35.243262,67.955859],[35.260352,67.880273],[35.158984,67.810596]]]},"properties":{"kind":"lake"}},{"type":"Feature","geometry":{"type":"Polygon","coordinates":[[[139.881055,53.555664],[139.921973,53.526709],[139.748828,53.347656],[139.67168,53.390479],[139.658496,53.456201],[139.747754,53.523828],[139.881055,53.555664]]]},"properties":{"kind":"lake"}},{"type":"Feature","geometry":{"type":"Polygon","coordinates":[[[90.401367,33.526318],[90.393945,33.435596],[90.321777,33.363184],[90.246582,33.325098],[90.033301,33.385254],[90.046973,33.445215],[90.186426,33.416211],[90.289551,33.474707],[90.288672,33.638281],[90.31875,33.701758],[90.401367,33.526318]]]},"properties":{"kind":"lake"}},{"type":"Feature","geometry":{"type":"Polygon","coordinates":[[[89.709961,33.46875],[89.832227,33.480225],[89.935156,33.522852],[89.969629,33.479883],[89.91875,33.375537],[89.805664,33.285645],[89.785742,33.416797],[89.709961,33.46875]]]},"properties":{"kind":"lake"}},{"type":"Feature","geometry":{"type":"Polygon","coordinates":[[[76.169141,31.900195],[76.081934,31.908838],[75.974805,31.972461],[75.938281,32.061328],[75.935742,32.139209],[75.982813,32.153174],[76.094629,32.073437],[76.171387,31.961914],[76.169141,31.900195]]]},"properties":{"kind":"lake"}},{"type":"Feature","geometry":{"type":"Polygon","coordinates":[[[91.468945,31.947461],[91.423926,32.061914],[91.454688,32.112158],[91.532422,32.079736],[91.529492,31.965869],[91.468945,31.947461]]]},"properties":{"kind":"lake"}},{"type":"Feature","geometry":{"type":"Polygon","coordinates":[[[87.414844,31.85166],[87.424023,31.911719],[87.546094,31.96875],[87.595801,31.903076],[87.530273,31.84707],[87.414844,31.85166]]]},"properties":{"kind":"lake"}}]}