{"type":"FeatureCollection","features":[{"type":"Feature","geometry":{"type":"MultiPolygon","coordinates":[[[[136.81084731539843,37.31068380923633],[137.3096418710625,37.43265112491016],[137.33492568453906,37.27354010196094],[137.11817458590625,37.14577444644336],[137.01377395114062,37.03735312075977],[136.98302749117968,36.83360632510547],[137.04532912692187,36.668258272126955],[137.17620376071093,36.64306601138477],[137.27591994723437,36.69418676944141],[137.46403029879687,36.85367926211719],[137.57181838473437,36.89208181949024],[138.31724074801562,37.205508790925784],[138.49203017672656,37.301349245027346],[138.69896987399218,37.44820364566211],[138.856150660125,37.735057435945315],[139.19793227633593,37.92043264956836],[139.35387710055468,38.067237459138674],[139.4398451181328,38.18843802066211],[139.5039320321953,38.417884431794924],[139.74572280367968,38.679584108308596],[139.74141982516406,38.743297182039065],[139.89608291110156,38.99850424380664],[139.96793654879687,39.208968721345705],[140.03008559664843,39.48317679019336],[140.01108840426562,39.69351156802539],[139.8621321054375,39.7824664935625],[139.80463698825,39.89074667544727],[139.910349878875,39.98660620303516],[139.98502639254687,40.114619813875],[139.91515639742968,40.574954591707034],[140.15972426852343,40.729014955476565],[140.23911574801562,40.837989412263674],[140.38640883883593,40.98550375552539],[140.4728041025078,40.98567923159961],[140.5671644540703,40.82583197207813],[140.65697768649218,40.72361334414844],[140.79334548434375,40.749488435701174],[141.15255263766406,40.86541708560352],[141.07664016207812,41.10213812442188],[140.93682387789843,41.114661775544924],[140.77450087985156,41.255225740388674],[141.08701613864062,41.44161947818164],[141.2857923837578,41.371539674714846],[141.43688491305468,41.26935537906055],[141.44829848727343,41.17971380801563],[141.44120315035937,40.78918036075],[141.46714309176562,40.51408728213672],[141.56624892672656,40.45671804995899],[141.6756086679375,40.31622274966602],[141.9981184335625,39.67198904605274],[141.99851516207812,39.44887884707813],[141.88782790621875,39.12996634097461],[141.56858352145312,38.78520926089649],[141.46709731539843,38.58749350161914],[141.49639419039843,38.42189749331836],[141.09665969332812,38.261844240144534],[140.9505873056328,38.12141378970508],[140.8722181650078,37.91744955630664],[140.88086989840625,37.73915060611133],[140.92322829684375,37.62462195010547],[140.9822035165703,37.268199525789065],[140.9639387460625,36.95626028628711],[140.65560439547656,36.61831244082813],[140.54662612399218,36.28722342105274],[140.5554457040703,35.96914251895313],[140.64475539645312,35.83575399966602],[140.8342542978203,35.67712362857227],[140.55686477145312,35.543006502107424],[140.39493850192187,35.409122072175784],[140.31661513766406,35.033816896394534],[139.8301039071953,34.835982881501955],[139.78809646090625,34.96284445376758],[139.92046645602343,35.26190146060352],[140.00289443453906,35.497359834626955],[139.91370681246875,35.55441244693164],[139.68267348727343,35.44583090396289],[139.42260268649218,35.165511690095705],[139.2086439462578,35.16507299991016],[139.05291274508593,35.024886690095705],[139.02283767184375,34.68834265323047],[138.86382583102343,34.56743200869922],[138.7794447275078,34.57994803042774],[138.7498274179375,34.649703584626955],[138.75103286227343,34.92264898867969],[138.6837416025078,34.99233969302539],[138.58896926364062,34.97309073062305],[138.45016005953906,34.902991853669924],[138.29520705660937,34.76302679629688],[138.14905837496875,34.52788122744922],[137.7591810556328,34.55247076602344],[137.24822524508593,34.48160894961719],[137.04178908785937,34.728736482576174],[136.73385146578906,34.874087892488284],[136.61693862399218,34.759601198152346],[136.50706008395312,34.51817663760547],[136.52367690524218,34.49281271548633],[136.71134475192187,34.40433844180469],[136.8985853525078,34.258731447175784],[136.7668714853203,34.16959723086719],[136.39376357516406,34.111705385164065],[136.19922927340625,34.00339087100391],[135.9909925790703,33.72367437930469],[135.75567153414843,33.34231527896289],[135.44600966891406,33.506724916414065],[135.19150832614062,33.601417146638674],[135.06292251071093,33.69002493472461],[135.0569563241875,33.76618918033008],[134.96924880465625,34.13417013736133],[135.01397231539843,34.20409353824024],[135.23673537692187,34.350535951570315],[135.31702712496875,34.47131308169727],[135.286814722625,34.59819372744922],[135.2057142587578,34.617084108308596],[134.93567946871875,34.54035147281055],[134.78246596774218,34.552737794832034],[134.4273176523125,34.628177247957034],[134.21349624117968,34.57061728091602],[134.02172378024218,34.46866949649219],[133.82529738864062,34.38574179263477],[133.70426467379687,34.42993124575977],[133.5891371103203,34.44237478824024],[132.8477278085625,34.263133607820315],[132.48118117770312,34.12908514590625],[132.38665297946093,34.268539033845705],[132.18348220309375,34.28717001529102],[131.99730971774218,34.09000738711719],[131.99495986422656,33.80434378238086],[131.65487197360156,33.911563478425784],[131.39416030367968,33.93642386050586],[130.89904311617968,33.90366705508594],[130.7793226571953,33.966903291658205],[130.81162551364062,34.11931189151172],[130.89232924899218,34.24644049258594],[131.1097669931328,34.24053534121875],[131.33410170992968,34.29177435489063],[131.67228225192187,34.50195273013477],[132.66285232028125,35.380626283601565],[132.78869155367968,35.38724859805469],[132.98076919039843,35.444869600251955],[133.00620559176562,35.25414999575977],[133.22861770114062,35.31183584781055],[133.80405715426562,35.42748221011524],[134.22356704196093,35.453773103669924],[134.75583938082812,35.531173311189455],[135.15697768649218,35.646468721345705],[135.18804458102343,35.443011842683596],[135.35766128024218,35.32253988833789],[135.43247512301562,35.36083944888477],[135.72710708102343,35.45048101992969],[135.92803481539843,35.603519044832034],[135.92652419528125,35.76252707095508],[135.97788527926562,35.97254904361133],[136.18726638278125,36.202003084138674],[136.50152114352343,36.463512025789065],[136.66849807223437,36.66749533267383],[136.64042190035937,37.17027624698047],[136.72185805758593,37.265933595613284],[136.81084731539843,37.31068380923633]]],[[[132.567576441375,32.63746603579883],[132.46705153903125,32.75788076968555],[132.42185500582812,32.929183565095705],[132.34257033785937,33.10677298159961],[132.1211195321953,33.34754904361133],[132.44994643649218,33.51961477847461],[132.5793714853203,33.64049490542774],[132.78431228121875,33.90752371402149],[132.96868422946093,33.793643556550784],[133.24547866305468,33.80055960269336],[133.4629164071953,33.883521638826174],[133.60300734957812,34.03615912051563],[133.80564406832812,34.17622336001758],[134.01023391207812,34.18933065982227],[134.15267470797656,34.11345633120899],[134.54041579684375,34.012698732332034],[134.6097669931328,33.898578248933596],[134.56475356539843,33.841346345857424],[134.51912978610156,33.65081747622852],[134.38769057711718,33.54264410586719],[133.99859145602343,33.14826925845508],[133.91749099215625,33.24331625552539],[133.72689345797656,33.37623556704883],[133.51652053317187,33.39485128970508],[133.24097732028125,33.299056611970705],[133.15415481051562,33.21636541934375],[133.04386428317187,32.99394568057422],[132.96967605075,32.765262208894534],[132.90069106539843,32.66990240664844],[132.6987562509453,32.54885824771289],[132.567576441375,32.63746603579883]]],[[[130.57931045016406,30.906545244172854],[130.55413344821093,30.9699779376543],[130.67454055270312,31.211490236238284],[130.73246291598437,31.478250108674807],[130.58191970309375,31.528737626985354],[130.4744367929375,31.439628206208987],[130.40439895114062,31.229978166536135],[130.2329359384453,31.026460252717776],[130.08626845797656,31.121388994172854],[130.06011489352343,31.216558061555666],[130.2051496835625,31.426370225862307],[130.21932509860156,31.559724412874026],[130.05887893160937,31.972062669709963],[130.13494399508593,32.02300222964649],[130.44396499117968,32.2839313373125],[130.48116591891406,32.34749945254688],[130.4965315195,32.557017885164065],[130.2573957773125,32.91203650088672],[130.10752395114062,32.93077810855274],[130.03458693942187,32.810000978425784],[129.84591201266406,32.587421022371096],[129.73372939547656,32.637984834626955],[129.63033584078906,32.86631353946094],[129.46087172946093,32.9865795001543],[129.34337905367968,33.15138968081836],[129.52804091891406,33.297774873689455],[129.85825637301562,33.26036795230274],[130.17615798434375,33.33719976992969],[130.31766799410937,33.54698904605274],[130.42656997164843,33.674171052888674],[130.64440444430468,33.70000036807422],[130.85947707614062,33.675059877351565],[130.97111037692187,33.50388678164844],[131.09250930270312,33.427962861970705],[131.2860365243828,33.390262208894534],[131.5687513681328,33.48606451602344],[131.6698255868828,33.30853231997852],[131.41355422457812,33.111217103914065],[131.59562209567187,33.003665529207034],[131.79528335055468,32.80728491397266],[131.83098891696093,32.69308813662891],[131.56299880465625,32.432246767],[131.45362380465625,32.247928224519534],[131.40685561617968,32.082774721101565],[131.36873916110156,31.803355775789065],[131.31928542575,31.51120527835254],[131.21062758883593,31.35226973147754],[131.04879287203906,31.275754533723635],[130.95968154391406,31.193025194124026],[130.74401381930468,30.887834154084963],[130.57931045016406,30.906545244172854]]],[[[140.01261428311824,41.38180883994109],[139.97774795016406,41.50346716494922],[140.1244917244747,41.7921520101613],[140.09969619228306,41.94597204778646],[139.85248855075,42.03524740786914],[139.7772016854122,42.112052522856615],[139.7117414804375,42.47759588809375],[139.97396377047656,42.65139731021289],[140.20896438082812,42.728900514558596],[140.49982741783407,42.896407686430834],[140.5168257088353,43.057002626480426],[140.3735609385205,43.1851917133706],[140.498240503875,43.320357881501955],[140.59891799410937,43.32699164004688],[140.89655593345907,43.134826265532396],[141.06417373141406,43.09662588687305],[141.3036451668575,43.187030397612475],[141.30192092379687,43.7204662189043],[141.50669387301562,43.804454408601565],[141.70942214439657,43.91419180508318],[141.74268630455282,44.24878653164568],[141.74572280357592,44.6285663472757],[141.56659987877157,44.96956595059099],[141.5227766366875,45.18263205142383],[141.59742263278125,45.27972372622852],[141.87533095797656,45.43542440982227],[141.90395644615438,45.40314444180193],[142.1321821541622,45.20967825527849],[142.5390425057247,44.842650972563646],[143.02050307701376,44.463683687407396],[143.50817397545126,44.155761324126146],[143.790232691375,44.02764471621875],[144.0281019540703,43.95092733950977],[144.61382583102343,43.84276159854297],[144.7504377695,43.88161429019336],[145.13999465426562,44.17828329654102],[145.34760573815257,44.24303778259461],[145.34859755953906,44.19799002261524],[145.20989516696093,44.03688772769336],[145.0593824716552,43.78576620670854],[145.14857009361532,43.59949835415544],[145.3595533699825,43.32998999233904],[145.44813064049032,43.16955908413591],[144.99468520602343,42.937442384675784],[144.75416091403125,42.86632879825],[144.59018996676562,42.85958441348438],[144.37011245211718,42.949046693757815],[144.16639235934375,42.94222601504688],[144.00284865817187,42.8776927814043],[143.8479261728203,42.77464636416797],[143.50858596285937,42.42098196597461],[143.33037856539843,42.19610556216602],[143.21375564059375,41.92653997989063],[143.03350356539843,41.958228670076174],[142.8423109384453,42.066852174714846],[141.9281263681328,42.50126226992969],[141.72100356539843,42.53934820742969],[141.39690688571093,42.51944311709766],[140.92962172946093,42.25545843692188],[140.86069777926562,42.39004477115039],[140.69352248629687,42.55014380069141],[140.54087356051562,42.53700216861133],[140.4214582773125,42.48542746158008],[140.22344497164843,42.363109193757815],[140.2455244393871,42.22844275109872],[140.76766494235156,42.0050121173418],[141.01946547946093,41.870860658601565],[141.15503982017782,41.74934347744646],[140.9792738290703,41.65285452456836],[140.84342483004687,41.63976248355274],[140.70597365817187,41.69716986270313],[140.58887771090625,41.677711091951174],[140.4428968759453,41.53642996402149],[140.26859572848437,41.32467230410938],[140.1124525400078,41.27311285586719],[140.01261428311824,41.38180883994109]]]]},"properties":{"name":"Japan","role":"land"}},{"type":"Feature","geometry":{"type":"MultiPolygon","coordinates":[[[[120.62239364108203,21.92519911380176],[120.57657912692187,21.950509630159182],[120.52810195407031,22.096486650422854],[120.11343673190234,22.6418529376543],[119.96409133395312,23.086133562043948],[119.95028212985156,23.28300818057422],[120.02075484713671,23.61978491397266],[120.26632216891406,23.97598608584766],[120.6741596638849,24.551345763515954],[120.642761,24.47916],[120.558868,24.385273],[120.471909,24.193045],[120.4272,24.149998],[120.278702,23.889069],[120.1933140000001,23.781109],[120.11554,23.631386],[120.148331,23.327221],[120.109711,23.286942000000124],[120.055542,23.153049],[120.09999100000016,23.093887],[120.049149,23.060829],[120.163879,22.953606],[120.199707,22.786942],[120.328598,22.519444],[120.416901,22.482502],[120.573036,22.366108],[120.674988,22.181938],[120.69555011626643,21.970797727102234],[120.62239364108203,21.92519911380176]]],[[[120.72771726931316,24.626902540359385],[120.85697463473437,24.80925329776172],[120.90708832887697,24.84496432147109],[120.871597,24.73999],[120.72771726931316,24.626902540359385]]]]},"properties":{"name":"Taiwan","role":"land"}},{"type":"Feature","geometry":{"type":"Polygon","coordinates":[[[119.79921130338464,16],[119.68141463717578,16.187451921418948],[119.76202681979296,16.359140001252932],[120.20210555514453,16.04246672244434],[120.29312423190234,16.233226381257815],[120.30344680270312,16.417462907747073],[120.2581281991875,16.614287935212893],[120.24656203707812,16.874698244050784],[120.31154159030078,17.07176359744434],[120.32303145846484,17.370326600984377],[120.39307692965625,18.043792329744143],[120.56437209567187,18.431623063997073],[120.64886764010546,18.488971315339846],[120.80041793307421,18.55281790347461],[121.03637221774218,18.527911745027346],[121.58078292330859,18.294051729158205],[121.83984664401171,18.275552354768557],[121.92465499362109,18.37100752444629],[122.04959395846484,18.447494111970705],[122.13901046237109,18.384166322664065],[122.14715102633593,18.206330858186526],[122.02781203707812,18.009172044709963],[122.00743392428515,17.793162904695315],[122.07029250582812,17.437577806428713],[122.31363967379687,17.26024778933887],[122.3955793710625,17.114329896882815],[122.20331099948046,16.54222258181934],[122.06395247897265,16.33230360598926],[121.68860152682421,16.058362565950198],[121.58475486626169,16],[119.79921130338464,16]]]},"properties":{"name":"Philippines","role":"land"}},{"type":"Feature","geometry":{"type":"MultiPolygon","coordinates":[[[[143.07418349693563,51.2676273214406],[142.94391921470907,51.61730536099138],[142.94488051842,51.961112581450365],[143.03341201256063,52.312186800200365],[143.1432905525997,52.51123770352068],[143.13886550377157,52.856246553618334],[143.05691054780317,53.06198462102867],[143.138865503875,52.856246553376955],[143.14329055270312,52.5112377032793],[143.03341201266406,52.31218679995899],[142.94488051852343,51.96111258120899],[142.9439192148125,51.61730536075],[143.0741834969646,51.2676273213991],[143.07418349693563,51.2676273214406]]],[[[142.61463454674032,47.45959814663591],[142.48990920494344,47.901603304106615],[142.52662185142782,48.16206320400896],[142.64614394615438,48.657523714262865],[142.85399917076376,49.12769659634294],[143.0325727791622,49.219466768462084],[143.15282729576376,49.25887259121599],[143.59835341881063,49.23361929531755],[143.97294143150594,49.05807837124529],[144.5398817390347,48.753322206742034],[143.97294143160937,49.05807837100391],[143.59835341891406,49.233619295076174],[143.15282729586718,49.25887259097461],[143.03257277926562,49.219466768220705],[142.85399917086718,49.127696596101565],[142.6461439462578,48.65752371402149],[142.52662185153125,48.16206320376758],[142.48990920504687,47.90160330386524],[142.61463454679333,47.45959814657325],[142.61463454674032,47.45959814663591]]],[[[141.89834121177938,45.91478308315935],[142.18766311119344,46.3229137289113],[142.32734206627157,46.56305655117693],[142.51378920982626,46.6996227132863],[142.61477187584188,46.71281012173357],[143.00429824302938,46.577350221831225],[143.30341628502157,46.01119955654802],[143.44480422445668,46.57174261677932],[143.303416285125,46.01119955630664],[143.0042982431328,46.577350221589846],[142.6147718759453,46.71281012149219],[142.51378920992968,46.699622713044924],[142.327342066375,46.56305655093555],[142.18766311129687,46.322913728669924],[141.8983412118828,45.91478308291797],[141.70838454681166,46.13979300128774],[141.89834121177938,45.91478308315935]]],[[[141.90938857506063,47.07343252773943],[141.90938857505822,47.0734325277351],[141.7318067880567,47.47119101138998],[141.90938857506063,47.07343252773943]]],[[[142.0165815682247,51.4305911886281],[142.11239150475043,51.2195926534532],[142.01658156832812,51.43059118838672],[141.64321425874076,51.81308706866658],[142.0165815682247,51.4305911886281]]],[[[141.8409986824825,52.960021578032396],[141.8409986824745,52.96002157794246],[141.68964675391186,53.16572149849605],[141.8409986824825,52.960021578032396]]]]},"properties":{"name":null,"role":"land"}},{"type":"Feature","geometry":{"type":"Polygon","coordinates":[[[109.42965224703906,18.096622072175784],[108.93858626803515,18.33060225100879],[108.6519270273125,18.482448183015627],[108.5604734750664,19.06029661746387],[108.57689956149218,19.18737181277637],[108.68497756442187,19.295583330110354],[108.87368300875781,19.40395887942676],[109.19816115817187,19.684140764192385],[109.420115503875,19.659205995515627],[109.44225600680468,19.7354751452959],[109.55032638033984,19.913556657747073],[109.65765670260546,19.901086412385744],[109.91588118991015,19.800006471589846],[110.0606184335625,19.940053544954104],[110.25832656344531,19.940475069001955],[110.61735061129687,20.017461381868166],[110.88536361178515,19.706782899812502],[110.81180861910937,19.630410753206057],[110.61250594576953,19.471187196687502],[110.42703536471484,19.22941931338672],[110.29871657809375,18.898843370393557],[110.36146834811328,18.765576921418948],[110.26251510104296,18.625627122834963],[110.13131240328906,18.587236009553713],[109.66907027682421,18.41473539920215],[109.42965224703906,18.096622072175784]]]},"properties":{"name":null,"role":"land"}},{"type":"Feature","geometry":{"type":"Polygon","coordinates":[[[56.71228137176327,71],[57.2506590219414,70.81779821963673],[57.23775390109179,70.69104345889454],[56.05858519991992,70.73096808047657],[55.678801569548824,70.7071948871172],[55.26625350436328,70.56052740664845],[54.998293909636715,70.52167090030079],[54.694060358611324,70.74377020450001],[54.52245238741992,70.75885351748829],[54.03161147555468,70.71947821231251],[53.72863677462695,70.76506384463673],[53.714697870818355,70.92670019717579],[53.98699738155315,71],[56.71228137176327,71]]]},"properties":{"name":null,"role":"land"}},{"type":"Feature","geometry":{"type":"Polygon","coordinates":[[[42,43.62167636697499],[43.61690948985557,43.77276186641766],[45.38218596896289,42.62306936831836],[45.29708388766406,42.676253877595705],[45.20135024508593,42.676253877595705],[45.03115371188281,42.771991334871096],[44.9779653879082,42.771991334871096],[44.871592554656246,42.66561850161914],[44.78649428805468,42.729442201570315],[44.6694822641289,42.76135214419727],[44.509924921599605,42.76135214419727],[44.414187464324215,42.729442201570315],[44.2971792550957,42.612430177644534],[44.169531855193355,42.612430177644534],[44.052519831267574,42.55924566836719],[43.95678618868945,42.59115561099414],[42.87842467745898,41.54550512881641],[42.69377807101367,41.5637164935625],[42.35151961764453,41.40158041568164],[42.25010970553515,41.368968568757815],[42,41.40176712440704],[42,43.62167636697499]]]},"properties":{"name":"Georgia","role":"land"}},{"type":"Feature","geometry":{"type":"Polygon","coordinates":[[[42.88137836103096,16],[42.81439879855273,16.40412863345508],[42.76366332491992,16.645455919221682],[45.2403691342878,17.693671699168874],[46.27689140929314,17.117825990832582],[46.52944712834137,16],[42.88137836103096,16]]]},"properties":{"name":"Yemen","role":"land"}},{"type":"Feature","geometry":{"type":"Polygon","coordinates":[[[47.33923469251445,16],[47.837586523826076,16.42168231880214],[50.511135257788226,17.14671248394442],[53.95502854221405,19.729632447263786],[56.94577797342595,20.635920153691636],[58.18030483547615,21.849213133895084],[59.837283167449215,22.279178224519534],[59.5356932016289,21.80205114932422],[59.2588491769707,21.477447114900393],[58.86135390719531,21.11447676272754],[58.51204970797656,20.421229921296877],[58.403086695281246,20.357472978547854],[58.15044692477343,20.39505537600879],[58.0443716379082,20.43295057864551],[57.93127349337695,20.400937639192385],[57.80608275851367,20.171960435823244],[57.77755263766406,19.66999014468555],[57.77842620333789,19.3142104968584],[57.83862975558398,19.034806810334963],[57.65703490695117,18.970885835603518],[57.18620971163867,18.938108049348635],[56.90431121310351,18.81680067630176],[56.73888686617968,18.689376436189455],[56.60859969576953,18.466741167024416],[56.54936126193164,18.218829713777346],[56.45755294283984,18.091561876252932],[56.25759032687304,17.97677382083301],[56.01284316500781,17.93178518863086],[55.88154509982226,17.931510530427737],[55.70811751803515,17.95018347354297],[55.561072382537105,17.937171541169924],[55.38948729952929,17.80974157901172],[55.290408167449215,17.676099382356448],[55.2344351144707,17.447261415437502],[55.23563674410937,17.288434587434573],[55.19483855685351,17.148564897493166],[54.910613092986324,16.97005995364551],[54.756079706755855,16.95067175479297],[54.40687468966601,17.04522093387012],[54.084258112517574,17.01911886783008],[53.681250605193355,16.897540651277346],[53.33573440035937,16.763379655793948],[52.894324335662105,16.60995253177051],[52.65216735324023,16.488719545320315],[52.356596979705074,16.233945451692385],[52.23764327487109,16.10025557132129],[52.20488490343507,16],[47.33923469251445,16]]]},"properties":{"name":"Hadramaut","role":"land"}},{"type":"Feature","geometry":{"type":"Polygon","coordinates":[[[59.837283167449215,22.279178224519534],[58.18030483547615,21.849213133895084],[57.62096561207203,22.704566093210317],[56.41177587601193,23.452128782531823],[53.99322390099948,23.106621357530045],[50.56882690905954,23.854467511249652],[50.968333277312496,24.436244569734377],[50.96494582614062,24.712745271638674],[50.8961782785332,24.909551225618166],[50.84732345065234,25.265224061921877],[50.93111327609179,25.538573823884768],[51.01538756808398,25.588124834016604],[50.988955530730465,25.67209395022754],[51.06882766207812,25.945460878328127],[51.21702102145312,26.066470704988284],[51.35766509493945,26.028960786775393],[51.388796839324215,25.88726194949512],[51.50592711886523,25.845275484041018],[51.586672815886715,25.60911902041797],[51.53905394991992,25.420184694246096],[51.55285552462695,25.101531587556643],[51.606150660124996,24.987287126497073],[51.55891707858203,24.815652452424807],[51.28782561740039,24.410777650789065],[51.29141524752734,24.281367860750002],[51.45416930636523,24.218226991609377],[51.52285293063281,24.160663209871096],[51.60644057711718,24.202647767976565],[51.58590224703906,24.00322111697559],[51.76457122286914,24.002864442781252],[51.94559768160937,23.945495210603518],[52.25463775118945,23.98748167605762],[52.30104735812304,24.081946931794924],[52.38302901705859,24.10818251223926],[52.48116210421679,24.055703721956057],[52.67164901217578,24.07467993350391],[52.93944076022265,24.0244155749834],[53.040225061980465,24.039960466340823],[53.07570556124804,24.087190233186526],[53.68676284274218,23.98748167605762],[54.0165281625664,24.05045660586719],[54.006297144499996,24.181653581575198],[54.107520136443355,24.10293348880176],[54.27599242648242,24.109820924714846],[54.34709838351367,24.15445288272266],[54.48741439303515,24.344342790559573],[54.59216216525195,24.377328477815432],[54.71205810031054,24.59993704409961],[54.77081969699023,24.73348196597461],[55.09080031832812,25.020036302522463],[55.45719817599414,25.420184694246096],[55.530486139861324,25.372954927400393],[56.01545623263476,25.771625123933596],[56.29730895480273,26.15973051638965],[56.36705306491015,26.23611982913379],[56.40502837618945,25.861381135896487],[56.214846644011715,25.5433421954668],[56.16130736788867,25.473344407991213],[56.36601928195117,25.454724870637698],[56.406260523406246,25.30868872256641],[56.40537551364062,24.81950720401172],[56.61079696139453,24.47688253970508],[56.79418853243945,24.26761396975879],[57.14619735201953,23.98247107119922],[57.45101455172656,23.80522307010059],[57.90421584567187,23.57111319156055],[58.080718073455074,23.501605592683596],[58.20529464205859,23.495515428499026],[58.46465590914843,23.508771501497073],[58.62849334200976,23.458295427278323],[59.021636042205074,23.020764909700198],[59.2543211313164,22.7290054187334],[59.46142104586718,22.53886564822559],[59.82569030245898,22.37445219607715],[59.837283167449215,22.279178224519534]]]},"properties":{"name":"Muscat","role":"land"}},{"type":"Feature","geometry":{"type":"Polygon","coordinates":[[[42,32.42017194468765],[44.08318025148226,30.33699169320539],[44.839021615724675,29.993427436731572],[45.86971438514614,29.85600173414204],[46.90507516233225,29.437615717313662],[47.8449087472832,29.50315435977344],[47.61403945407031,29.272241197541994],[47.803557428923824,29.184920869783205],[47.99150756320117,29.277490220979494],[48.12906173190234,29.268191896394534],[48.462683710662105,28.38585051150684],[48.58751204928515,28.093883119539065],[48.751738581267574,27.871879182771487],[48.83184340914843,27.57345350833301],[48.85502150973437,27.52269133181934],[49.13191131075976,27.53597220034961],[49.243506464568355,27.479030214265627],[49.151927027312496,27.37245710940723],[49.23915770968554,27.28848799319629],[49.321604761687496,27.161550126985354],[49.427317652312496,27.131045900300784],[49.532542261687496,27.009526811555666],[49.93138411959765,26.934125505403323],[50.1217642160332,26.737586580232424],[50.09017470797656,26.61149176211719],[49.983958277312496,26.59574469180469],[49.934172663298824,26.48306807132129],[50.07624724825976,26.311841569856448],[49.99197677096484,26.04484137149219],[49.93686202487109,25.95578344912891],[50.01140502413867,25.835229478791994],[50.14689162692187,25.535644136384768],[50.214324030486324,25.588124834016604],[50.38191894015429,25.461173616365237],[50.429209742156246,25.18402250857715],[50.61889556368945,24.870853029207034],[50.606543573943355,24.68021734805469],[50.77828124484179,24.470929704622073],[50.90739348849414,24.433082185701174],[50.968333277312496,24.436244569734377],[50.56882690905954,23.854467511249652],[53.99322390099948,23.106621357530045],[56.41177587601193,23.452128782531823],[57.62096561207203,22.704566093210317],[58.18030483547615,21.849213133895084],[56.94577797342595,20.635920153691636],[53.95502854221405,19.729632447263786],[50.511135257788226,17.14671248394442],[47.837586523826076,16.42168231880214],[47.33923469251445,16],[46.52944712834137,16],[46.27689140929314,17.117825990832582],[45.2403691342878,17.693671699168874],[42.76366332491992,16.645455919221682],[42.53529265841601,17.07066687198047],[42.206519159880855,17.514735780671877],[42,17.744380194484386],[42,32.42017194468765]]]},"properties":{"name":"Arabs","role":"land"}},{"type":"Feature","geometry":{"type":"Polygon","coordinates":[[[42,41.40176712440704],[42.25010970553515,41.368968568757815],[42.35151961764453,41.40158041568164],[42.69377807101367,41.5637164935625],[42.87842467745898,41.54550512881641],[43.95678618868945,42.59115561099414],[44.052519831267574,42.55924566836719],[44.169531855193355,42.612430177644534],[44.2971792550957,42.612430177644534],[44.414187464324215,42.729442201570315],[44.509924921599605,42.76135214419727],[44.6694822641289,42.76135214419727],[44.78649428805468,42.729442201570315],[44.871592554656246,42.66561850161914],[44.9779653879082,42.771991334871096],[45.03115371188281,42.771991334871096],[45.20135024508593,42.676253877595705],[45.29708388766406,42.676253877595705],[45.38218596896289,42.62306936831836],[45.47791961154101,42.54860647769336],[45.8076773019707,42.5379711017168],[45.86086181124804,42.47414740176563],[45.75448897799609,42.25076254458789],[45.91405013522265,42.12311514468555],[46.041697535124996,42.04865225406055],[46.28635695895312,41.98482855410938],[46.392729792205074,41.995467744783205],[46.49910262545703,41.96355398745899],[46.55577758273242,41.878455720857424],[46.658659967986324,41.88909491153125],[46.66929915866015,41.81463202090625],[46.850134882537105,41.83590658755664],[46.91395858248828,41.75080832095508],[47.22243789157031,41.56997641177539],[47.35008529147265,41.442325197175784],[47.35008529147265,41.30404242129688],[47.61601928195117,41.261493287996096],[47.81812957247851,41.197669588044924],[47.98832610568164,41.218944154695315],[48.20107177218554,41.463599763826174],[48.22371258025433,41.4711466998491],[47.24856164173707,42.78491050892555],[47.19483867485455,43.37586314463319],[47.49336150607226,43.58319052310352],[47.56529525241015,43.601173006013674],[47.61025527438281,43.7540355548418],[47.66420653781054,43.85294684024219],[47.73614028414843,43.86193808169727],[47.67319777926562,43.66411551089649],[47.57428649386523,43.502261720613284],[47.60126403292773,43.322425447419924],[47.6552114816582,43.27746542544727],[47.58327773532031,43.18754919619922],[47.56529525241015,43.007709108308596],[47.79009154757617,42.85484655948047],[47.8440428110039,42.62105902285938],[47.96992782076953,42.59408529849414],[48.13178161105273,42.40525396914844],[48.22170165499804,42.279368959382815],[48.419524225798824,42.09053763003711],[48.50044921359179,41.92868383975391],[48.662303003874996,41.901710115388674],[48.683238062468746,41.83590658755664],[48.89249709567187,41.68698462100391],[48.998869928923824,41.516788087800784],[49.115881952849605,41.43168982119922],[49.24352935275195,41.29340323062305],[49.28607848605273,41.05938299746875],[49.3499021860039,40.9530101642168],[49.477549585906246,40.836001954988284],[49.60519698580859,40.761539064363284],[49.60519698580859,40.687076173738284],[49.80730346163867,40.58070334048633],[50.02005294283984,40.60197790713672],[50.190249476042965,40.57006796450977],[50.42426970919726,40.410506807283205],[50.46681884249804,40.26158484073047],[50.30725768527148,40.32540854068164],[50.12642577609179,40.346683107332034],[49.91368010958789,40.32540854068164],[49.849856409636715,40.2722240314043],[49.66902068575976,40.24031027408008],[49.57328322848437,40.17648657412891],[49.55200866183398,40.091388307527346],[49.54137328585742,39.87864264102344],[49.44563582858203,39.655257783845705],[49.403086695281246,39.48506125064258],[49.49882415255664,39.37868841739063],[49.48818496188281,39.293590150789065],[49.381812128630855,39.32550009341602],[49.339262995330074,39.28295096011524],[49.2754392953789,39.01702078433399],[49.22225478610156,39.03829535098438],[49.17970565280078,39.14466818423633],[49.115881952849605,39.18721731753711],[49.041419062224605,39.14466818423633],[49.020144495574215,39.00638159366016],[49.05205825289843,38.931922517732424],[48.945681604949215,38.836185060457034],[48.988230738249996,38.71917685122852],[48.824954065886715,38.3095775470293],[48.80918792208789,37.98856695742969],[48.744780573455074,37.72701605410938],[48.837229761687496,37.51097448916797],[49.05953124484179,37.397559724763674],[49.475806269255855,37.291610322908205],[49.84801391085742,37.26821478457813],[50.03871444186328,37.22470434756641],[50.11132338961718,37.097755037263674],[50.25221160372851,36.894786439851565],[50.56095412692187,36.68642767520313],[51.4170408578789,36.455691896394534],[51.79552367648242,36.432349763826174],[51.993052515593746,36.45890387149219],[52.60216430148242,36.576881013826174],[53.139014277068355,36.64352758975391],[53.79965499362109,36.67903860659961],[53.98448852023242,36.78191336245899],[57.190319273682604,30.763065895569415],[59.18044204169284,28.478110124891],[59.983740747051954,26.51188909497121],[60.479590448943355,25.29820593448047],[60.29817870577929,25.32323607058887],[59.65458587130664,25.321876131013674],[59.302092585173824,25.34019621463184],[59.03145888766406,25.307866655305666],[58.74442580660937,25.535960756257815],[58.36867812594531,25.54787977786426],[57.900454554167965,25.540891252473635],[57.805090937224605,25.64833029361133],[57.464880976287105,25.70479353518848],[57.32798293551562,25.787087999299807],[57.254771265593746,25.793286882356448],[57.24507049044726,26.018462739900393],[57.112402948943355,26.076190553621096],[57.06634047946093,26.30746801944141],[56.93497756442187,26.464543901399416],[56.929087671843746,26.75186689944629],[56.79043105563281,26.97391279788379],[56.68355086764453,26.96835669131641],[56.66781905612109,27.049895845369143],[56.43094924410937,27.106566987947268],[56.06776717623828,27.11216887088184],[55.89973357638476,27.10480459781055],[55.80531981906054,27.005092225984377],[55.65757277926562,26.996945939973635],[55.42489913424609,26.96310766787891],[55.34008696993945,26.79935225100879],[55.09812835177539,26.73744162173633],[54.92553237399218,26.53802641482715],[54.75987533053515,26.41062506289844],[54.6460562082207,26.39131888003711],[54.064944300261715,26.70138319583301],[53.63393691500781,26.74793966861133],[53.380679163542965,26.909589372590823],[52.89083388766406,27.052323900178713],[52.77987197360156,27.187848649934573],[52.63377669772265,27.314601503328127],[52.41038802584765,27.580957017854494],[51.961550745574215,27.776948533967776],[51.611304316130855,27.82704123111133],[51.350134882537105,28.0361343249834],[51.08225921115039,28.512019716218752],[50.796755823699215,29.01329382510547],[50.702456507292965,29.133781038240237],[50.704722437468746,29.40060766787891],[50.359839472380855,29.74293478579883],[50.1323728891289,30.06642874331836],[49.71784881075976,30.002053819612307],[49.51097396334765,30.020675264314455],[49.45236495455859,30.07772596927051],[49.321360621062496,30.102862916902346],[49.235083613005855,30.223380647615237],[49.2222280832207,30.47745855899219],[49.020171198455074,30.43257101626758],[48.94572356661914,30.387942872957034],[48.8013296457207,30.08272513003711],[48.713843378630855,29.99996145816211],[48.51058486422656,29.993188463166994],[48.21184829196093,29.94809301944141],[48.02827743014453,29.973121248201174],[47.95715239962695,29.94756468387012],[47.91136077365039,29.89029272647266],[47.9960317941582,29.490258775666994],[47.8449087472832,29.50315435977344],[46.90507516233225,29.437615717313662],[45.86971438514614,29.85600173414204],[44.839021615724675,29.993427436731572],[44.08318025148226,30.33699169320539],[42,32.42017194468765],[42,41.40176712440704]]]},"properties":{"name":"Emirate of the White Sheep Turks","role":"land"}},{"type":"Feature","geometry":{"type":"Polygon","coordinates":[[[60.479590448943355,25.29820593448047],[59.983740747051954,26.51188909497121],[60.92832852440793,26.583275288280163],[65.51935159905877,26.93023686088304],[66.99351661239967,27.741027618220542],[68.56587483433958,29.102557864434658],[69.56846972061388,29.95594150131562],[70.2422535470123,31.13506319751285],[70.34162650159193,31.38417418540322],[71.48971990308948,31.205315399571695],[72.81646841509631,31.057898898237596],[71.78455290575766,29.95227513823191],[70.13443593871565,28.104429657872576],[69.35218063374515,26.19315435421258],[69.01259806383516,24.63304927276811],[69.10719588717578,22.898904405549807],[68.79081252535937,23.028724275544924],[68.37294295748828,23.326415620759768],[68.07217696627734,23.675187669709963],[68.04699996432421,23.764070115999026],[67.69232467135546,23.81415518374805],[67.48602584323046,23.92806013675098],[67.31589034518359,24.092885576204104],[67.20423415621875,24.588166795686526],[67.15359786471484,24.65159185977344],[66.99953750094531,24.714782319978518],[66.70171645602343,24.75227888675098],[66.65421584567187,24.783935152009768],[66.64811233004687,24.90462454409961],[66.70050338229296,25.114379487947268],[66.62050918063281,25.31748541446094],[66.43233016451953,25.488610826448244],[66.30008986910937,25.494687639192385],[65.76880172213671,25.309339128450198],[65.21567061862109,25.270059190706057],[64.85119155367968,25.20576437564258],[64.4249754281914,25.17311628909473],[64.23826125582812,25.210826478914065],[64.12006667575,25.312226854280276],[64.05922225436328,25.40103491397266],[63.650332483855465,25.336646638826174],[63.40352538546679,25.164601884797854],[63.01806167086718,25.157439790681643],[62.44957259616015,25.1625991687334],[62.13830092867968,25.104774080232424],[61.81326583346484,25.05325659366016],[61.34399321993945,25.026860795930666],[60.85827544650195,25.095714174226565],[60.75223067721484,25.18442877383594],[60.479590448943355,25.29820593448047]]]},"properties":{"name":"Islamic states","role":"land"}},{"type":"Feature","geometry":{"type":"Polygon","coordinates":[[[72.81646841509631,31.057898898237596],[71.48971990308948,31.205315399571695],[70.34162650159193,31.38417418540322],[72.02654188250249,35.60796864563479],[74.65917468177244,34.96443618359102],[75.91329360043905,34.9299191491323],[77.9775895576193,34.873103664072296],[77.31267170578609,34.00622892491943],[77.23896345511905,33.12172991691488],[77.53379645778723,32.089814407576235],[80.05398091956965,29.981535549206498],[83.73995815754355,28.204841484859358],[86.23137003649862,27.003945111550085],[85.78912053249636,25.67719659954326],[85.27316277782703,24.203031586202346],[84.97832977515884,24.203031586202346],[83.13562350848271,24.792697591538712],[82.54595750314634,24.792697591538712],[82.69337400448043,24.27673983686939],[83.65158126315202,23.908198583534165],[83.72528951381906,23.687073831533027],[82.54595750314634,23.24482432753075],[80.92437598847133,23.687073831533027],[78.95090950321186,23.95926544636969],[78.27712567681345,24.296157359568895],[77.77178780701463,25.64372501236574],[76.42817269778155,27.519902866219404],[75.63745326748409,27.774973650186325],[74.88029943377359,27.962152370221677],[74.7328829324395,28.99406787956032],[74.5854664311054,30.689357644902373],[73.55355092176676,30.98419064757055],[72.81646841509631,31.057898898237596]]]},"properties":{"name":"Sultanate of Delhi","role":"land"}},{"type":"Feature","geometry":{"type":"Polygon","coordinates":[[[82.54595750314634,23.24482432753075],[83.72528951381906,23.687073831533027],[83.65158126315202,23.908198583534165],[82.69337400448043,24.27673983686939],[82.54595750314634,24.792697591538712],[83.13562350848271,24.792697591538712],[84.97832977515884,24.203031586202346],[85.27316277782703,24.203031586202346],[85.78912053249636,25.67719659954326],[86.23137003649862,27.003945111550085],[88.66374230851113,26.41427910621372],[91.0224063298566,26.41427910621372],[91.54683397020176,26.2851075494896],[92.0340178859286,25.42622824700979],[91.71659611295476,24.093340760463043],[91.41017440280078,22.720834337190432],[91.08137801608203,22.561330400422854],[90,22.560958467439455],[90,21.930253587678713],[89.90268996676562,22.107825838044924],[89.86968520602343,22.13322790713672],[89.796336207,21.832069002107424],[89.67017653903125,21.719838701204104],[89.57895186862109,21.70058210940723],[89.4566145273125,21.94171293826465],[89.23388198336718,21.65538176150684],[89.07225326022265,21.77433928103809],[88.99476912936328,21.62947615237598],[89.02553847750781,21.546960435823244],[88.88093856295703,21.51488646121387],[88.7234602304375,21.53995283694629],[88.65697768649218,21.857440553621096],[88.56759932955859,21.89536627383594],[88.45388320407031,21.73631437869434],[88.37705520114062,21.577336870149416],[88.29957107028125,21.551770769075198],[88.24792769869921,21.596122346833987],[88.12160781344531,21.86265143008594],[88.05304244479296,21.93874128909473],[87.86748794039843,21.696960054353518],[87.64071944674609,21.563081346467776],[87.19423964938281,21.384255968049807],[86.93719771823046,21.288428865388674],[86.81869796237109,21.186534486726565],[86.7961912485039,21.13566931338672],[86.84421065768359,20.875316225007815],[86.92611220797656,20.69125898929004],[86.77521041354296,20.46860083194141],[86.63785079440234,20.31910666079883],[86.63238051852343,20.20364721866016],[86.11916640719531,19.806542955354494],[85.90894607028125,19.723508439973635],[85.71477797946093,19.697682939485354],[85.37910750826953,19.60537489505176],[84.68433184355314,20.212481060383883],[84.30392613659156,20.751919203880185],[82.54595750314634,23.24482432753075]]]},"properties":{"name":"Bengal","role":"land"}},{"type":"Feature","geometry":{"type":"Polygon","coordinates":[[[86.23137003649862,27.003945111550085],[83.73995815754355,28.204841484859358],[80.05398091956965,29.981535549206498],[77.53379645778723,32.089814407576235],[77.23896345511905,33.12172991691488],[77.31267170578609,34.00622892491943],[77.9775895576193,34.873103664072296],[79.48438568488393,34.83163221102832],[82.69337400448043,34.74331143158989],[86.82103604183499,35.11185268492512],[89.91678256985091,35.18556093559216],[90,35.627810439594434],[89.91678256985091,35.996351692929665],[90,36.51230944759898],[91.68578058586002,36.36489294626489],[95.51860962054639,37.10197545293535],[101.68757091385396,36.307380725406425],[102.40610101778157,33.720672351267005],[100.6816287683553,28.690961623773696],[98.63722518405078,27.478742204622073],[98.57173446139453,27.54182966800098],[98.34509566744921,27.527837358430666],[98.21602157076953,27.546138368562502],[98.11807540377734,27.68520125003223],[98.00866225680468,28.090755067781252],[97.82999709567187,28.28646048159961],[97.60302260836718,28.41209562869434],[97.47846511325,28.392329774812502],[97.34068587741015,28.23923262210254],[97.34041884860156,28.18211515994434],[95.4781149584116,27.908897522880622],[94.83714523207304,27.56704700216672],[94.32436945100218,26.88334596073892],[92.40146027198651,26.58422675511426],[91.54683397020176,26.2851075494896],[91.0224063298566,26.41427910621372],[88.66374230851113,26.41427910621372],[86.23137003649862,27.003945111550085]]]},"properties":{"name":"Tibet","role":"land"}},{"type":"Feature","geometry":{"type":"Polygon","coordinates":[[[125.296092066375,39.36432608218555],[129.6412611337578,41.65584906192188],[129.59070876559375,41.46990545840625],[129.63106826266406,41.277789674714846],[129.56141189059375,41.07268866153125],[129.47782424410937,40.682025514558596],[129.17704299410937,40.63022192569141],[129.014842066375,40.52752264590625],[128.79102614840625,40.35433920474414],[128.44658950289843,40.065867982820315],[128.2362318368828,39.96959265323047],[127.93131545504687,39.95622595401172],[127.67152694186328,39.86643560977344],[127.55238631686328,39.76415976138477],[127.44079879244921,39.62365683169727],[127.27688888033984,39.2216869220293],[127.40455916842578,39.07533987613086],[127.95601943453906,38.69407232852344],[128.26961771441506,38.42048735938179],[128.45106032809375,38.25542410464649],[128.98092177828906,37.530406557039065],[129.12926772555468,37.3078571185625],[129.24999526461718,37.00887640567188],[129.2508039804375,36.671527467683596],[129.23533156832812,36.2451244220293],[129.17754653414843,35.958697877839846],[129.24174025973437,35.90793951602344],[129.46677688082812,35.9274860248125],[129.41224196871875,35.742896638826174],[129.28525832614062,35.50729712100391],[129.06002334078906,35.169784151033205],[128.97818684997517,35.08915449392663],[128.9177503915703,35.02960928531055],[128.80851272067187,35.01031073184375],[128.55295852145312,35.10516317935352],[128.4380140634453,35.060420595125],[128.37973462348842,35.00482007174317],[128.32027994091945,34.94809832783519],[128.16448501071093,34.79946478457813],[127.97069838961718,34.8371654376543],[127.91561994654498,34.88001695692602],[127.86763354490853,34.917350804794765],[127.84049514254687,34.93846472354297],[127.66134178252157,34.90553943758313],[127.63839835280051,34.901322832411125],[127.57686679550423,34.886313824887345],[127.35909560641406,34.80417975039844],[127.2262558159065,34.71084916295268],[126.9921366431519,34.546361701462295],[126.83415371187921,34.43536604477128],[126.67125902437378,34.414196646187754],[126.61678603610156,34.40909155459766],[126.50121526637658,34.33095713549882],[126.40957931002734,34.26900442691211],[126.3809323997136,34.54690151701245],[126.35425670708109,34.694227683002055],[126.28663924655078,34.9860797748125],[126.2254133554375,35.16399344058399],[126.30030349215625,35.367652498201174],[126.52496521549281,35.5788688936746],[126.52485732824043,35.668818811486446],[126.52477553805468,35.737010560945315],[126.614151,35.90496600220924],[126.6216650248748,35.943552890779024],[126.6068601938164,35.99163397403125],[126.43670180758593,36.13125952334766],[126.39383223971484,36.26479300113086],[126.39824398799846,36.401395913536874],[126.37064024021359,36.59160496744358],[126.3341046430074,36.63945817923419],[126.29298233688893,36.65750336476507],[126.23545005699879,36.68274953314972],[126.13793104231274,36.6974688797998],[125.9602766366875,36.722125612214846],[126.186174842905,36.86416048451861],[126.3118464812468,36.9287653938262],[126.35740194459343,36.94589943600068],[126.47708887526082,36.92329625128242],[126.50699608683318,36.911072191989064],[126.6853514047539,36.838172517732424],[126.79735306486327,36.944461180891366],[126.79267884232613,37.013136525006495],[126.76666837642266,37.09683521379677],[126.73009938641582,37.13948075341403],[126.65946741158606,37.221849412769494],[126.44296554049609,37.47432669253711],[126.39749561397814,37.59887519479731],[126.37168006408618,37.62979709087647],[126.20971969088671,37.75405081363086],[126.05250075778125,37.60090597720508],[125.9090071054375,37.51145514102344],[125.74116805514453,37.78495367617969],[125.56173995455859,37.835548006013674],[125.26937392672656,37.484683595613284],[125.18160537203906,37.656444154695315],[125.07696059664843,37.77087362857227],[124.76971724948046,37.935855470613284],[124.69365981539843,38.13954123111133],[124.73619368991015,38.2797809466875],[124.92935470065234,38.46493872256641],[125.26861098727343,38.56758078189258],[125.29374221285937,38.68870123477344],[125.02792647799609,38.81562002749805],[125.21087935885546,39.211165986970705],[125.296092066375,39.36432608218555]]]},"properties":{"name":"Korea","role":"other","label":"Чосон","labelAt":[127.39,37.66]}},{"type":"Feature","geometry":{"type":"Polygon","coordinates":[[[69.10719588717578,22.898904405549807],[69.01259806383516,24.63304927276811],[69.35218063374515,26.19315435421258],[70.13443593871565,28.104429657872576],[71.78455290575766,29.95227513823191],[72.81646841509631,31.057898898237596],[73.55355092176676,30.98419064757055],[74.5854664311054,30.689357644902373],[74.7328829324395,28.99406787956032],[74.88029943377359,27.962152370221677],[75.63745326748409,27.774973650186325],[76.42817269778155,27.519902866219404],[77.77178780701463,25.64372501236574],[78.27712567681345,24.296157359568895],[76.9282456403432,23.896923027227757],[73.71308028726574,22.945315502172253],[73.47984267109972,22.876283074195523],[73.03759316709744,24.203031586202346],[70.38064864596484,22.860560975984377],[70.31022170504687,22.828643403962893],[70.0459471078789,22.777261339143557],[69.66488936862109,22.789163194612307],[69.10719588717578,22.898904405549807]]]},"properties":{"name":"Rajastan","role":"land"}},{"type":"Feature","geometry":{"type":"Polygon","coordinates":[[[84.30392613659156,20.751919203880185],[84.68433184355314,20.212481060383883],[85.37910750826953,19.60537489505176],[85.1132078500664,19.442306123689455],[84.90661910494921,19.18141134829883],[84.65877059420703,18.933131776765627],[84.26272872408984,18.455840669587893],[83.98768142184375,18.20749434085254],[83.68471816500781,18.08344992251758],[83.3813963266289,17.71067961306934],[83.0769758554375,17.500392518953127],[82.54642013033984,17.226087175325198],[82.35399917086718,17.085914216951174],[82.3230553009172,17.004105065534894],[79.9555400983786,17.603736467699896],[81.86185280164281,18.730193974174206],[84.30392613659156,20.751919203880185]]]},"properties":{"name":"Orissa","role":"land"}},{"type":"Feature","geometry":{"type":"Polygon","coordinates":[[[70.38064864596484,22.860560975984377],[73.03759316709744,24.203031586202346],[73.47984267109972,22.876283074195523],[73.71308028726574,22.945315502172253],[74.27144928500712,21.905666264880928],[73.48528545488139,19.906576034685543],[72.78919259567658,19.883197979639608],[72.75949386080859,20.057649217561526],[72.86443618258593,20.311982713655276],[73.10968306979296,20.687320314363284],[73.1128645273125,20.827090822175784],[72.93113234957812,20.95375784488086],[72.76573470553515,21.150355897859377],[72.71466353854296,21.436120592073244],[72.6659422250664,21.848943315461916],[72.69562056979296,22.128535829500002],[72.31904891451953,22.11503180117969],[72.2329817148125,22.01955183596973],[72.12713912448046,21.8287425860918],[72.13103774508593,21.746179185823244],[72.25569442233203,21.632083497957034],[72.28899672946093,21.549569688752932],[72.25619796237109,21.352563463166994],[72.12086013278125,21.155339799836916],[71.89442733248828,20.989677034333987],[71.52892592867968,20.823730073884768],[71.30259231051562,20.772426210359377],[71.02444747408984,20.657476030305666],[70.8550520273125,20.650762163118166],[70.467478785125,20.77700003238086],[70.20994857272265,20.94797857852344],[69.75222304782031,21.398070894197268],[69.12606337985156,21.9685073718584],[68.89417556246875,22.285655580476565],[69.0142317148125,22.30496748538379],[69.49224379977343,22.248809419587893],[69.76916793307421,22.287507615999026],[69.96852401217578,22.351457200959963],[70.17620376071093,22.478955827668948],[70.41056350192187,22.752622209504885],[70.38064864596484,22.860560975984377]]]},"properties":{"name":"Islamic states","role":"land"}},{"type":"Feature","geometry":{"type":"MultiPolygon","coordinates":[[[[77.92243661540213,16.245599858221798],[79.43194022866344,16.017480187525738],[79.50547255737247,16],[76.18241504523989,16],[76.90957970995069,16.31164199916177],[77.48542541828698,16.31164199916177],[77.92243661540213,16.245599858221798]]],[[[73.58847414213665,16],[73.4942371633562,16.287958595761864],[74.37585859327099,16.31164199916177],[74.99914259159453,16],[73.58847414213665,16]]]]},"properties":{"name":"Vijayanagara","role":"land"}},{"type":"Feature","geometry":{"type":"Polygon","coordinates":[[[91.41017440280078,22.720834337190432],[91.71659611295476,24.093340760463043],[92.88073824764543,21.902014389280605],[92.82709792575,20.424287401155276],[92.662791285125,20.404885850862307],[92.40335372408984,20.613961778596682],[92.17629531344531,20.886634431794924],[91.94604781588671,21.362578950837893],[91.84590438326953,21.908670030549807],[91.57107070407031,22.543313585237307],[91.41017440280078,22.720834337190432]]]},"properties":{"name":"Arakan","role":"land"}},{"type":"Feature","geometry":{"type":"Polygon","coordinates":[[[105.57353084205278,17.880943206122055],[104.93303328914885,17.450882697816272],[104.11128589995545,17.998714290611886],[101.64604373237519,17.998714290611886],[101.65736732451045,19.661170456750355],[101.85148057967355,20.53243540729158],[102.97995917125925,20.966465634824544],[103.35801745986149,20.053082763595423],[103.89931014498828,19.313087068513674],[104.52772048434375,18.935790620759768],[104.81215957125781,18.721570573762698],[105.09863570651171,18.431155763582034],[105.41265395602343,18.083745561555666],[105.57353084205278,17.880943206122055]]]},"properties":{"name":"Laos","role":"land"}},{"type":"Feature","geometry":{"type":"Polygon","coordinates":[[[107.1658574186997,16],[107.10751632174609,16.169568620637698],[106.94634536227343,16.30833014102344],[106.63819411715625,16.484338365510744],[106.42635634860156,16.718055330232424],[106.16977218112109,17.129317842439455],[105.57353084205278,17.880943206122055],[105.41265395602343,18.083745561555666],[105.09863570651171,18.431155763582034],[104.81215957125781,18.721570573762698],[104.52772048434375,18.935790620759768],[103.89931014498828,19.313087068513674],[103.35801745986149,20.053082763595423],[102.97995917125925,20.966465634824544],[105.41238593284501,21.902014389280605],[106.23413332203843,21.69657754198225],[107.46579268893359,20.976270280793948],[107.3743391366875,20.88079222293262],[106.80704024752734,20.905006013826174],[106.74624923190234,20.815949998811526],[106.77157119235156,20.638139329866213],[106.38092330416796,20.11008795352344],[106.28142837008593,20.046357713655276],[106.0416746469414,19.937850557283205],[105.96486953219531,19.880523286775393],[105.84338668307421,19.702409349397463],[105.70696547946093,19.282880388215823],[105.53258040866015,18.84421118350391],[105.65331557711718,18.742835603669924],[105.86413100680468,18.489196382478518],[106.36444381198046,18.007497392610354],[106.39383986910937,17.66453894229297],[106.43306258639453,17.55027922244434],[106.62225631198046,17.32835539431934],[107.11497024020312,16.95461042971973],[107.69201949557421,16.37142714114551],[107.80916884860156,16.28274305911426],[108.09534743746875,16.2515884265459],[108.23614791354296,16.080380998567385],[108.2584653477395,16],[107.1658574186997,16]]]},"properties":{"name":"Đại Việt","role":"land"}},{"type":"Feature","geometry":{"type":"MultiPolygon","coordinates":[[[[98.63722518405078,27.478742204622073],[100.6816287683553,28.690961623773696],[102.40610101778157,33.720672351267005],[101.68757091385396,36.307380725406425],[95.51860962054639,37.10197545293535],[95.15006836721116,37.69164145827171],[95.59231787121342,38.94468171961149],[99.27761667761577,38.981719898570304],[102.92628881258447,39.01838997027853],[119.60429468774207,42.029571993653185],[131.86515334567187,43.290381990388674],[131.58420852145312,43.21272238345508],[131.35679152926562,42.99385031314258],[131.06461623629687,42.74924048037891],[130.46761611422656,42.298785768464846],[129.82471755465625,41.861365877107424],[129.6412611337578,41.65584906192188],[125.296092066375,39.36432608218555],[125.20653823336718,39.48528250308399],[124.92233565768359,39.61860617251758],[124.68842605075,39.60537680240039],[124.54809096774218,39.541339479402346],[124.44284347018359,39.5730052814043],[124.20898726901171,39.738326631501955],[124.1040754648125,39.884784303621096],[123.91652968844531,39.80788382144336],[123.36642745455859,39.74938925357227],[123.03905776461718,39.67220266909961],[122.02749160250781,39.25575979800586],[121.74316695651171,39.08944662661914],[121.48840621432421,38.878604494050784],[121.2164793344414,38.75695761294727],[121.06533339938281,38.750281892732424],[121.12369826754687,38.865123353914065],[121.51177504977343,39.171859346345705],[121.66015151461718,39.33151587100391],[121.44896224459765,39.38210257144336],[121.28217605075,39.349891267732424],[121.21334365328906,39.4836383685625],[121.23940566500781,39.55383261294727],[121.66813186129687,39.905406557039065],[121.7889891000664,40.07807882876758],[122.03651717623828,40.26403769107227],[122.10791305026171,40.35372122378711],[122.08235457858203,40.488013826326174],[121.75361922701953,40.73695334048633],[121.42673018893359,40.86432608218555],[121.36801436862109,40.8706127032793],[121.01060775241015,40.85068091006641],[120.78842452487109,40.683814607576174],[120.27274611910937,40.151771150544924],[120.11272719821093,40.08110388369922],[119.82381728610156,40.04216345401172],[119.54778579196093,39.93304403872852],[119.38549331149218,39.84343298526172],[119.21067336520312,39.63902624698047],[119.14941695651171,39.45397909732227],[119.09059432467578,39.33910330386524],[118.97764113864062,39.22413595767383],[118.78126815280078,39.166358552888674],[118.55933669528125,39.172286592439455],[118.41243270358203,39.050880037263674],[118.27459243258593,38.999610506013674],[118.06992629489062,39.254188142732424],[117.91011336764453,39.26024206729297],[117.75288680514453,39.20253714175586],[117.57505324801562,38.91533621402149],[117.4395017953789,38.60277136416797],[117.47903731783984,38.44991644473438],[117.58946517428515,38.28448065371875],[117.84067061862109,38.16392096133594],[118.20027450045703,38.04361303897266],[118.74464705905078,38.06383474917774],[118.87524703463671,37.94942816348438],[118.8672590585625,37.707374177888674],[118.81164840182421,37.44613226504688],[118.83700087985156,37.20421560855274],[118.95460036715625,37.07711752505664],[119.28440383395312,37.04596670718555],[119.59885695895312,37.11661871524219],[119.94069961032031,37.3529125079668],[120.16939071139453,37.57625540347461],[120.41806319674609,37.67865713687305],[120.65811446627734,37.73646505923633],[120.7874021860039,37.70487555117969],[121.18977645358203,37.42548330874805],[121.43434432467578,37.336837373689455],[121.8948469491875,37.37596472354297],[122.05756667575,37.363563142732424],[122.26948836764453,37.30032309146289],[122.39285567721484,37.300574861482424],[122.28126815280078,36.982005678132815],[122.25558761080859,36.73369177432422],[121.84669784030078,36.86017569156055],[121.60988143405078,36.83422812075977],[120.85548690280078,36.584449373201174],[120.53731063326953,36.386519990876955],[120.50483230075,36.05556830020313],[120.26971724948046,35.98509558291797],[120.20366958102343,36.035865388826174],[120.19649032076953,36.15673788638477],[120.13933852633593,36.194800935701174],[119.91377547701953,36.143443666414065],[119.97557357272265,35.933597169832034],[119.90734389742968,35.76805838199024],[119.68883040866015,35.54497107119922],[119.06016066989062,35.0412670001543],[119.0032453866875,34.939471803621096],[119.02086165866015,34.691932283357424],[119.29992202242968,34.59093054385547],[119.62047866305468,34.36938437075977],[119.97359755953906,34.13522299380664],[120.14943221530078,33.894332490876955],[120.3402815195,33.33605536075],[120.64058974703906,33.04462393374805],[120.71938613375781,32.84798391909961],[120.66086104830859,32.54311712832813],[120.73830703219531,32.46073492617969],[121.05076125582812,32.328048311189455],[121.23053267916796,32.06176718325977],[121.48366836032031,31.948009096101565],[121.60595992526171,31.827626787141604],[121.64503768405078,31.688027940706057],[121.62330916842578,31.618154130891604],[121.26826766451953,31.45233877749805],[121.49887374362109,31.28138693423633],[121.64023116549609,30.92612036319141],[121.63186934908984,30.792768083528323],[121.56893447360156,30.710101686433596],[121.32843306979296,30.690547548250002],[121.0354719491875,30.594703279451174],[120.60866836032031,30.346181474641604],[120.22693160494921,30.25015028567676],[119.94366744479296,30.1162181720293],[120.26755050143359,30.021649919465823],[120.43786147555468,29.99661024661426],[120.86273482760546,30.187980256990237],[121.08252242526171,30.213830553010744],[121.15524581393359,30.18857916446094],[121.39126876315234,29.92239721866016],[121.5652342172539,29.846555314973635],[121.77031997164843,29.834281526521487],[121.77436355075,29.76445349307422],[121.67039016207812,29.624536119416994],[121.49843886813281,29.522582612947268],[121.36191085299609,29.414350114778323],[121.41146377047656,29.344604097322268],[121.55819991549609,29.357616029695315],[121.64916518649218,29.319707475618166],[121.56675246676562,29.173480592683596],[121.43251326998828,28.836659990266604],[121.34583571871875,28.54437979312305],[121.35852340182421,28.385663591340823],[121.25970748385546,28.182250581697268],[121.16591170748828,28.124896608308596],[121.00856307467578,28.276980958894534],[120.94237807711718,28.213330827668948],[120.68650344332812,27.86989554019336],[120.50590041598437,27.590104661897463],[120.40887740573046,27.310491167024416],[120.35180953463671,27.177013002351565],[120.08409408053515,26.985940538362307],[119.97135451754687,26.788837037996096],[119.85703566989062,26.706031404451174],[119.60071090182421,26.692800126985354],[119.428904566375,26.590831361726565],[119.55488875826953,26.2672134265459],[119.43603042086718,26.038339220002932],[119.47034743746875,25.77168234439258],[119.42860701998828,25.65092619510059],[119.33538344821093,25.530067048982424],[119.09585860690234,25.440650545076174],[119.02366927584765,25.313485704377932],[118.81294539889453,24.84941443057422],[118.53120711764453,24.69003637881641],[118.3456297250664,24.467338167146487],[118.12423995455859,24.530391298250002],[117.92490676364062,24.56172712893848],[117.796092066375,24.42171438784961],[117.84909347018359,24.047095857576174],[117.7532453866875,23.98338469119434],[117.40589431246875,23.690473161653323],[117.24540236910937,23.632972322419924],[116.96271041354296,23.556155763582034],[116.70913222750781,23.34602316470508],[116.45205977877734,23.250201784089846],[116.40389541110156,23.19928701968555],[116.4002180429375,22.983321748689455],[116.34061721285937,22.9133315906084],[116.08469680270312,22.88737829776172],[115.86004928073046,22.83609541507129],[115.70670608004687,22.638873659089846],[115.30879500826953,22.771407686189455],[115.18552688082812,22.745751939729494],[115.04353621920703,22.599364839509768],[114.84781173190234,22.510015092805666],[114.55874923190234,22.464948259309573],[114.53746322116015,22.674502931550784],[114.30387404879687,22.64860113711719],[113.98913863619921,22.55266722293262],[113.845164332,22.463439546541018],[113.71678451022265,22.482215486482424],[113.53598311862109,22.704146944001955],[113.4625730844414,22.77385290713672],[113.37662032565234,22.646646104768557],[113.41929152926562,22.570508562043948],[113.39908889254687,22.47519262881641],[113.37770369967578,22.16390760989551],[113.28367904147265,22.030330263093752],[113.09672072848437,21.979121767],[112.87131026705859,22.061215959504885],[112.81556228121875,21.934060655549807],[112.81533339938281,21.826074205354494],[112.74952224215625,21.756068788484377],[112.47251418551562,21.73007734866504],[112.30786422213671,21.678912721589846],[112.03952315768359,21.65928991885547],[111.83120254000781,21.754121385530276],[111.73399642428515,21.709455095247073],[111.53608230075,21.493072114900393],[111.43422225436328,21.461099229768557],[111.08559707125781,21.479402147249026],[110.74959853610156,21.37706335635547],[110.56641677340625,21.23057707400684],[110.36344436129687,21.24285276980762],[110.23882583102343,21.280696474031252],[110.20257094821093,21.096425615266604],[110.07242873629687,20.91828878970508],[110.0772199960625,20.867482744172854],[110.29317000826953,20.582110963777346],[110.41411879977343,20.52519568057422],[110.43365767916796,20.436297975496096],[110.2712889047539,20.315265260652346],[109.92825606783984,20.244672380403323],[109.7115965219414,20.56816252322559],[109.60293105563281,20.879180513337893],[109.60814956149218,21.057046495393557],[109.78676131686328,21.406783662751955],[109.77981856783984,21.482984147981448],[109.51607802828906,21.596772752717776],[109.41431716403125,21.56479414554004],[109.32187941989062,21.43120153994922],[109.11740401705859,21.39900930972461],[108.8130369516289,21.493642412141604],[108.55499556979296,21.823396287874026],[108.46664718112109,21.785104356721682],[108.45892623385546,21.708860002473635],[108.38727096041796,21.530852876619143],[108.2659406991875,21.47342451663379],[108.11670211276171,21.498511873201174],[107.90002730807421,21.4790054187334],[107.78977492770312,21.402537904695315],[107.41781142672656,21.185786806062502],[107.46579268893359,20.976270280793948],[106.23413332203843,21.69657754198225],[105.41238593284501,21.902014389280605],[102.97995917125925,20.966465634824544],[101.85148057967355,20.53243540729158],[101.65736732451045,19.661170456750355],[100.435252222625,20.03575285525684],[100.43059829196093,20.226214967683596],[100.37747481783984,20.302108369783205],[100.244822535125,20.383876405671877],[100.00115493258593,20.458650194124026],[99.9653807016289,20.420341096833987],[99.84117787233083,20.481864939489157],[99.59167525939165,22.997677574871826],[98.56449102289989,24.709651302358104],[98.63722518405078,27.478742204622073]]],[[[114.04645232096415,22.340010093386088],[114.0220597381288,22.22848381751031],[113.95462142087821,22.233796608668168],[113.901531681766,22.290896387977877],[114.04645232096415,22.340010093386088]]],[[[114.08447605303098,22.52833971316831],[114.16626294842006,22.560807313317255],[114.30903130089744,22.553519333285553],[114.41305849240106,22.436859356255123],[114.32911931029123,22.272308319943782],[114.25881127741292,22.221842545443078],[114.13397864760857,22.171690795428585],[114.09882463116942,22.21652930133975],[114.15334922809546,22.298696001772115],[114.08662833975177,22.36057961538022],[113.92538619292115,22.36721429724379],[113.90135232453927,22.406518299261425],[114.08447605303098,22.52833971316831]]]]},"properties":{"name":"Ming Chinese Empire","role":"other","label":"Мин улс","labelAt":[110.53,31.63]}},{"type":"Feature","geometry":{"type":"Polygon","coordinates":[[[91.71659611295476,24.093340760463043],[92.0340178859286,25.42622824700979],[91.54683397020176,26.2851075494896],[92.40146027198651,26.58422675511426],[94.32436945100218,26.88334596073892],[94.83714523207304,27.56704700216672],[95.4781149584116,27.908897522880622],[97.34041884860156,28.18211515994434],[97.34068587741015,28.23923262210254],[97.47846511325,28.392329774812502],[97.60302260836718,28.41209562869434],[97.82999709567187,28.28646048159961],[98.00866225680468,28.090755067781252],[98.11807540377734,27.68520125003223],[98.21602157076953,27.546138368562502],[98.34509566744921,27.527837358430666],[98.57173446139453,27.54182966800098],[98.63722518405078,27.478742204622073],[98.56449102289989,24.709651302358104],[99.59167525939165,22.997677574871826],[99.84117787233083,20.481864939489157],[98.66999851710162,18.397251431266096],[95.89381200802129,17.79327744331353],[94.46485427340625,17.26426275821094],[94.46533492526171,17.664472185090823],[94.4204588266289,18.140813432649416],[94.05371383151171,19.061149202302737],[93.96558669528125,19.19435652346973],[93.8390379281914,18.95269163699512],[93.69466689547656,19.009553514436526],[93.45794204196093,19.174213014558596],[93.67500594576953,19.250913225129885],[93.81499770602343,19.257560335115237],[93.74783614596484,19.473397813752932],[93.72381881198046,19.594037614778323],[93.41599563082812,19.942758165315432],[93.33432296237109,20.025172792390627],[93.2484846445,20.03769262881641],[93.06563094576953,19.99283369632129],[92.89442733248828,20.1131664142168],[92.93328383883593,20.31016882510547],[92.92148116549609,20.37367209048633],[92.82709792575,20.424287401155276],[92.88073824764543,21.902014389280605],[91.71659611295476,24.093340760463043]]]},"properties":{"name":"Burmese kingdoms","role":"land"}},{"type":"Feature","geometry":{"type":"Polygon","coordinates":[[[94.46485427340625,17.26426275821094],[95.89381200802129,17.79327744331353],[98.66999851710162,18.397251431266096],[97.57322219332812,16.4450698718584],[97.41847518405078,16.482848726228518],[97.35199264010546,16.527171693757815],[97.21499160250781,16.93980749698047],[96.9830808969414,17.244233690217776],[96.88161757907031,17.345660768464846],[96.77038100680468,17.332707963899416],[96.73407271823046,16.88796003909473],[96.66289809664843,16.69722708316211],[96.46924880465625,16.512576662019534],[95.7137937875664,16.15521391482715],[95.62424268043657,16],[94.77211701776775,16],[94.81964400729296,16.15965422244434],[94.81927779635546,16.21047171206836],[94.5397215219414,16.133636079744143],[94.4155989023125,16.076203905061526],[94.34884605579995,16],[94.1443586679375,16.0057388171709],[94.1433592172539,16.21537932010059],[94.39200118502734,16.90835913272266],[94.46485427340625,17.26426275821094]]]},"properties":{"name":"Pegu","role":"land"}},{"type":"Feature","geometry":{"type":"MultiPolygon","coordinates":[[[[140.1244917244747,41.7921520101613],[139.97774795016406,41.50346716494922],[140.01261428311824,41.38180883994109],[139.97774795006063,41.5034671651906],[140.1244917244747,41.7921520101613]]],[[[140.49982741783407,42.896407686430834],[140.20896438082812,42.728900514558596],[139.97396377047656,42.65139731021289],[139.7117414804375,42.47759588809375],[139.7772016854122,42.112052522856615],[139.71174148033407,42.47759588833513],[139.97396377037313,42.65139731045427],[140.2089643807247,42.728900514799975],[140.49982741783407,42.896407686430834]]],[[[140.89655593345907,43.134826265532396],[140.59891799410937,43.32699164004688],[140.498240503875,43.320357881501955],[140.3735609385205,43.1851917133706],[140.49824050377157,43.320357881743334],[140.59891799400594,43.326991640288256],[140.89655593345907,43.134826265532396]]],[[[141.3036451668575,43.187030397612475],[141.06417373141406,43.09662588687305],[140.89655593345907,43.134826265532396],[141.06417373131063,43.09662588711443],[141.3036451668575,43.187030397612475]]],[[[141.70942214439657,43.91419180508318],[141.50669387301562,43.804454408601565],[141.30192092379687,43.7204662189043],[141.3036451668575,43.187030397612475],[141.30192092369344,43.72046621914568],[141.5066938729122,43.80445440884294],[141.70942214439657,43.91419180508318]]],[[[141.90395644615438,45.40314444180193],[141.87533095797656,45.43542440982227],[141.59742263278125,45.27972372622852],[141.5227766366875,45.18263205142383],[141.56659987877157,44.96956595059099],[141.52277663658407,45.18263205166521],[141.59742263267782,45.279723726469896],[141.87533095787313,45.435424410063646],[141.90395644615438,45.40314444180193]]],[[[145.34760573815257,44.24303778259461],[145.13999465426562,44.17828329654102],[144.7504377695,43.88161429019336],[144.61382583102343,43.84276159854297],[144.0281019540703,43.95092733950977],[143.790232691375,44.02764471621875],[143.50817397545126,44.155761324126146],[143.79023269127157,44.02764471646013],[144.02810195396688,43.950927339751146],[144.61382583092,43.84276159878435],[144.75043776939657,43.88161429043474],[145.1399946541622,44.178283296782396],[145.34760573815257,44.24303778259461]]],[[[141.15503982017782,41.74934347744646],[141.01946547946093,41.870860658601565],[140.76766494235156,42.0050121173418],[140.2455244393871,42.22844275109872],[140.76766494224813,42.00501211758318],[141.0194654793575,41.87086065884294],[141.15503982017782,41.74934347744646]]],[[[143.05691054780317,53.06198462102867],[143.13886550377157,52.856246553618334],[143.1432905525997,52.51123770352068],[143.03341201256063,52.312186800200365],[142.94488051842,51.961112581450365],[142.94391921470907,51.61730536099138],[143.07418349693563,51.2676273214406],[143.0741834969646,51.2676273213991],[143.34070876549032,50.88577612515154],[143.63314345787313,50.234977327544115],[144.03820327232626,49.5088382589406],[144.5398817390347,48.753322206742034],[143.97294143150594,49.05807837124529],[143.59835341881063,49.23361929531755],[143.15282729576376,49.25887259121599],[143.0325727791622,49.219466768462084],[142.85399917076376,49.12769659634294],[142.64614394615438,48.657523714262865],[142.52662185142782,48.16206320400896],[142.48990920494344,47.901603304106615],[142.61463454674032,47.45959814663591],[142.61463454679333,47.45959814657325],[142.6969557137325,47.362262331206225],[142.99332717369344,46.9536624776906],[143.23647597740438,46.86326178188982],[143.44480422445668,46.57174261677932],[143.30341628502157,46.01119955654802],[143.00429824302938,46.577350221831225],[142.61477187584188,46.71281012173357],[142.51378920982626,46.6996227132863],[142.32734206627157,46.56305655117693],[142.18766311119344,46.3229137289113],[141.89834121177938,45.91478308315935],[141.70838454681166,46.13979300128774],[141.62282851646688,46.55804022427263],[141.90938857505822,47.0734325277351],[141.90938857506063,47.07343252773943],[141.7318067880567,47.47119101138998],[141.8106489510372,47.675616823393725],[142.03646377037313,47.959281526762865],[141.9775190682367,48.284747682702466],[141.88917067955282,48.453971468169115],[141.76781753022436,48.701469026588256],[141.73958877037313,48.8072887289113],[141.92135146568563,48.943133913237475],[142.04911330650594,49.35470923062029],[142.082819971545,49.70768316860857],[142.08507827232626,50.30426748867693],[142.15287307213094,50.89004477139177],[142.11239150475043,51.2195926534532],[142.0165815682247,51.4305911886281],[141.64321425874076,51.81308706866658],[141.59817031334188,52.216674410063646],[141.8114576668575,52.628043733794115],[141.8409986824745,52.96002157794246],[141.8409986824825,52.960021578032396],[141.68964675391186,53.16572149849605],[141.76703933189657,53.2722659933156],[142.21412185142782,53.29970511074724],[142.67486098717,53.54017218228044],[142.86388686607626,53.3408695089406],[143.05691054780317,53.06198462102867]]],[[[146.904968,43.839989],[146.861633,43.796661],[146.682739,43.707771],[146.596069,43.736656],[146.610504,43.806656],[146.84274300000016,43.874992],[146.904968,43.839989]]],[[[146.4688420000001,44.422218],[146.508331,44.358047],[146.329681,44.291664],[146.091919,44.236107],[145.940247,44.1280440000001],[145.808014,43.99249300000014],[145.779419,43.928604],[145.6574710000001,43.89971900000012],[145.575256,43.817497],[145.56192,43.661377],[145.437469,43.716934],[145.407471,43.829437],[145.74469,44.051659],[145.75943,44.111382000000106],[145.892487,44.25],[145.973846,44.287773],[146.078033,44.463608000000136],[146.20135500000015,44.49943500000012],[146.359955,44.42083],[146.4688420000001,44.422218]]],[[[148.49301100000014,45.270271],[148.28524800000014,45.220825000000104],[148.04803500000014,45.09638200000012],[147.96414200000015,45.01166500000011],[147.762482,44.938324],[147.712463,44.969437],[147.604401,44.955551],[147.622742,44.897217],[147.548035,44.812492],[147.291077,44.66693900000013],[147.22525,44.561935],[147.021088,44.5075],[146.948853,44.4086],[146.840515,44.41554300000013],[146.846924,44.47693600000014],[146.940796,44.554436],[147.09829700000012,44.619438],[147.163025,44.692215],[147.111908,44.793884],[147.227173,44.836105],[147.47995,44.974709],[147.504974,45.043884],[147.656372,45.075272],[147.7833250000001,45.197487],[147.894989,45.229988000000105],[147.857727,45.343048],[147.959961,45.419159],[148.051636,45.24943500000012],[148.312195,45.267212],[148.558868,45.45916],[148.700806,45.520828],[148.773041,45.521103],[148.858856,45.467491],[148.839966,45.34665700000011],[148.718842,45.30777],[148.591919,45.318886],[148.49301100000014,45.270271]]],[[[149.533875,45.582771],[149.481079,45.60833],[149.667755,45.85083],[149.856903,45.92305],[149.929138,46.00750000000011],[150.34274300000016,46.2116620000001],[150.498566,46.19249],[150.425537,46.118881],[150.221893,46.001938],[150.198853,45.932495],[150.026917,45.82666000000012],[149.981628,45.833603],[149.8107910000001,45.73443600000013],[149.69247400000017,45.638603],[149.533875,45.582771]]],[[[154.161377,48.912491],[154.2271730000001,48.882767],[154.063293,48.742767],[153.98800700000015,48.779991],[154.161377,48.912491]]],[[[154.583313,49.10054800000012],[154.500549,49.07444],[154.4402470000001,49.155266],[154.5830380000001,49.14582800000011],[154.583313,49.10054800000012]]],[[[154.743286,49.586105],[154.81442300000015,49.636383],[154.904419,49.62416100000013],[154.882172,49.547493000000145],[154.79025300000012,49.42999300000014],[154.834961,49.345825000000104],[154.71579,49.263885],[154.593903,49.291031],[154.600525,49.36721],[154.70303300000012,49.48082],[154.743286,49.586105]]],[[[152.087357,46.977882000000136],[152.01303100000018,46.888885],[151.831909,46.782768],[151.763306,46.774712000000136],[151.70440700000017,46.841103],[151.8688350000001,46.866386],[152.020462,46.98872],[152.216919,47.171661],[152.277191,47.12999],[152.087357,46.977882000000136]]],[[[155.47106900000017,50.108047],[155.357452,50.053047],[155.208588,50.080826],[155.247742,50.301384],[155.449127,50.36805],[155.638031,50.3780440000001],[155.765533,50.463882000000126],[155.896942,50.698601],[156.022217,50.767494],[156.116364,50.74749],[156.15304600000013,50.524994],[155.892761,50.263611],[155.795258,50.188881],[155.6185610000001,50.183052],[155.47106900000017,50.108047]]],[[[156.175262,50.753609],[156.341064,50.851105],[156.49411,50.842491],[156.4902340000001,50.756104],[156.4008480000001,50.625641],[156.19830300000012,50.670273],[156.175262,50.753609]]],[[[155.474396,50.920547],[155.63916,50.92083],[155.669708,50.856659],[155.620789,50.806099],[155.480804,50.828049],[155.474396,50.920547]]]]},"properties":{"name":"Ainus","role":"land"}},{"type":"Feature","geometry":{"type":"Polygon","coordinates":[[[42,50.49035846661169],[42.586951622507385,50.909707538133496],[43.67309502787673,50.86033738334398],[44.364277194929954,49.42860289444802],[42.524167467140586,47.0509879345626],[42.411475854041285,46.726817802961186],[42,45.54316111293034],[42,50.49035846661169]]]},"properties":{"name":"Crimean Khanate","role":"land"}},{"type":"Feature","geometry":{"type":"Polygon","coordinates":[[[129.715515,28.451107],[129.621613,28.397495],[129.511932,28.294998],[129.465515,28.211384],[129.368561,28.116108],[129.157745,28.234993],[129.25665300000014,28.320831],[129.574982,28.461662],[129.715515,28.451107]]]},"properties":{"name":null,"role":"land"}},{"type":"Feature","geometry":{"type":"Polygon","coordinates":[[[129.963013,29.957218000000125],[129.92358400000012,29.983883],[129.94165,30],[129.963013,29.957218000000125]]]},"properties":{"name":null,"role":"land"}},{"type":"Feature","geometry":{"type":"Polygon","coordinates":[[[129.89636200000018,29.87416500000012],[129.923309,29.824997],[129.877167,29.83083],[129.89636200000018,29.87416500000012]]]},"properties":{"name":null,"role":"land"}},{"type":"Feature","geometry":{"type":"Polygon","coordinates":[[[130.906097,30.354717000000107],[130.862457,30.403606],[130.869415,30.469715],[130.94720500000017,30.570274],[130.945251,30.683331000000123],[131.039703,30.831108],[131.084686,30.805832],[131.074402,30.689163],[130.9696960000001,30.390553],[130.906097,30.354717000000107]]]},"properties":{"name":null,"role":"land"}},{"type":"Feature","geometry":{"type":"Polygon","coordinates":[[[130.558594,30.236382000000106],[130.440247,30.252777],[130.387207,30.397217],[130.510803,30.458885000000123],[130.671906,30.373329000000126],[130.649414,30.28777700000012],[130.558594,30.236382000000106]]]},"properties":{"name":null,"role":"land"}},{"type":"Feature","geometry":{"type":"Polygon","coordinates":[[[120.90708832887697,24.84496432147109],[121.00166300000012,25.001663],[121.062759,25.049999],[121.19470200000012,25.109997000000135],[121.384987,25.157497],[121.4805530000001,25.271942],[121.610809,25.2575],[121.734711,25.138885],[121.881653,25.114719],[121.999153,25.01083],[121.913879,24.959995],[121.81694000000016,24.847775],[121.799713,24.756664],[121.843597,24.606384],[121.839706,24.476383000000112],[121.780548,24.426384],[121.74498000000017,24.286385],[121.659416,24.184719],[121.60498,24.080551],[121.596367,23.899998],[121.536926,23.70138500000013],[121.496368,23.485271000000125],[121.453049,23.327221],[121.355553,23.087498],[121.25916300000017,22.899998],[121.168053,22.762497],[121.079437,22.70916],[120.969711,22.568329],[120.878593,22.341385000000116],[120.88247700000011,22.039440000000127],[120.824158,21.927773000000116],[120.716377,21.928051],[120.69555011626643,21.970797727102234],[120.674988,22.181938],[120.573036,22.366108],[120.416901,22.482502],[120.328598,22.519444],[120.199707,22.786942],[120.163879,22.953606],[120.049149,23.060829],[120.09999100000016,23.093887],[120.055542,23.153049],[120.109711,23.286942000000124],[120.148331,23.327221],[120.11554,23.631386],[120.1933140000001,23.781109],[120.278702,23.889069],[120.4272,24.149998],[120.471909,24.193045],[120.558868,24.385273],[120.642761,24.47916],[120.6741596638849,24.551345763515954],[120.72771726931316,24.626902540359385],[120.871597,24.73999],[120.90708832887697,24.84496432147109]]]},"properties":{"name":null,"role":"land"}},{"type":"Feature","geometry":{"type":"Polygon","coordinates":[[[128.900818,32.643051],[128.741913,32.589157],[128.610229,32.61166400000013],[128.652405,32.696640000000116],[128.649414,32.777771],[128.813293,32.792496],[128.900818,32.643051]]]},"properties":{"name":null,"role":"land"}},{"type":"Feature","geometry":{"type":"MultiPolygon","coordinates":[[[[128.97818684997517,35.08915449392663],[129.06002334078906,35.169784151033205],[129.28525832614062,35.50729712100391],[129.41224196871875,35.742896638826174],[129.46677688082812,35.9274860248125],[129.24174025973437,35.90793951602344],[129.17754653414843,35.958697877839846],[129.23533156832812,36.2451244220293],[129.2508039804375,36.671527467683596],[129.24999526461718,37.00887640567188],[129.12926772555468,37.3078571185625],[128.98092177828906,37.530406557039065],[128.45106032809375,38.25542410464649],[128.26961771441506,38.42048735938179],[128.36355600000013,38.625244],[128.532471,38.330551],[128.641083,38.11721],[128.858002,37.859436],[129.049988,37.685822],[129.066376,37.62443500000012],[129.342468,37.257217],[129.362488,37.150024],[129.433594,37.058884],[129.413879,37.016106],[129.427765,36.878876],[129.474976,36.774437],[129.471619,36.69249],[129.416931,36.616661000000136],[129.450531,36.506386],[129.439148,36.40638000000013],[129.38192700000013,36.308563],[129.386902,36.036018],[129.463013,35.994713000000104],[129.5644840000001,36.076553000000104],[129.583862,35.988884],[129.486633,35.683327],[129.43942300000015,35.475822],[129.347473,35.344994],[129.281097,35.30082700000014],[129.237488,35.18990300000013],[129.136932,35.11221300000011],[128.97818684997517,35.08915449392663]]],[[[128.32027994091945,34.94809832783519],[128.37973462348842,35.00482007174317],[128.477173,35.05387900000011],[128.501373,35.008331],[128.451904,34.845543],[128.3355100000001,34.871376],[128.32027994091945,34.94809832783519]]],[[[127.86763354490853,34.917350804794765],[127.91561994654498,34.88001695692602],[127.916382,34.832771],[128.075531,34.79999500000014],[128.044434,34.69499200000013],[127.85720800000013,34.723877],[127.82222000000013,34.843048],[127.86763354490853,34.917350804794765]]],[[[127.2262558159065,34.71084916295268],[127.35909560641406,34.80417975039844],[127.57686679550423,34.886313824887345],[127.638603,34.81415600000014],[127.773613,34.84388000000013],[127.747757,34.727486],[127.640823,34.616936],[127.554153,34.656097],[127.567757,34.766663],[127.52249100000017,34.856941],[127.41832000000011,34.81860400000011],[127.363876,34.75138900000013],[127.387497,34.701935000000105],[127.48580900000013,34.641937],[127.50998700000014,34.578606],[127.389427,34.4711],[127.315262,34.443604],[127.24359100000015,34.511383],[127.13970900000015,34.515831],[127.13165300000014,34.565269],[127.242203,34.569443],[127.352768,34.692764],[127.328598,34.74305],[127.2262558159065,34.71084916295268]]],[[[126.83415371187921,34.43536604477128],[126.9921366431519,34.546361701462295],[126.896942,34.449158],[126.83415371187921,34.43536604477128]]],[[[126.50121526637658,34.33095713549882],[126.61678603610156,34.40909155459766],[126.67125902437378,34.414196646187754],[126.60027300000013,34.30027],[126.50121526637658,34.33095713549882]]],[[[126.35425670708109,34.694227683002055],[126.3809323997136,34.54690151701245],[126.288307,34.590271],[126.266937,34.683327],[126.35425670708109,34.694227683002055]]],[[[126.37064024021359,36.59160496744358],[126.39824398799846,36.401395913536874],[126.33582300000012,36.438599],[126.32527200000015,36.559715],[126.37064024021359,36.59160496744358]]],[[[126.47708887526082,36.92329625128242],[126.35740194459343,36.94589943600068],[126.44914200000017,36.99137900000011],[126.47708887526082,36.92329625128242]]],[[[126.79735306486327,36.944461180891366],[126.6853514047539,36.838172517732424],[126.50699608683318,36.911072191989064],[126.499153,37.049721],[126.61998000000017,36.9727630000001],[126.76138300000014,36.969986],[126.79735306486327,36.944461180891366]]],[[[126.65946741158606,37.221849412769494],[126.73009938641582,37.13948075341403],[126.661102,37.156097],[126.65946741158606,37.221849412769494]]],[[[126.622208,33.23999],[126.48248300000012,33.221375],[126.330833,33.225548],[126.261108,33.193878],[126.170532,33.262497],[126.183594,33.352776],[126.31749,33.452774],[126.633614,33.531662],[126.793053,33.550827],[126.898041,33.52332300000012],[126.941093,33.45388],[126.843048,33.308327],[126.622208,33.23999]]],[[[126.765549,34.280823],[126.64582800000017,34.324997],[126.73082,34.363884],[126.765549,34.280823]]],[[[126.186653,34.351387],[126.10192900000015,34.424995],[126.23887600000012,34.569992],[126.33499100000017,34.539993],[126.382751,34.471931],[126.346939,34.40470900000014],[126.186653,34.351387]]],[[[128.754425,34.87693800000011],[128.741913,34.781662],[128.68551600000012,34.724159],[128.594116,34.697769],[128.604126,34.80915800000014],[128.526093,34.80582400000014],[128.501923,34.887497],[128.71109000000013,34.976654],[128.754425,34.87693800000011]]],[[[130.887482,37.453323],[130.807465,37.518326000000116],[130.919434,37.545273],[130.887482,37.453323]]]]},"properties":{"name":null,"role":"land"}},{"type":"Feature","geometry":{"type":"Polygon","coordinates":[[[123.870819,24.252499],[123.718323,24.277222],[123.678864,24.316109],[123.767212,24.41444],[123.92192100000011,24.371109],[123.870819,24.252499]]]},"properties":{"name":null,"role":"land"}},{"type":"Feature","geometry":{"type":"Polygon","coordinates":[[[125.356369,24.776665],[125.307747,24.716106],[125.252213,24.737774],[125.261932,24.878883],[125.356369,24.776665]]]},"properties":{"name":null,"role":"land"}},{"type":"Feature","geometry":{"type":"Polygon","coordinates":[[[124.26165800000012,24.457497],[124.22971300000017,24.338329],[124.121918,24.344997],[124.077766,24.419994],[124.26165800000012,24.457497]]]},"properties":{"name":null,"role":"land"}},{"type":"Feature","geometry":{"type":"Polygon","coordinates":[[[128.252777,26.63888500000013],[127.94637300000011,26.451107],[127.83582300000012,26.41944100000012],[127.778587,26.23666],[127.813026,26.155552000000114],[127.714157,26.081665],[127.65277100000014,26.083054],[127.639977,26.208607000000143],[127.743874,26.306942],[127.7211,26.436108],[127.800537,26.442493],[127.958878,26.544441],[127.876373,26.620552],[127.954987,26.695827000000122],[128.023865,26.631107],[128.105072,26.695423],[128.247192,26.839996],[128.329132,26.811943],[128.33136,26.752499000000114],[128.252777,26.63888500000013]]]},"properties":{"name":null,"role":"land"}},{"type":"Feature","geometry":{"type":"Polygon","coordinates":[[[126.76193200000012,26.38694],[126.8099820000001,26.346943],[126.781097,26.29833200000013],[126.701927,26.348606],[126.76193200000012,26.38694]]]},"properties":{"name":null,"role":"land"}},{"type":"Feature","geometry":{"type":"Polygon","coordinates":[[[128.95108,27.67582700000014],[128.89721700000018,27.725826],[128.880249,27.824718],[128.89886500000011,27.89777400000014],[128.96109,27.898605],[129.029968,27.774441000000138],[128.95108,27.67582700000014]]]},"properties":{"name":null,"role":"land"}},{"type":"Feature","geometry":{"type":"Polygon","coordinates":[[[128.609131,27.358887],[128.52359000000013,27.413609],[128.69635000000017,27.4486050000001],[128.609131,27.358887]]]},"properties":{"name":null,"role":"land"}},{"type":"Feature","geometry":{"type":"Polygon","coordinates":[[[129.992188,28.281666],[129.943024,28.32222],[130.0324710000001,28.35305],[129.992188,28.281666]]]},"properties":{"name":null,"role":"land"}},{"type":"Feature","geometry":{"type":"Polygon","coordinates":[[[129.33609000000013,28.075275],[129.219116,28.097775],[129.223846,28.183605],[129.3402400000001,28.110828],[129.33609000000013,28.075275]]]},"properties":{"name":null,"role":"land"}},{"type":"Feature","geometry":{"type":"Polygon","coordinates":[[[129.733032,29.609718],[129.70968600000015,29.651661],[129.75332600000013,29.64777400000014],[129.733032,29.609718]]]},"properties":{"name":null,"role":"land"}},{"type":"Feature","geometry":{"type":"Polygon","coordinates":[[[69.08476546729746,66.68753393741852],[69.35537246177937,66.73943670864763],[69.79152205894734,66.7549320089406],[70.12074569175984,66.7188220846242],[70.83993056724812,66.55140265103044],[71.54405501789299,66.71412237758264],[70.83993056735156,66.55140265078907],[70.12074569186328,66.71882208438282],[69.79152205905078,66.75493200869923],[69.35537246188281,66.73943670840626],[69.08476546729746,66.68753393741852]]]},"properties":{"name":null,"role":"land"}},{"type":"Feature","geometry":{"type":"Polygon","coordinates":[[[80.5575753930454,47.44242460695461],[85.51557830875312,48.41095961683674],[87.77440458110598,49.282314738781025],[87.20627555014318,49.60604875570896],[92.49291575129622,52.249291575129625],[100,53],[109,55.8],[117,54.5],[121.5,53.3],[123,50.5],[124.8,47.5],[124,45],[122.5,43],[122.42145381748286,42.31926641818475],[119.60429468774207,42.029571993653185],[102.92628881258447,39.01838997027853],[99.27761667761577,38.981719898570304],[96.6359686718544,38.95517067238175],[96.5,42.3],[93.5,43.3],[89,43.7],[86,44.3],[82.8,45.2],[80.5575753930454,47.44242460695461]]]},"properties":{"name":"Chagatai Khanate","role":"realm","label":"Умард Юань","labelAt":[107,46]}},{"type":"Feature","geometry":{"type":"Polygon","coordinates":[[[77.9775895576193,34.873103664072296],[75.91329360043905,34.9299191491323],[74.65917468177244,34.96443618359102],[72.02654188250249,35.60796864563479],[71.34230340175539,35.775226940928526],[68.57842650276659,37.12842877446031],[65.07710209505649,39.53434772494786],[64.5310697758558,40.1531843533753],[68.22752273894962,42.24242135981991],[74.06566582475763,45.542142661719026],[77.18128826938226,46.782874312556444],[80.5575753930454,47.44242460695461],[82.8,45.2],[86,44.3],[89,43.7],[93.5,43.3],[96.5,42.3],[96.6359686718544,38.95517067238175],[95.59231787121342,38.94468171961149],[95.15006836721116,37.69164145827171],[95.51860962054639,37.10197545293535],[91.68578058586002,36.36489294626489],[90,36.51230944759898],[89.91678256985091,35.996351692929665],[90,35.627810439594434],[89.91678256985091,35.18556093559216],[86.82103604183499,35.11185268492512],[82.69337400448043,34.74331143158989],[79.48438568488393,34.83163221102832],[77.9775895576193,34.873103664072296]]]},"properties":{"name":"Chagatai Khanate","role":"other","label":"Моголистан","labelAt":[81.02,40.35]}},{"type":"Feature","geometry":{"type":"Polygon","coordinates":[[[92.49291575129622,52.249291575129625],[102.58571378556123,57.29554305373703],[109.07678326070727,57.59886405724852],[118.10962183723511,56.89317354345729],[126.43676989997174,54.917240104841824],[136.48705581042677,53.654841982205966],[136.770213160125,53.695357881501955],[137.04065993746875,53.86247976870899],[137.38286879977343,53.80980642886524],[137.3257551523125,53.74305685611133],[137.1217298837578,53.58943899722461],[137.0713148446953,53.48947104068164],[137.23923781832812,53.45651587100391],[137.9793958993828,53.464583955720705],[138.2340345712578,53.57158621402149],[138.40946486910937,53.80512198062305],[138.41680434664843,54.09191092105274],[139.37804702242968,54.080394350007815],[139.80591872653125,53.96114691348438],[140.10245803317187,53.80170401187305],[140.32129958590625,53.535647951082034],[140.70232680758593,53.2768627032793],[140.89365676364062,53.197433076814455],[141.12119582614062,53.051631532625],[141.0896711679375,52.98512228579883],[140.8281965585625,52.82524832339649],[141.03197768649218,52.72607382388477],[141.09054091891406,52.586864076570315],[140.93949416598437,52.26177176089649],[141.16062453707812,52.209205232576174],[141.25706008395312,52.10346182437305],[141.12632277926562,51.871619783357424],[140.96988967379687,51.69279821963672],[140.73028090914843,51.441302858308596],[140.40453628024218,50.82738455386524],[140.32349685153125,50.51783712954883],[140.45699599703906,50.103988252595705],[140.37220290621875,49.691279970125],[140.32822707614062,49.35787924380664],[140.08100417575,48.50260504336719],[139.21370986422656,47.81061514468555],[139.04668715914843,47.615150056794924],[138.9492903085625,47.322425447419924],[138.68499282321093,47.13351400943164],[138.35157302340625,46.87316092105274],[138.24288466891406,46.710704408601565],[137.98462966403125,46.269290529207034],[137.72051528414843,45.996680818513674],[137.29691604098437,45.64631613345508],[136.49410537203906,44.96602972598438],[136.2850599618828,44.75304373355274],[136.17924025973437,44.54676779361133],[136.03397658785937,44.39840658755664],[135.69280532321093,44.22396811099414],[135.41475966891406,44.03683050723438],[135.15606215914843,43.72116430850391],[134.9624281259453,43.51504477115039],[134.56858352145312,43.21221502871875],[134.1389417978203,42.99295385928516],[133.31200698336718,42.77939184756641],[132.95279983004687,42.669540010408205],[132.82735732516406,42.86189993472461],[132.594431910125,42.899974428132815],[132.48473647555468,42.88049276919727],[132.33309462985156,42.96368368716602],[132.1817884775078,43.19463690371875],[131.88309768160937,43.071979127839846],[131.67460158785937,43.02660330386524],[131.86515334567187,43.290381990388674],[122.42145381748286,42.31926641818475],[122.5,43],[124,45],[124.8,47.5],[123,50.5],[121.5,53.3],[117,54.5],[109,55.8],[100,53],[92.49291575129622,52.249291575129625]]]},"properties":{"name":"Chagatai Khanate","role":"other"}},{"type":"Feature","geometry":{"type":"Polygon","coordinates":[[[102.58571378556123,57.29554305373703],[87.20627555014318,49.60604875570896],[78.80450682888119,54.39358501806853],[79.3007699428214,54.399005245635244],[82.53616626600059,57.08035531913417],[78.39786864332953,58.58887058703125],[75.66408415320137,58.61500359769926],[75.23862977019192,62.1341278351447],[77.03843393458506,61.974145242754204],[85.08330579180519,58.16341646828151],[93.97500626557478,56.89317354345729],[102.58571378556123,57.29554305373703]]]},"properties":{"name":"Oirat Confederation","role":"land"}},{"type":"Feature","geometry":{"type":"Polygon","coordinates":[[[59.983740747051954,26.51188909497121],[59.18044204169284,28.478110124891],[57.190319273682604,30.763065895569415],[53.98448852023242,36.78191336245899],[54.06743911227343,36.94152411075],[53.98521712741015,37.51772650332813],[53.92775252780078,37.82421835513477],[53.87986281832812,38.02535589785938],[53.937327417937496,38.15944632144336],[53.937327417937496,38.5712962970293],[53.98521712741015,38.65749701114063],[54.07141784152148,38.89694555850391],[55.64244600967464,40.05030547961718],[58.878617465573335,43.84928936262868],[59.01878596155133,43.86108496114885],[59.00792797711865,43.9794674283752],[59.126378716383826,44.00219262770618],[59.24779072413068,43.85396740491545],[59.50542108203239,43.91408401214207],[59.715671144228125,43.66932676263591],[60.07694589898692,43.608606228433],[60.516195220733515,44.03055101563765],[60.94361047461047,44.44112794636124],[61.109441509581735,44.71673774845503],[61.72735953274841,44.933769350611186],[61.86160370391561,45.048255586483364],[61.67997923704234,45.10680631329251],[61.174589416177575,45.18756344758733],[61.02060345513286,45.48730774453474],[61.040345245010386,45.73863843187627],[60.99888748626755,45.92159094381482],[61.0344227080471,46.01489825533447],[60.99888748626755,46.077928785099836],[61.11931240452051,46.103942147040485],[61.158795984275535,46.18327546866901],[61.27115266643268,46.25556180691702],[66.66606251877415,44.42658302668195],[68.22752273894962,42.24242135981991],[64.5310697758558,40.1531843533753],[65.07710209505649,39.53434772494786],[68.57842650276659,37.12842877446031],[71.34230340175539,35.775226940928526],[72.02654188250249,35.60796864563479],[70.34162650159193,31.38417418540322],[70.2422535470123,31.13506319751285],[69.56846972061388,29.95594150131562],[68.56587483433958,29.102557864434658],[66.99351661239967,27.741027618220542],[65.51935159905877,26.93023686088304],[60.92832852440793,26.583275288280163],[59.983740747051954,26.51188909497121]]]},"properties":{"name":"Timurid Emirates","role":"land"}},{"type":"Feature","geometry":{"type":"Polygon","coordinates":[[[77.99743626561295,16.465319160725013],[77.17392081962738,16.658273812483774],[77.07118945935211,17.361171633723306],[77.38743409986243,18.770916117223425],[78.17326478847012,19.01271017525656],[78.32174567760443,17.41541742915295],[77.99743626561295,16.465319160725013]]]},"properties":{"name":"Bidar","role":"land"}},{"type":"Feature","geometry":{"type":"Polygon","coordinates":[[[77.92243661540213,16.245599858221798],[77.48542541828698,16.31164199916177],[76.90957970995069,16.31164199916177],[76.18241504523989,16],[74.99914259159453,16],[74.37585859327099,16.31164199916177],[73.4942371633562,16.287958595761864],[73.39573464248812,16.6164075182339],[75.41238086827632,18.499855690839688],[77.25508713495246,18.730193974174206],[77.38743409986243,18.770916117223425],[77.07118945935211,17.361171633723306],[77.17392081962738,16.658273812483774],[77.99743626561295,16.465319160725013],[77.92243661540213,16.245599858221798]]]},"properties":{"name":"Bijapur","role":"land"}},{"type":"Feature","geometry":{"type":"Polygon","coordinates":[[[73.71308028726574,22.945315502172253],[76.9282456403432,23.896923027227757],[76.09256220492745,21.046963981675567],[78.57282758004725,20.438284063905545],[78.53339335239603,19.12351896415684],[78.17326478847012,19.01271017525656],[77.38743409986243,18.770916117223425],[77.25508713495246,18.730193974174206],[75.41238086827632,18.499855690839688],[73.39573464248812,16.6164075182339],[73.18471275460497,17.51732606174848],[73.06422713717578,18.031716905549807],[72.97611020330493,18.5385662105398],[72.85335067233203,19.244680009797854],[72.78919259567658,19.883197979639608],[73.48528545488139,19.906576034685543],[74.27144928500712,21.905666264880928],[73.71308028726574,22.945315502172253]]]},"properties":{"name":"Ahmadnagar","role":"land"}},{"type":"Feature","geometry":{"type":"Polygon","coordinates":[[[79.9555400983786,17.603736467699896],[82.3230553009172,17.004105065534894],[82.26742080172656,16.857019029573244],[82.23458388766406,16.647302232698244],[82.08141616305468,16.46274145694141],[81.78898147067187,16.32870253177051],[81.59676650485156,16.30287703128223],[81.36909774264453,16.34686430545215],[81.2531004281914,16.22591169925098],[81.15959344218865,16],[79.50547255737247,16],[79.43194022866344,16.017480187525738],[77.92243661540213,16.245599858221798],[77.99743626561295,16.465319160725013],[78.32174567760443,17.41541742915295],[78.17326478847012,19.01271017525656],[78.53339335239603,19.12351896415684],[78.75228597662682,19.19087054084324],[79.21296254329586,18.84536311584146],[78.86745511829409,18.269517407505173],[79.32813168496313,17.23299513249984],[79.9555400983786,17.603736467699896]]]},"properties":{"name":"Golkonda","role":"land"}},{"type":"Feature","geometry":{"type":"Polygon","coordinates":[[[78.27712567681345,24.296157359568895],[78.95090950321186,23.95926544636969],[80.92437598847133,23.687073831533027],[82.54595750314634,23.24482432753075],[84.30392613659156,20.751919203880185],[81.86185280164281,18.730193974174206],[79.9555400983786,17.603736467699896],[79.32813168496313,17.23299513249984],[78.86745511829409,18.269517407505173],[79.21296254329586,18.84536311584146],[78.75228597662682,19.19087054084324],[78.53339335239603,19.12351896415684],[78.57282758004725,20.438284063905545],[76.09256220492745,21.046963981675567],[76.9282456403432,23.896923027227757],[78.27712567681345,24.296157359568895]]]},"properties":{"name":"Islamic states","role":"land"}},{"type":"Feature","geometry":{"type":"Polygon","coordinates":[[[97.62797770202722,16],[97.61144545992968,16.095754228547854],[97.59611037692187,16.34982069583301],[97.57322219332812,16.4450698718584],[98.66999851710162,18.397251431266096],[99.84117787233083,20.481864939489157],[99.9653807016289,20.420341096833987],[100.00115493258593,20.458650194124026],[100.244822535125,20.383876405671877],[100.37747481783984,20.302108369783205],[100.43059829196093,20.226214967683596],[100.435252222625,20.03575285525684],[101.65736732451045,19.661170456750355],[101.64604373237519,17.998714290611886],[104.11128589995545,17.998714290611886],[104.93303328914885,17.450882697816272],[105.57353084205278,17.880943206122055],[106.16977218112109,17.129317842439455],[106.42635634860156,16.718055330232424],[106.63819411715625,16.484338365510744],[106.94634536227343,16.30833014102344],[107.10751632174609,16.169568620637698],[107.1658574186997,16],[97.62797770202722,16]]]},"properties":{"name":"Ayutthaya","role":"land"}},{"type":"Feature","geometry":{"type":"Polygon","coordinates":[[[136.48705581042677,53.654841982205966],[126.43676989997174,54.917240104841824],[118.10962183723511,56.89317354345729],[109.07678326070727,57.59886405724852],[102.58571378556123,57.29554305373703],[93.97500626557478,56.89317354345729],[85.08330579180519,58.16341646828151],[77.03843393458506,61.974145242754204],[75.23862977019192,62.1341278351447],[74.37151298221869,63.07895426139875],[72.36169195612237,62.93862149326707],[70.97027739959411,64.244828715124],[68.80585475610576,62.58482668706595],[67.88991846882351,61.685134720858215],[67.85209448247736,61.67359318330169],[66.98922336642912,62.216519536253934],[65.97865413293306,62.38847694919291],[65.06232041091931,62.969310395224056],[66.04172919884515,63.59908156784637],[65.47673079483178,64.68781480191561],[65.63788359826862,65.68784325994122],[66.50797799864696,66.53156291025425],[66.70426974048328,66.5210086128923],[68.09731882158773,66.37660242252714],[69.08476546729746,66.68753393741852],[69.17261031578327,66.5482898580617],[69.43512252281452,66.42423590298357],[69.76729873131062,66.32971533413591],[70.47356704185749,66.23597296353044],[70.98342421959187,66.2003894674367],[71.2595320076778,66.22281225796404],[71.79433730552937,66.15806158657732],[72.20881179283406,66.17345770474138],[72.42107680748249,66.3346668111867],[72.55741408775593,66.49599035854997],[73.16545394371296,66.64375647183122],[73.69016555259968,66.86506994839372],[73.81080916832234,66.99035223599138],[73.9845075936153,67.26336248989763],[74.35252669761921,67.40435370083513],[74.74171737144734,67.68622168179216],[74.77064803550984,67.84936865444841],[74.66936019371296,68.10174902554216],[74.39512923668171,68.34698828335466],[74.50497725914265,68.59347876187029],[74.91630080650593,68.70638617153826],[75.53720382164265,68.77486761685076],[76.32775405357624,68.77634008999529],[76.66087630699421,68.67222174282732],[77.03982070396687,68.4637714254445],[77.10788253258015,68.11375006313982],[76.95493606041218,67.65331610317888],[77.09069350670124,67.52774389858904],[77.50477889488484,67.432399355132],[78.08904555748249,67.41131170864763],[78.47786239097859,67.478541933257],[78.53574660728718,67.61183508511247],[78.3045759529903,67.69286688442888],[77.94601729820515,67.77371557827654],[77.68886092613484,67.75840338345232],[77.48322585533406,67.802516542632],[77.51418593834187,67.97325476284685],[77.97751906822468,68.14512213345232],[78.00718215416218,68.25683935757341],[77.90906051109577,68.32369574185076],[77.63582900474812,68.81619604702654],[77.40597823570515,68.9356189596242],[77.02994826744343,68.97991522427263],[76.53798964927937,69.0840564596242],[75.59802535484577,69.21000250454607],[74.90170577476765,69.0810047018117],[74.31795791099812,69.16254004116716],[73.91452315758015,69.15427740688982],[73.90792373131062,69.27452429409685],[73.65407851646687,69.75646551724138],[73.79099563072468,70.05221136685076],[74.1222257942989,70.36587866421404],[74.24957564781452,70.5729480611867],[74.18918899009968,70.67260321255388],[73.84613261279736,71],[77.78717601226745,71],[78.10473159263874,70.84130438442888],[78.60852340172077,70.8499256002492],[78.51977058492662,71],[82.14978334584647,71],[82.10357192466999,70.85644110317888],[82.04561141441609,70.41893347378435],[82.19571975181843,70.3579822408742],[82.50152877281452,70.7111316549367],[82.67546370933796,70.84212835903826],[82.80373671959187,70.81927832241716],[83.07590774009968,70.58175238247576],[83.03633407066609,70.24492987271013],[83.37072280357624,70.33726080532732],[83.67697432945515,70.46026190396013],[83.6571150154903,70.598170839507],[83.5709333748653,70.65170630093279],[83.50470260093952,70.81292303677263],[83.3341667566357,71],[129.7533035414346,71],[130.17171767662313,70.81534918423357],[130.7792768807247,70.67834051724138],[131.05480483482626,70.68650396938982],[131.41268447349813,70.86376532192888],[131.57196053729274,71],[151.55364152709916,71],[151.64484694908407,70.89377936001482],[151.89907363365438,70.73301275845232],[152.1340132088497,70.66443213101091],[152.79058364342,70.68098791714372],[153.40442946861532,70.72815283413591],[153.91649917076376,70.79046972866716],[155.04923537681844,70.9385486471242],[156.04317763756063,70.98655279751482],[157.3964186043575,70.927516542632],[158.07795241783407,70.86731299038591],[158.4086714119747,70.81418951626482],[158.93413833092,70.62346991177263],[159.22921279381063,70.54745062466326],[159.46557143638876,70.39498480435076],[159.6279096932247,70.21980627651872],[159.57267287681844,69.99896582241716],[159.44381240318563,69.76456030483904],[159.6729536385372,69.6519275533742],[160.01661208580282,69.62243231411638],[160.392390284045,69.61560400601091],[160.68160537193563,69.57847937222185],[160.67403701256063,69.27026709194841],[160.86234572838094,69.08311804409685],[161.17081740806844,69.15864904995622],[161.41610244224813,69.35423620815935],[161.96099379967,69.52816351528826],[162.11776259849813,69.55855902310076],[162.27485183189657,69.5362811910695],[163.03823378990438,69.54520758267107],[163.72240737388876,69.6744876730031],[164.0536909432247,69.66003759976091],[164.318171534045,69.46485479946794],[164.63646987388876,69.41282232876482],[165.33014968345907,69.40657385464372],[166,69.38725064708962],[166,60.31795891911304],[165.77999404381063,60.35411413784685],[165.4153852791622,60.11518820400896],[165.11359694908407,60.03144034023943],[164.9329634041622,59.96187552090349],[164.8815718025997,59.73413809414568],[164.58460524986532,59.66465338345232],[164.44190505455282,59.74018820400896],[164.3280592293575,59.96072729702654],[164.1105299324825,60.07820852871599],[163.7668257088497,59.88375815029802],[163.51627639244344,59.85569342251482],[163.38868239830282,59.81406363125505],[163.10639480064657,59.57917364712419],[163.0429029793575,59.462001405913256],[163.09977248619344,59.35886725063982],[163.25451186607626,59.29037436123552],[162.83521560142782,59.055907808501146],[162.75344375084188,58.96646460171404],[162.9074049324825,58.891280733305834],[162.6159010262325,58.732963167387865],[162.22001174400594,58.48553045864763],[161.9384107918575,58.25918539639177],[161.80436232994344,58.1017223226613],[161.79993728111532,57.86273535366716],[161.98922255943563,57.71985205288591],[162.20365432213094,57.67936285610857],[162.8256635994747,57.700980745512865],[163.07837966392782,57.62649878140154],[163.12783339927938,57.55162390347185],[162.93203261802938,57.37424048062029],[162.59327224205282,57.169540010649584],[162.51240066002157,57.033492647368334],[162.61281875084188,56.802882753569506],[162.74430373619344,56.59970816250505],[163.09797194908407,56.55972632046404],[163.17226699302938,56.383815370757006],[163.1659956307247,56.106498323637865],[163.00907424400594,55.94406851406755],[162.77128127525594,55.91659506436052],[162.55463698814657,56.01072271938982],[162.54719069908407,56.10531576748552],[162.72187331627157,56.34234961147966],[162.52181533287313,56.34873541470232],[162.31757644127157,56.24010046597185],[161.86132338951376,55.86087378140154],[161.60943129967,55.55691488857927],[161.502741846545,55.287372194487475],[161.64737990806844,54.985091768462084],[161.93853286217,54.84510000820818],[162.00820449302938,54.73822363491716],[161.87586501549032,54.56412848110857],[161.56661513756063,54.42324026699724],[161.13636306236532,54.40906866665544],[160.83759597252157,54.448566042143725],[160.682917627795,54.4482799398488],[160.40430739830282,54.36758764858904],[160.02738479088094,54.15326651211443],[159.93114760826376,54.086356722075365],[159.69506362388876,53.85922583218279],[159.63321975181844,53.70584448452654],[159.68349746177938,53.579433046538256],[159.9047651619747,53.40018042202654],[159.89686110924032,53.24057730313005],[159.59176162193563,53.133624635893725],[159.31981948326376,53.12647207852068],[158.78814223717,52.95936545010271],[158.4613600106075,52.82596167202654],[158.43166640709188,52.71308477993669],[158.46236709068563,52.58713873501482],[158.3895063729122,52.2026859151906],[158.25802138756063,52.01712378140154],[157.89777663658407,51.66602285977068],[157.20952895592,51.229003511626146],[156.8246412606075,51.00411947842302],[156.69637587974813,50.957748018462084],[156.56373122642782,51.234359346587084],[156.47469619224813,51.603820406157396],[156.36185744713094,51.914237581450365],[156.3332319588497,52.27155645962419],[156.17524245689657,52.60925634976091],[156.03809646080282,52.78148993130388],[155.94184401939657,53.193080507475756],[155.7107954354122,53.80493887539568],[155.70746901939657,54.06495245571794],[155.63807204674032,54.3184085714406],[155.630183252795,54.465350710112475],[155.58306411217,54.55207403774919],[155.46520522545126,54.91977270718279],[155.4534712166622,55.27581366177263],[155.50568679283407,55.63962133999529],[155.62757399986532,56.26791723843279],[155.70299819420126,56.36959799404802],[156.23583510826376,56.756827913481615],[156.55787185142782,56.94747122402849],[156.8146772713497,57.26057013149919],[156.87765029381063,57.36274298306169],[156.83948806236532,57.50565680142107],[156.77685073326376,57.58045538540544],[157.5111646981075,57.74545248623552],[157.96169570396688,57.88275869961443],[158.32625869224813,58.026820741850756],[159.10428908775594,58.424884401518725],[159.39269545982626,58.610351167876146],[159.5862837166622,58.80267675991716],[159.64911941002157,58.95374640103044],[160.45193007896688,59.35388907070818],[160.84424880455282,59.554244600493334],[161.53524306724813,59.9416881429738],[161.70084670494344,60.07350882168474],[161.81792739342,60.2679935323781],[162.38112929771688,60.46357306118669],[163.32929519127157,60.69494970913591],[163.4448042244747,60.89026602383318],[163.7926588387325,61.128192506987475],[163.83137038658407,61.23308905239763],[163.57572463463094,61.330470644194506],[163.94228652427938,61.73741491909685],[163.9258833260372,61.955001436430834],[164.00829604576376,62.1308971273488],[164.2772016854122,62.22288092251482],[165.0547895760372,62.25954397793474],[165.28571608970907,62.2881351339406],[165.06716445396688,62.435687624174975],[164.1376753182247,62.532653413969896],[163.34025100181844,62.411300264555834],[162.99024489830282,62.32608374233904],[163.00915053795126,62.17827948208513],[162.71056655357626,61.76318701382341],[162.76685622642782,61.67209967251482],[162.74877456138876,61.60898550625505],[162.23524001549032,61.5099254476613],[161.53577712486532,61.1868167745656],[160.64498427818563,60.71775396938982],[160.11884597252157,60.563624941069506],[160.00710586021688,60.59125097866716],[160.07699111412313,60.7375865804738],[160.23559096763876,60.94700964565935],[159.81551650474813,60.98108252163591],[159.7435102791622,61.099635683257006],[159.8568678231075,61.30249746914568],[160.05623916099813,61.51285132046404],[160.1493482918575,61.66016729946794],[160.11825087974813,61.75127752896013],[159.9658003182247,61.765040956694506],[159.45463088463094,61.56075247402849],[159.2310591072872,61.546310030180834],[159.1064253182247,61.70729025479021],[158.84125808189657,61.78396948452654],[158.11835769127157,61.719474397856615],[157.09798720787313,61.63339956875505],[156.82523635338094,61.56281241055193],[156.423152002795,61.40100439663591],[156.38117507408407,61.20508154507341],[156.4184370369747,61.121329866606615],[155.8507643074825,60.88296850796404],[155.6666822762325,60.778041444975756],[155.73389724205282,60.55536612148943],[155.15180495689657,60.39435156460466],[154.69332412193563,60.199019991118334],[154.3156538338497,59.98334845181169],[154.09215835045126,59.775878511626146],[153.9429731697872,59.56882818813982],[153.94446853111532,59.39667852993669],[154.18178847740438,59.30077704067888],[154.75280288170126,59.28121908779802],[154.90589431236532,59.102767549712084],[154.38708022545126,59.03995092983904],[153.92443374107626,58.922347627837084],[153.45414260338094,58.94891699429216],[153.13988784263876,59.010123811919115],[152.9682417244747,58.99606665249529],[152.82833388756063,58.947738252837084],[152.504206690295,58.76871832485857],[152.19124892662313,58.9259410726613],[151.6906538338497,58.75345953579607],[151.35448745201376,58.691119753081225],[151.13540175865438,58.73182638760271],[151.00748732994344,58.79334219570818],[151.05617812584188,58.923812471587084],[151.7833052010372,59.03504904385271],[151.85726455162313,59.055812441069506],[151.52360061119344,59.34394415493669],[151.14020827720907,59.43957098599138],[150.66341689537313,59.4318004476613],[150.27865127037313,59.36224707241716],[150.12006667564657,59.3894534933156],[149.72957900474813,59.595328890044115],[149.3803053231075,59.60845526333513],[149.04528335045126,59.58715399380388],[148.7284498543575,59.476337038237475],[148.74720290611532,59.29743155117693],[148.63029006431844,59.19402655239763],[148.41608718345907,59.09739264126482],[147.91918471763876,59.261474214751146],[147.3522291512325,59.23288687344255],[146.99962905357626,59.19095953579607],[146.7064009041622,59.22479590054216],[146.3073530525997,59.28595312710466],[146.05396560142782,59.25107153530779],[145.9569654793575,58.98285635586443],[145.65258315513876,58.97540625210466],[145.5127973885372,59.03694876309099],[145.49566176842,59.20875128384294],[145.40413955162313,59.32550390835466],[144.84569838951376,59.283195100981615],[144.38981154869344,59.309859834868334],[143.82409194420126,59.29501303311052],[143.30285170982626,59.2665286886281],[142.84585097740438,59.27252539272966],[142.3577680916622,59.140956484038256],[141.92383864830282,58.94089468594255],[141.59083083580282,58.727531038481615],[141.34955886314657,58.50086554165544],[140.99425795982626,58.39063223477068],[140.58739760826376,58.239310823637865],[140.49984267662313,58.17075689907732],[140.0287428231075,57.64412649746599],[139.29383376549032,57.33617743130388],[138.86675551842,57.12446554775896],[138.3459272713497,56.80420645352068],[137.60193923424032,56.240348421294115],[137.22909072349813,55.98272284146013],[136.52126601646688,55.5898929464406],[136.11939528892782,55.420646272856615],[135.26954177330282,55.02874334927263],[134.98522475670126,54.853934847075365],[134.8937330574825,54.71992453213396],[134.90200332115438,54.55941732998552],[135.09450820396688,54.432784639555834],[135.31255629967,54.413165651518725],[135.72582534263876,54.4072643148488],[136.19642165611532,54.47499807949724],[136.49160293052938,54.4554935323781],[136.34353164146688,53.88782843228044],[136.35065749595907,53.70121344204607],[136.48705581042677,53.654841982205966]]]},"properties":{"name":"Siberians","role":"land"}},{"type":"Feature","geometry":{"type":"Polygon","coordinates":[[[87.20627555014318,49.60604875570896],[87.77440458110598,49.282314738781025],[85.51557830875312,48.41095961683674],[77.18128826938226,46.782874312556444],[74.06566582475763,45.542142661719026],[68.22752273894962,42.24242135981991],[66.66606251877415,44.42658302668195],[61.27115266643268,46.25556180691702],[61.36805895697736,46.35522636912424],[61.56152849777715,46.59722199905923],[61.654314910201485,46.76888604094127],[61.46578081687108,46.76685770303427],[61.31278194532028,46.681937132565],[61.24960821771218,46.61146341148169],[60.938085937500006,46.48984375],[60.84619140625,46.524365234375],[60.78310546875002,46.632666015625],[60.858720778137084,46.69751026967617],[60.84292734623507,46.77328051105081],[60.657354521386296,46.82193373637954],[60.50336856034156,46.805720882530835],[60.52311035021909,46.72728984709923],[60.637792968750006,46.72080078125],[60.72802734375,46.676025390625],[60.65117187500002,46.5890625],[60.50117187500001,46.611767578125],[60.39628906250002,46.54306640625],[60.359375,46.63525390625],[60.2705078125,46.69970703125],[60.07304687500002,46.618798828124994],[60.00917968750002,46.56064453125],[60.02070312500001,46.4494140625],[60.211190070154124,46.28705644180795],[60.82255859375002,46.2431640625],[60.785676155590224,46.15182938169456],[60.72348951747596,46.167896476527744],[60.60503877821078,46.126864803693984],[60.47869132299459,46.204798832250326],[60.300028124602946,46.16379468557784],[60.018707618848154,46.212995991577614],[59.8154296875,46.181396484375],[59.77890625,46.30146484375],[59.698828125,46.331298828125],[59.53076171875,46.342675781249994],[59.48074384468552,46.317061674124076],[59.54589175128136,46.239286952813195],[59.54984010925688,45.99432927168688],[59.431389369991685,45.80335953140493],[59.28727430388571,45.835004190392546],[59.36031892643258,45.93257643269082],[59.328732062628525,46.02586525287821],[59.0701146152329,46.001186449324834],[58.81544552581277,45.931203365557586],[58.720703125,45.84765625],[58.6552734375,45.715722656249994],[58.6279296875,45.600244140624994],[58.56005859375,45.4572265625],[58.40410156250002,45.25302734375],[58.27216796875001,44.981689453125],[58.23212890625001,44.851318359375],[58.29462890625001,44.708349609375],[58.29667968750002,44.638427734375],[58.19851459213994,44.519655010233876],[58.241946529870496,44.35896658585433],[58.39988084889073,44.16669007761383],[58.344603837233656,43.86571091710029],[58.367306895592854,43.73711826857644],[58.596311658172205,43.757084295777624],[58.77991030403322,43.74710211465171],[58.8272905997393,43.84400139886814],[58.878617465573335,43.84928936262868],[55.64244600967464,40.05030547961718],[54.07141784152148,38.89694555850391],[54.03310683688281,38.992721162751955],[53.774504694548824,39.136390291169924],[53.67872527560351,39.251327119783205],[53.65957168063281,39.318370424226565],[53.5829458566582,39.318370424226565],[53.3339224191582,39.38541754336719],[53.24772170504687,39.29921682925586],[53.2094107004082,39.40457113833789],[53.31476500949023,39.56739767642383],[53.37223342379687,39.519507966951174],[53.54463485201953,39.53866156192188],[53.79366210421679,39.49077185244922],[53.812815699187496,39.54824026675586],[53.66914657076953,39.644019685701174],[53.55421355685351,39.65359839053516],[53.51590255221484,39.77811010928516],[53.59252456149218,39.89304693789844],[53.688303980437496,39.97924765200977],[53.506323847380855,39.99840124698047],[53.36265471896289,39.9600902423418],[53.19025329074023,39.9600902423418],[53.04658416232226,39.99840124698047],[52.98911574801562,39.93135794253711],[52.84545043429492,40.18038138003711],[52.82629302462695,40.46771963687305],[52.90291503390429,40.56349905581836],[52.96996215304492,40.822101198152346],[53.056162867156246,41.05197104068164],[53.180674585906246,40.84125479312305],[53.257300409880855,40.764632783845705],[53.43927672824023,40.80294378848438],[53.61168197116015,40.745479188875],[53.65957168063281,40.81252249331836],[53.649992975798824,40.87956961245899],[53.76492598971484,40.869990907625],[53.79366210421679,40.726321779207034],[53.84155181368945,40.640121065095705],[54.10973266085742,40.67843206973438],[54.22466567477343,40.726321779207034],[54.41622451266406,40.659278474763674],[54.45453551730273,40.71674307437305],[54.387488398162105,40.80294378848438],[54.3683348031914,40.89872320742969],[54.45453551730273,40.91788061709766],[54.50242522677539,40.850833497957034],[54.60778335055468,40.81252249331836],[54.81849578341601,40.87956961245899],[54.828074488249996,40.98492392154102],[54.75144866427539,41.13817175479297],[54.35875609835742,41.38719519229297],[54.16719726046679,41.482974611238284],[54.11930755099414,41.779891572908205],[54.023528132048824,41.85651358218555],[54.023528132048824,42.048072420076174],[53.98521712741015,42.10553701968555],[53.73619368991015,42.1342731341875],[53.4584341379082,42.09596212954883],[53.266875300017574,42.086383424714846],[53.06574157199023,42.028915010408205],[52.9795408578789,41.904403291658205],[52.94122985324023,41.77031286807422],[52.998694452849605,41.68411215396289],[52.931651148406246,41.37762030215625],[52.85502532443164,41.38719519229297],[52.692202601042965,41.53086432071094],[52.71136001071093,41.60749014468555],[52.68262389620898,41.69369085879688],[52.55927184542773,41.75783880801563],[52.600745234099605,41.93767889590625],[52.51981643160937,42.072555147126955],[52.58275893649218,42.1894489154375],[52.672678980437496,42.279368959382815],[52.73562148532031,42.42324026675586],[52.75360778292773,42.558116517976565],[52.8345327707207,42.64803656192188],[52.76259902438281,42.755939088777346],[52.58275893649218,42.82787283511524],[52.37594893893359,42.80089529605274],[52.295020136443355,42.87283285708789],[52.07022384127734,42.82787283511524],[51.98030379733203,42.90880163760547],[51.8813963266289,43.05266913028125],[51.737525019255855,43.17855414004688],[51.42280868014453,43.1695628985918],[51.458777460662105,43.38536795230274],[51.36885741671679,43.55621298404102],[51.260954889861324,43.61016424746875],[51.17103484591601,43.71806677432422],[50.99119857272265,44.077743135408205],[50.955229792205074,44.20362814517383],[50.703459772673824,44.257579408601565],[50.388743433562496,44.29354818911914],[50.32580092867968,44.365481935457034],[50.33479217013476,44.563304506257815],[50.40672591647265,44.61725576968555],[50.54160598239062,44.64423330874805],[50.874304804412105,44.62624701114063],[51.332888636199215,44.482379518464846],[51.57567122897265,44.55431326480274],[51.48575118502734,44.62624701114063],[51.18902114352343,44.770118318513674],[51.09910109957812,44.87802084536914],[51.21599486788867,45.039874635652346],[51.34188369235156,45.0578571185625],[51.37784865817187,45.17475088687305],[51.51272872408984,45.37257345767383],[51.62962249240039,45.354590974763674],[51.77349379977343,45.39055594058399],[51.845427546111324,45.43551596255664],[51.99829009493945,45.38156469912891],[52.60973647555468,45.39955099673633],[53.059329065886715,45.33660467715625],[53.284129175749996,45.327613435701174],[53.059329065886715,45.4534984454668],[52.84352401217578,45.5074535235918],[52.8345327707207,45.6423297748125],[53.05033782443164,45.831161104158205],[53.14924910983203,45.95704611392383],[53.20320037325976,46.190833650544924],[53.257151636687496,46.316722475007815],[53.12227538546679,46.496558748201174],[53.16723159274218,46.58647497744922],[53.284129175749996,46.676395021394534],[53.23017791232226,46.73034628482227],[53.185217890349605,46.86522635074024],[53.0233641000664,46.91917761416797],[52.853895792507316,46.938279890208165],[56.371764956718366,57.363878684925865],[58.580954966621995,57.58018821352842],[60.14213572175266,58.146729902325845],[61.30740542201808,58.835831528167866],[62.97277520573461,59.31845275433949],[65.40600056386982,60.00166971419421],[65.89851441865153,59.72904863682564],[64.63161108652106,58.48461409950466],[64.2273343596377,57.66184452184806],[64.67878500938362,55.97380969520192],[68.59135730718171,54.282036137997714],[78.80450682888119,54.39358501806853],[87.20627555014318,49.60604875570896]]]},"properties":{"name":"White Horde","role":"land"}},{"type":"Feature","geometry":{"type":"Polygon","coordinates":[[[56.371764956718366,57.363878684925865],[52.853895792507316,46.938279890208165],[52.783563617180135,46.948622960411875],[56.343768131113166,57.359235439819514],[56.37176495671807,57.36387868492584],[56.371764956718366,57.363878684925865]]]},"properties":{"name":null,"role":"land"}},{"type":"Feature","geometry":{"type":"Polygon","coordinates":[[[56.37176495671807,57.36387868492584],[56.343768131113166,57.359235439819514],[56.34444110035853,57.36120331048442],[56.37176495671807,57.36387868492584]]]},"properties":{"name":null,"role":"land"}},{"type":"Feature","geometry":{"type":"Polygon","coordinates":[[[45.38218596896289,42.62306936831836],[43.61690948985557,43.77276186641766],[42,43.62167636697499],[42,45.54316111293034],[42.411475854041285,46.726817802961186],[42.524167467140586,47.0509879345626],[44.364277194929954,49.42860289444802],[43.67309502787673,50.86033738334398],[42.586951622507385,50.909707538133496],[42,50.49035846661169],[42,52.29327423349846],[43.267763375049995,52.31122694422979],[43.99070027596602,52.61850811777212],[44.336583982678725,53.112885230708635],[44.43514591035459,53.71930113086838],[43.9580577187934,53.77430796031875],[43.653568286201434,53.83663590470341],[43.559378662334254,53.983567807250985],[43.863173765054064,54.29569831699481],[43.63122600571993,54.541147548411644],[43.97390395669196,54.82321639286512],[44.88747158164988,55.01808344678643],[44.90390937191016,55.092337114607425],[45.71822213035606,55.348101417761576],[46.677021207658605,56.26017897777252],[46.714952710919,56.52987211914711],[46.87531888461633,56.44538613691696],[49.747426460162735,56.73082692207302],[51.69423127981034,57.03009315946364],[54.59602857384561,57.06937460841906],[56.343768131113166,57.359235439819514],[52.783563617180135,46.948622960411875],[52.55578521212695,46.982120119050784],[52.37594893893359,46.874217592195315],[52.14215758761523,46.83824881167774],[51.93534759005664,46.89220007510547],[51.79147628268359,47.00909384341602],[51.36885741671679,47.09002264590625],[51.11708358248828,47.06304510684375],[50.82035354098437,46.91917761416797],[50.63152221163867,46.91018255801563],[50.27184966525195,46.68538626284961],[49.94814208468554,46.55950125308399],[49.72334578951953,46.53252371402149],[49.534514460173824,46.54151877017383],[49.31320479830859,46.35268744082813],[49.23778441866992,46.262767396882815],[49.05794433077929,46.13688238711719],[48.83314803561328,46.082931123689455],[48.83314803561328,45.92107733340625],[48.770205530730465,45.885108552888674],[48.63532927950976,45.97502859683399],[48.30262664279101,45.76821478457813],[47.87101653536914,45.67829855533008],[47.67319777926562,45.75023230166797],[47.60126403292773,45.66031225772266],[47.6552114816582,45.54341848941211],[47.556304010955074,45.4534984454668],[47.39445022067187,45.17475088687305],[47.169653925505855,44.86003836245899],[47.02578261813281,44.78810080142383],[46.87292006930468,44.68019827456836],[46.80997756442187,44.53633078189258],[46.84594634493945,44.44641073794727],[46.99880507907031,44.356490694001955],[47.142676386443355,44.3385082110918],[47.223601374236324,44.20362814517383],[47.33150771578906,44.185645662263674],[47.56529525241015,43.84395559878711],[47.53831771334765,43.67311056704883],[47.49336150607226,43.58319052310352],[47.19483867485455,43.37586314463319],[47.24856164173707,42.78491050892555],[48.22371258025433,41.4711466998491],[48.20107177218554,41.463599763826174],[47.98832610568164,41.218944154695315],[47.81812957247851,41.197669588044924],[47.61601928195117,41.261493287996096],[47.35008529147265,41.30404242129688],[47.35008529147265,41.442325197175784],[47.22243789157031,41.56997641177539],[46.91395858248828,41.75080832095508],[46.850134882537105,41.83590658755664],[46.66929915866015,41.81463202090625],[46.658659967986324,41.88909491153125],[46.55577758273242,41.878455720857424],[46.49910262545703,41.96355398745899],[46.392729792205074,41.995467744783205],[46.28635695895312,41.98482855410938],[46.041697535124996,42.04865225406055],[45.91405013522265,42.12311514468555],[45.75448897799609,42.25076254458789],[45.86086181124804,42.47414740176563],[45.8076773019707,42.5379711017168],[45.47791961154101,42.54860647769336],[45.38218596896289,42.62306936831836]]]},"properties":{"name":"Golden Horde","role":"land"}},{"type":"Feature","geometry":{"type":"MultiPolygon","coordinates":[[[[42,66.30347366522336],[42.21078780612109,66.41000708194142],[43.241431269255855,66.2508960589922],[43.87621978243945,66.01096685977345],[44.05284026583789,66.04050024600392],[44.12211135348437,66.26716192813282],[44.383608851042965,66.61201819033985],[44.36195281466601,66.90596350283985],[44.2191648813164,67.08982428164845],[43.83810714205859,67.16285284610157],[43.70359710177539,67.26593359561329],[44.21583465060351,67.71826513858204],[44.26107314547656,67.82963903994923],[44.1687498422539,68.09702643008595],[43.82216552218554,68.32731970401173],[43.85324386080859,68.46920355410938],[44.012026819792965,68.49190863223438],[44.66781142672656,68.3885913714922],[45.57964232882617,68.44253882022267],[45.86343673190234,68.38334997744923],[46.16195205172656,68.1081958636797],[46.439368280974605,67.90793951602345],[46.63406661471484,67.70051153750782],[45.46258071383593,67.63906439395313],[45.092505488005855,67.54207953067188],[44.87120727023242,67.3124194964922],[44.95714095553515,67.23135717959767],[45.38563445529101,67.09937628360157],[45.71535018405078,66.8496280536211],[46.07677749117968,66.76208075137501],[46.40205291232226,66.71860083194142],[46.97264007052539,66.7784610614336],[47.57118895968554,66.81631048770313],[47.706187281218746,66.89010962100392],[47.952918085662105,67.37729223819142],[48.08066085299609,67.56245764346485],[48.63532165011523,67.6523853168047],[49.18562987765429,67.83882483096485],[49.63012221774218,67.93619116397267],[50.4958982797539,68.15346869082813],[51.13895705660937,68.2663989886797],[51.83080962618945,68.40938147158985],[52.244875940886715,68.54455908389454],[52.33738234957812,68.33572729678517],[52.46266845187304,68.29867132754688],[52.719729456511715,68.35138281436329],[52.9387693735039,68.47117956729298],[53.00575164279101,68.68056830020313],[53.17943480929492,68.75574835391407],[53.50243285616992,68.81625708194142],[53.88911727389453,68.78699835391407],[53.80839446505664,68.60726507754688],[53.78207686862109,68.3384204730547],[53.39590743502734,68.30042608828907],[53.31618407687304,68.23320349307423],[53.316844019499996,68.13638647647267],[53.62573913058398,68.04768713565235],[54.37974837741015,68.16070898623829],[54.575957331267574,68.16109045596485],[54.648467096892574,68.0719180926836],[54.752295527068355,68.04978521914845],[54.99598601779101,68.20653112979298],[55.12649825533984,68.40060766787892],[55.335391077605465,68.48309668155079],[55.72289184054492,68.53610571475392],[56.19510177096484,68.56686743350392],[56.54026320895312,68.55256994815235],[57.02422622164843,68.44890936465626],[57.36369231661914,68.45701941104298],[57.52586654147265,68.49463995547657],[57.959197077361324,68.70476111026173],[58.40928939303515,68.83285864444142],[58.77038100680468,68.85600622744923],[59.19904998263476,68.77440985293751],[59.3458738656914,68.69986303897267],[59.06195739232443,68.4974857196522],[59.119788202746165,68.393092714507],[59.217661890490305,68.34854467983904],[59.50186065147663,68.28942450161638],[59.762347254259836,68.297389589507],[59.892046961291086,68.4020038473195],[59.92537597130085,68.58127173062029],[60.07908919761921,68.61895331021013],[60.51208404014851,68.58985479946794],[60.75627425621296,68.67254980679216],[60.93412307213093,68.81508215542497],[60.98595717857624,69.00259741421404],[60.36923507164265,69.46769293423357],[60.551714930041086,69.54342230435076],[60.84873488853718,69.71004065151872],[61.030039820177805,69.74060400601091],[62.2812719673946,69.7051273214406],[62.85394957969929,69.61560400601091],[63.41231826256062,69.54873999233904],[63.92324355552937,69.45921667690935],[64.87299636314656,69.22766455288591],[65.35536483238484,69.18344458218279],[66.58425429771687,68.88553961392107],[68.21540358970906,68.20135077114763],[68.38463118980671,68.17933996792497],[68.48788741539265,68.22421606655779],[69.00261214683796,68.69536932583513],[69.10895064781452,68.83031042690935],[68.69183639000202,68.81454809780779],[68.51176742027546,68.83668097134294],[68.25765517662312,68.94111975308122],[68.09354690025593,69.13594397183122],[68.10592940758015,69.42932470913591],[67.77870467613484,69.55685003872576],[66.88444045494343,69.62308081265154],[66.79896834800984,69.74374731655779],[66.9648542733028,69.95582159634294],[67.27720168541218,70.07055243130388],[67.42175582359577,70.22343023892107],[67.39824202965046,70.59850653286638],[67.28530410240437,70.70580633755388],[66.7748136849239,70.73557623501482],[66.67020705650593,70.86613043423357],[66.75288781003009,71],[72.52325489538856,71],[72.67970565269734,70.823512636382],[72.7742033333614,70.45523413296404],[72.69588759849812,70.35557898159685],[72.43689254234577,70.18696936245622],[72.55148604820515,69.65626104946794],[72.52553084800984,69.06907995815935],[72.64349654625202,68.806911073882],[72.84616378258015,68.63523443813982],[73.30861190269734,68.5165515768117],[73.39364913414265,68.38238867397966],[73.17524245689656,68.16592749233904],[72.98776534508015,67.79414709683122],[72.83769515465046,67.64564856167497],[72.48502639244343,67.43782385464372],[71.93047622154499,67.156276308257],[71.64714339683796,67.06732519741716],[71.39950087974812,66.94906958218279],[71.54405501789299,66.71412237758264],[70.83993056724812,66.55140265103044],[70.12074569175984,66.7188220846242],[69.79152205894734,66.7549320089406],[69.35537246177937,66.73943670864763],[69.08476546729746,66.68753393741852],[68.09731882158773,66.37660242252714],[66.70426974048328,66.5210086128923],[66.50797799864696,66.53156291025425],[65.63788359826862,65.68784325994122],[65.47673079483178,64.68781480191561],[66.04172919884515,63.59908156784637],[65.06232041091931,62.969310395224056],[65.97865413293306,62.38847694919291],[66.98922336642912,62.216519536253934],[67.85209448247736,61.67359318330169],[67.77767326452636,61.650884437742114],[68.22753206883132,61.53252292393873],[68.4427503777942,61.09812890294574],[69.38471639853537,60.914114352781496],[69.66596454589364,60.670951553340856],[68.62179070597223,59.80803347137739],[66.8162899446164,59.63126398563793],[66.12355473339376,59.60448212471486],[65.89851441865153,59.72904863682564],[65.40600056386982,60.00166971419421],[62.97277520573461,59.31845275433949],[61.30740542201808,58.835831528167866],[60.14213572175266,58.146729902325845],[58.580954966621995,57.58018821352842],[56.371764956718366,57.363878684925865],[56.37176495671807,57.36387868492584],[56.34444110035853,57.36120331048442],[56.343768131113166,57.359235439819514],[54.59602857384561,57.06937460841906],[51.69423127981034,57.03009315946364],[49.747426460162735,56.73082692207302],[46.87531888461633,56.44538613691696],[46.714952710919,56.52987211914711],[46.677021207658605,56.26017897777252],[45.71822213035606,55.348101417761576],[44.90390937191016,55.092337114607425],[44.88747158164988,55.01808344678643],[43.97390395669196,54.82321639286512],[43.63122600571993,54.541147548411644],[43.863173765054064,54.29569831699481],[43.559378662334254,53.983567807250985],[43.653568286201434,53.83663590470341],[43.9580577187934,53.77430796031875],[44.43514591035459,53.71930113086838],[44.336583982678725,53.112885230708635],[43.99070027596602,52.61850811777212],[43.267763375049995,52.31122694422979],[42,52.29327423349846],[42,66.30347366522336]]],[[[50.320274,69.150543],[50.12999,69.138321],[49.959435,69.076096],[49.678329,68.873032],[49.435822000000144,68.808594],[48.7761,68.722763],[48.589989,68.728592],[48.225548,68.882751],[48.212212,69.05636600000014],[48.26915700000012,69.214996],[48.413879,69.347763],[48.582497,69.424988],[49.0186,69.509995],[49.312767,69.496368],[50.104164,69.2810970000001],[50.320274,69.150543]]],[[[59.640831,70.196365],[59.815269,70.124695],[60.079437,70.062485],[60.477486,69.916092],[60.547775,69.805817],[60.439713,69.743591],[60.205551,69.679428],[60.040276,69.716934],[59.92083,69.685532],[59.601662,69.7124940000001],[59.610825,69.81442300000015],[59.403877,69.890274],[59.27582600000011,69.884155],[58.671104,70.010269],[58.57054900000014,70.077774],[58.608887,70.13749700000011],[58.4086,70.250275],[58.59415400000012,70.259155],[58.75666,70.3936],[59.044159,70.447479],[59.334435,70.361099],[59.640831,70.196365]]]]},"properties":{"name":"Grand Duchy of Moscow","role":"land"}},{"type":"Feature","geometry":{"type":"Polygon","coordinates":[[[75.23862977019192,62.1341278351447],[75.66408415320137,58.61500359769926],[78.39786864332953,58.58887058703125],[82.53616626600059,57.08035531913417],[79.3007699428214,54.399005245635244],[78.80450682888119,54.39358501806853],[68.59135730718171,54.282036137997714],[64.67878500938362,55.97380969520192],[64.2273343596377,57.66184452184806],[64.63161108652106,58.48461409950466],[65.89851441865153,59.72904863682564],[66.12355473339376,59.60448212471486],[66.8162899446164,59.63126398563793],[68.62179070597223,59.80803347137739],[69.66596454589364,60.670951553340856],[69.38471639853537,60.914114352781496],[68.4427503777942,61.09812890294574],[68.22753206883132,61.53252292393873],[67.77767326452636,61.650884437742114],[67.85209448247736,61.67359318330169],[67.88991846882351,61.685134720858215],[68.80585475610576,62.58482668706595],[70.97027739959411,64.244828715124],[72.36169195612237,62.93862149326707],[74.37151298221869,63.07895426139875],[75.23862977019192,62.1341278351447]]]},"properties":{"name":"Khanate of Sibir","role":"other","label":"Сибирийн ханлиг","labelAt":[72.52,57.94]}}]}