{"type":"FeatureCollection","features":[{"type":"Feature","geometry":{"type":"MultiPolygon","coordinates":[[[[136.72185805758593,37.265933595613284],[136.81084731539843,37.31068380923633],[137.3096418710625,37.43265112491016],[137.33492568453906,37.27354010196094],[137.11817458590625,37.14577444644336],[137.01377395114062,37.03735312075977],[136.98302749117968,36.83360632510547],[137.04532912692187,36.668258272126955],[137.17620376071093,36.64306601138477],[137.27591994723437,36.69418676944141],[137.46403029879687,36.85367926211719],[137.57181838473437,36.89208181949024],[138.31724074801562,37.205508790925784],[138.49203017672656,37.301349245027346],[138.69896987399218,37.44820364566211],[138.856150660125,37.735057435945315],[139.19793227633593,37.92043264956836],[139.35387710055468,38.067237459138674],[139.4398451181328,38.18843802066211],[139.5039320321953,38.417884431794924],[139.74572280367968,38.679584108308596],[139.74141982516406,38.743297182039065],[139.89608291110156,38.99850424380664],[139.96793654879687,39.208968721345705],[140.03008559664843,39.48317679019336],[140.01108840426562,39.69351156802539],[139.8621321054375,39.7824664935625],[139.80463698825,39.89074667544727],[139.910349878875,39.98660620303516],[139.98502639254687,40.114619813875],[139.91515639742968,40.574954591707034],[140.15972426852343,40.729014955476565],[140.23911574801562,40.837989412263674],[140.38640883883593,40.98550375552539],[140.4728041025078,40.98567923159961],[140.5671644540703,40.82583197207813],[140.65697768649218,40.72361334414844],[140.79334548434375,40.749488435701174],[141.15255263766406,40.86541708560352],[141.07664016207812,41.10213812442188],[140.93682387789843,41.114661775544924],[140.77450087985156,41.255225740388674],[141.08701613864062,41.44161947818164],[141.2857923837578,41.371539674714846],[141.43688491305468,41.26935537906055],[141.44829848727343,41.17971380801563],[141.44120315035937,40.78918036075],[141.46714309176562,40.51408728213672],[141.56624892672656,40.45671804995899],[141.6756086679375,40.31622274966602],[141.9981184335625,39.67198904605274],[141.99851516207812,39.44887884707813],[141.88782790621875,39.12996634097461],[141.56858352145312,38.78520926089649],[141.46709731539843,38.58749350161914],[141.49639419039843,38.42189749331836],[141.4287367196953,38.38991888614063],[141.09665969332812,38.261844240144534],[141.02447036227343,38.21074255557422],[140.9505873056328,38.12141378970508],[140.8722181650078,37.91744955630664],[140.88086989840625,37.73915060611133],[140.92322829684375,37.62462195010547],[140.9822035165703,37.268199525789065],[140.9639387460625,36.95626028628711],[140.65560439547656,36.61831244082813],[140.54662612399218,36.28722342105274],[140.5554457040703,35.96914251895313],[140.64475539645312,35.83575399966602],[140.8342542978203,35.67712362857227],[140.55686477145312,35.543006502107424],[140.46990493258593,35.48558767886524],[140.39493850192187,35.409122072175784],[140.31661513766406,35.033816896394534],[139.8301039071953,34.835982881501955],[139.78809646090625,34.96284445376758],[139.92046645602343,35.26190146060352],[140.00289443453906,35.497359834626955],[139.91370681246875,35.55441244693164],[139.68267348727343,35.44583090396289],[139.42260268649218,35.165511690095705],[139.2086439462578,35.16507299991016],[139.05291274508593,35.024886690095705],[139.02283767184375,34.68834265323047],[138.86382583102343,34.56743200869922],[138.7794447275078,34.57994803042774],[138.7498274179375,34.649703584626955],[138.75103286227343,34.92264898867969],[138.6837416025078,34.99233969302539],[138.58896926364062,34.97309073062305],[138.45016005953906,34.902991853669924],[138.29520705660937,34.76302679629688],[138.14905837496875,34.52788122744922],[137.7591810556328,34.55247076602344],[137.53174880465625,34.5266185626543],[137.24822524508593,34.48160894961719],[137.04178908785937,34.728736482576174],[136.73385146578906,34.874087892488284],[136.61693862399218,34.759601198152346],[136.58658889254687,34.67703207583789],[136.50706008395312,34.51817663760547],[136.52367690524218,34.49281271548633],[136.71134475192187,34.40433844180469],[136.8985853525078,34.258731447175784],[136.7668714853203,34.16959723086719],[136.39376357516406,34.111705385164065],[136.19922927340625,34.00339087100391],[135.9909925790703,33.72367437930469],[135.75567153414843,33.34231527896289],[135.44600966891406,33.506724916414065],[135.19150832614062,33.601417146638674],[135.06292251071093,33.69002493472461],[135.0569563241875,33.76618918033008],[134.96924880465625,34.13417013736133],[135.01397231539843,34.20409353824024],[135.23673537692187,34.350535951570315],[135.31702712496875,34.47131308169727],[135.286814722625,34.59819372744922],[135.2057142587578,34.617084108308596],[134.93567946871875,34.54035147281055],[134.78246596774218,34.552737794832034],[134.4273176523125,34.628177247957034],[134.21349624117968,34.57061728091602],[134.02172378024218,34.46866949649219],[133.82529738864062,34.38574179263477],[133.70426467379687,34.42993124575977],[133.5891371103203,34.44237478824024],[132.8477278085625,34.263133607820315],[132.48118117770312,34.12908514590625],[132.38665297946093,34.268539033845705],[132.18348220309375,34.28717001529102],[131.99730971774218,34.09000738711719],[131.99495986422656,33.80434378238086],[131.65487197360156,33.911563478425784],[131.39416030367968,33.93642386050586],[130.89904311617968,33.90366705508594],[130.7793226571953,33.966903291658205],[130.81162551364062,34.11931189151172],[130.89232924899218,34.24644049258594],[131.1097669931328,34.24053534121875],[131.33410170992968,34.29177435489063],[131.67228225192187,34.50195273013477],[132.66285232028125,35.380626283601565],[132.78869155367968,35.38724859805469],[132.98076919039843,35.444869600251955],[133.00620559176562,35.25414999575977],[133.22861770114062,35.31183584781055],[133.80405715426562,35.42748221011524],[134.22356704196093,35.453773103669924],[134.75583938082812,35.531173311189455],[135.15697768649218,35.646468721345705],[135.18804458102343,35.443011842683596],[135.35766128024218,35.32253988833789],[135.43247512301562,35.36083944888477],[135.72710708102343,35.45048101992969],[135.92803481539843,35.603519044832034],[135.92652419528125,35.76252707095508],[135.97788527926562,35.97254904361133],[136.18726638278125,36.202003084138674],[136.50152114352343,36.463512025789065],[136.66849807223437,36.66749533267383],[136.64042190035937,37.17027624698047],[136.72185805758593,37.265933595613284]]],[[[132.6987562509453,32.54885824771289],[132.567576441375,32.63746603579883],[132.46705153903125,32.75788076968555],[132.42185500582812,32.929183565095705],[132.34257033785937,33.10677298159961],[132.1211195321953,33.34754904361133],[132.44994643649218,33.51961477847461],[132.5793714853203,33.64049490542774],[132.78431228121875,33.90752371402149],[132.96868422946093,33.793643556550784],[133.24547866305468,33.80055960269336],[133.4629164071953,33.883521638826174],[133.60300734957812,34.03615912051563],[133.80564406832812,34.17622336001758],[134.01023391207812,34.18933065982227],[134.15267470797656,34.11345633120899],[134.54041579684375,34.012698732332034],[134.6097669931328,33.898578248933596],[134.56475356539843,33.841346345857424],[134.51912978610156,33.65081747622852],[134.38769057711718,33.54264410586719],[133.99859145602343,33.14826925845508],[133.91749099215625,33.24331625552539],[133.72689345797656,33.37623556704883],[133.51652053317187,33.39485128970508],[133.24097732028125,33.299056611970705],[133.15415481051562,33.21636541934375],[133.04386428317187,32.99394568057422],[132.96967605075,32.765262208894534],[132.90069106539843,32.66990240664844],[132.6987562509453,32.54885824771289]]],[[[130.74401381930468,30.887834154084963],[130.57931045016406,30.906545244172854],[130.55413344821093,30.9699779376543],[130.67454055270312,31.211490236238284],[130.73246291598437,31.478250108674807],[130.58191970309375,31.528737626985354],[130.4744367929375,31.439628206208987],[130.40439895114062,31.229978166536135],[130.2329359384453,31.026460252717776],[130.08626845797656,31.121388994172854],[130.06011489352343,31.216558061555666],[130.2051496835625,31.426370225862307],[130.21932509860156,31.559724412874026],[130.05887893160937,31.972062669709963],[130.13494399508593,32.02300222964649],[130.44396499117968,32.2839313373125],[130.48116591891406,32.34749945254688],[130.4965315195,32.557017885164065],[130.2573957773125,32.91203650088672],[130.10752395114062,32.93077810855274],[130.03458693942187,32.810000978425784],[129.84591201266406,32.587421022371096],[129.73372939547656,32.637984834626955],[129.63033584078906,32.86631353946094],[129.46087172946093,32.9865795001543],[129.34337905367968,33.15138968081836],[129.52804091891406,33.297774873689455],[129.85825637301562,33.26036795230274],[130.17615798434375,33.33719976992969],[130.31766799410937,33.54698904605274],[130.42656997164843,33.674171052888674],[130.64440444430468,33.70000036807422],[130.85947707614062,33.675059877351565],[130.97111037692187,33.50388678164844],[131.09250930270312,33.427962861970705],[131.2860365243828,33.390262208894534],[131.5687513681328,33.48606451602344],[131.6698255868828,33.30853231997852],[131.41355422457812,33.111217103914065],[131.59562209567187,33.003665529207034],[131.79528335055468,32.80728491397266],[131.83098891696093,32.69308813662891],[131.56299880465625,32.432246767],[131.45362380465625,32.247928224519534],[131.40685561617968,32.082774721101565],[131.36873916110156,31.803355775789065],[131.31928542575,31.51120527835254],[131.21062758883593,31.35226973147754],[131.04879287203906,31.275754533723635],[130.95968154391406,31.193025194124026],[130.74401381930468,30.887834154084963]]],[[[140.1124525400078,41.27311285586719],[140.01261428317187,41.38180883975391],[139.97774795016406,41.50346716494922],[140.12449172457812,41.792152009919924],[140.09969619235156,41.94597204776172],[139.85248855075,42.03524740786914],[139.77720168551562,42.11205252261524],[139.7117414804375,42.47759588809375],[139.97396377047656,42.65139731021289],[140.20896438082812,42.728900514558596],[140.4998274179375,42.896407686189455],[140.51682570895312,43.057002626375],[140.3735609384453,43.185191713289065],[140.498240503875,43.320357881501955],[140.59891799410937,43.32699164004688],[140.8965559335625,43.13482626529102],[141.06417373141406,43.09662588687305],[141.30364516696093,43.187030397371096],[141.30192092379687,43.7204662189043],[141.50669387301562,43.804454408601565],[141.7094221445,43.9141918048418],[141.74268630465625,44.2487865314043],[141.74572280367968,44.62856634707813],[141.566599878875,44.96956595034961],[141.5227766366875,45.18263205142383],[141.59742263278125,45.27972372622852],[141.87533095797656,45.43542440982227],[141.9039564462578,45.40314444156055],[142.13218215426562,45.20967825503711],[142.53904250582812,44.84265097232227],[143.02050307711718,44.46368368716602],[143.50817397555468,44.15576132388477],[143.790232691375,44.02764471621875],[144.0281019540703,43.95092733950977],[144.4865980478203,43.86180838199024],[144.61382583102343,43.84276159854297],[144.7504377695,43.88161429019336],[145.13999465426562,44.17828329654102],[145.34760573825,44.243037782625],[145.34859755953906,44.19799002261524],[145.20989516696093,44.03688772769336],[145.05938247164843,43.78576620669727],[145.14857009371875,43.599498353914065],[145.35955337008593,43.32998999209766],[145.44813064059375,43.169559083894534],[145.19591811617968,43.047015748933596],[144.99468520602343,42.937442384675784],[144.75416091403125,42.86632879825],[144.59018996676562,42.85958441348438],[144.37011245211718,42.949046693757815],[144.16639235934375,42.94222601504688],[144.00284865817187,42.8776927814043],[143.8479261728203,42.77464636416797],[143.50858596285937,42.42098196597461],[143.33037856539843,42.19610556216602],[143.21375564059375,41.92653997989063],[143.03350356539843,41.958228670076174],[142.8423109384453,42.066852174714846],[141.9281263681328,42.50126226992969],[141.72100356539843,42.53934820742969],[141.39690688571093,42.51944311709766],[140.92962172946093,42.25545843692188],[140.86069777926562,42.39004477115039],[140.69352248629687,42.55014380069141],[140.54087356051562,42.53700216861133],[140.4214582773125,42.48542746158008],[140.22344497164843,42.363109193757815],[140.24552443942187,42.22844275088672],[140.76766494235156,42.0050121173418],[141.01946547946093,41.870860658601565],[141.15503982028125,41.74934347720508],[140.9792738290703,41.65285452456836],[140.84342483004687,41.63976248355274],[140.70597365817187,41.69716986270313],[140.58887771090625,41.677711091951174],[140.4428968759453,41.53642996402149],[140.26859572848437,41.32467230410938],[140.1124525400078,41.27311285586719]]]]},"properties":{"name":"Japan","role":"land"}},{"type":"Feature","geometry":{"type":"Polygon","coordinates":[[[91.60775283297656,27.641450487092776],[91.57607558688281,27.57144507022266],[91.594920191375,27.46365126223926],[91.74180892428515,27.331195436433596],[91.88308242282031,27.30026777835254],[91.99893477877734,27.19302710147266],[92.00631240328906,27.066119752839846],[91.90890029391406,26.805301271394534],[91.62820723971484,26.778298936799807],[91.16184524020312,26.750220857576174],[90,26.778745256379885],[90,26.71859510989551],[89.83439162692187,26.685449205354494],[89.40531447848437,26.790891252473635],[89.153758082,26.827533327058596],[88.86752608737109,26.908403001741213],[88.76133254489062,27.129973970369143],[88.80257705172656,27.18099173159961],[89.36553481539843,27.876128755525393],[89.63973525485156,28.118888460115237],[89.86340621432421,28.27251013369922],[90,28.279931627229494],[90,28.0534683093584],[91.15224746188281,28.032367311433596],[91.31903365573046,28.014272294954104],[91.45962050875781,27.919879518464846],[91.60775283297656,27.641450487092776]]]},"properties":{"name":"Bhutan","role":"land"}},{"type":"Feature","geometry":{"type":"Polygon","coordinates":[[[51.28782561740039,24.410777650789065],[51.11975005587695,24.398660264924807],[50.968333277312496,24.436244569734377],[50.96494582614062,24.712745271638674],[50.8961782785332,24.909551225618166],[50.84732345065234,25.265224061921877],[50.93111327609179,25.538573823884768],[51.01538756808398,25.588124834016604],[50.988955530730465,25.67209395022754],[51.06882766207812,25.945460878328127],[51.21702102145312,26.066470704988284],[51.35766509493945,26.028960786775393],[51.388796839324215,25.88726194949512],[51.50592711886523,25.845275484041018],[51.586672815886715,25.60911902041797],[51.53905394991992,25.420184694246096],[51.55285552462695,25.101531587556643],[51.606150660124996,24.987287126497073],[51.55891707858203,24.815652452424807],[51.41200545748828,24.60568579287891],[51.28782561740039,24.410777650789065]]]},"properties":{"name":"Qatar","role":"land"}},{"type":"Feature","geometry":{"type":"Polygon","coordinates":[[[51.11975005587695,24.398660264924807],[51.28782561740039,24.410777650789065],[51.29141524752734,24.281367860750002],[51.45416930636523,24.218226991609377],[51.52285293063281,24.160663209871096],[51.60644057711718,24.202647767976565],[51.58590224703906,24.00322111697559],[51.76457122286914,24.002864442781252],[51.94559768160937,23.945495210603518],[52.25463775118945,23.98748167605762],[52.30104735812304,24.081946931794924],[52.38302901705859,24.10818251223926],[52.48116210421679,24.055703721956057],[52.67164901217578,24.07467993350391],[52.93944076022265,24.0244155749834],[53.040225061980465,24.039960466340823],[53.07570556124804,24.087190233186526],[53.68676284274218,23.98748167605762],[54.0165281625664,24.05045660586719],[54.006297144499996,24.181653581575198],[54.107520136443355,24.10293348880176],[54.27599242648242,24.109820924714846],[54.34709838351367,24.15445288272266],[54.48741439303515,24.344342790559573],[54.59216216525195,24.377328477815432],[54.71205810031054,24.59993704409961],[54.77081969699023,24.73348196597461],[55.09080031832812,25.020036302522463],[55.45719817599414,25.420184694246096],[55.530486139861324,25.372954927400393],[55.633460077849605,25.45317419619922],[56.01545623263476,25.771625123933596],[56.15673354586718,25.96647986026172],[56.2241812082207,25.894107423738284],[56.11254027804492,25.70479353518848],[56.064177546111324,25.57037504763965],[56.06258681735156,25.49111708255176],[56.10691359957812,25.462379060701174],[56.16130736788867,25.473344407991213],[56.36601928195117,25.454724870637698],[56.406260523406246,25.30868872256641],[56.40525725802539,24.91874846072559],[56.18477157076953,24.903623186067385],[56.0040884347832,24.940692506746096],[55.9556150766289,24.76255377383594],[55.988902124968746,24.165641389802737],[55.89931395968554,24.012666307405276],[55.65806106051562,23.74446638675098],[55.65924743136523,23.318858705476565],[55.67000487765429,22.38511999698047],[55.69875243624804,22.302699647859377],[55.63009932955859,22.276885591462893],[55.367381128874996,22.065713487581057],[54.99007323702929,22.114350877717776],[53.466094050017574,22.315116487458987],[51.95289901217578,22.484189592317385],[51.835452112761715,22.89007719607715],[51.58892348727343,23.409576021150393],[51.11975005587695,24.398660264924807]]]},"properties":{"name":"United Arab Emirates","role":"land"}},{"type":"Feature","geometry":{"type":"MultiPolygon","coordinates":[[[[56.16130736788867,25.473344407991213],[56.10691359957812,25.462379060701174],[56.06258681735156,25.49111708255176],[56.064177546111324,25.57037504763965],[56.11254027804492,25.70479353518848],[56.2241812082207,25.894107423738284],[56.15673354586718,25.96647986026172],[56.29730895480273,26.15973051638965],[56.36705306491015,26.23611982913379],[56.40502837618945,25.861381135896487],[56.214846644011715,25.5433421954668],[56.16130736788867,25.473344407991213]]],[[[55.69875243624804,22.302699647859377],[55.67000487765429,22.38511999698047],[55.65924743136523,23.318858705476565],[55.65806106051562,23.74446638675098],[55.89931395968554,24.012666307405276],[55.988902124968746,24.165641389802737],[55.9556150766289,24.76255377383594],[56.0040884347832,24.940692506746096],[56.18477157076953,24.903623186067385],[56.40525725802539,24.91874846072559],[56.40537551364062,24.81950720401172],[56.61079696139453,24.47688253970508],[56.79418853243945,24.26761396975879],[57.14619735201953,23.98247107119922],[57.45101455172656,23.80522307010059],[57.90421584567187,23.57111319156055],[58.080718073455074,23.501605592683596],[58.20529464205859,23.495515428499026],[58.46465590914843,23.508771501497073],[58.62849334200976,23.458295427278323],[59.021636042205074,23.020764909700198],[59.2543211313164,22.7290054187334],[59.46142104586718,22.53886564822559],[59.82569030245898,22.37445219607715],[59.837283167449215,22.279178224519534],[59.5356932016289,21.80205114932422],[59.2588491769707,21.477447114900393],[58.86135390719531,21.11447676272754],[58.80367284535134,21],[55.604535741055486,21],[56.03019240817187,21.237395845369143],[55.96019652804492,21.891305528596682],[55.69875243624804,22.302699647859377]]]]},"properties":{"name":"Oman","role":"land"}},{"type":"Feature","geometry":{"type":"Polygon","coordinates":[[[101.96785262545703,22.533715806916994],[102.18545058688281,22.636575303987307],[102.41698745211718,22.695058427766604],[102.5703611703789,22.689601503328127],[102.83884719332812,22.513383470491213],[102.985056910125,22.469791017488284],[103.24778274020312,22.655440889314455],[103.39727309664843,22.707110963777346],[104.11500075778125,22.730329118684573],[104.47811416110156,22.78323134036426],[104.63144210299609,22.85396345706348],[104.94455245455859,23.103391252473635],[105.17943099459765,23.25078161807422],[105.31343368014453,23.296004854158205],[105.59397414645312,23.037318788484377],[105.94114211520312,22.9314037189043],[106.23813918551562,22.90773542971973],[106.58803084811328,22.928811632112307],[106.694529566375,22.834197603181643],[106.71983626803515,22.662929140046877],[106.5073957773125,22.325194917634768],[106.55055526217578,22.09053763003711],[106.67344191989062,21.92616995425586],[107.09811690768359,21.649287782625002],[107.37752822360156,21.574723802522463],[107.78662398776171,21.526309572175784],[107.87561324557421,21.462068162874026],[107.78977492770312,21.402537904695315],[107.41781142672656,21.185786806062502],[107.46035835921728,21],[102.96373924322154,21],[102.84287551364062,21.249883256868166],[102.69068435153125,21.668059907869143],[102.44640639742968,21.939666353181643],[102.17058852633593,22.198381029084963],[101.96785262545703,22.533715806916994]]]},"properties":{"name":"Vietnam","role":"land"}},{"type":"Feature","geometry":{"type":"Polygon","coordinates":[[[101.96785262545703,22.533715806916994],[102.17058852633593,22.198381029084963],[102.44640639742968,21.939666353181643],[102.69068435153125,21.668059907869143],[102.84287551364062,21.249883256868166],[102.96373924322154,21],[100.54329524678647,21],[100.78777602633593,21.282365404084963],[101.0139875741875,21.442420564607424],[101.09374526461718,21.353993974641604],[101.23848250826953,21.259587846711916],[101.5841551156914,21.223506532625002],[101.7037840219414,21.31944426150684],[101.75289443453906,21.47212751956348],[101.69947341403125,21.70674093814258],[101.59694198092578,21.871224962190432],[101.53504470309375,22.137536607698244],[101.55436233004687,22.2836929187334],[101.66243270358203,22.392257295564455],[101.96785262545703,22.533715806916994]]]},"properties":{"name":"Laos","role":"land"}},{"type":"Feature","geometry":{"type":"Polygon","coordinates":[[[116.75977614840625,49.92989309878711],[116.62704757174609,49.79046591372852],[116.31807998141406,49.247516237214846],[115.76748183688281,48.3657298907793],[115.5963621469414,48.10479696841602],[115.7169676156914,47.728736482576174],[115.74008468112109,47.715858064607424],[115.89381698092578,47.73617895694141],[116.31164840182421,47.913741670564455],[116.65095809420703,47.941531740144534],[116.91010573825,47.949405275300784],[117.05288222750781,47.911197267488284],[117.24689010104296,47.72393377871875],[117.37805465182421,47.69218786807422],[117.91448501071093,48.045734010652346],[118.11149123629687,48.046798311189455],[118.52913192233203,47.95157202334766],[118.77115920504687,47.86196478457813],[119.12989333590625,47.63664969058399],[119.52554610690234,47.19124563784961],[119.79475692233203,46.96586187930469],[119.81624129733203,46.842914186433596],[119.76784041842578,46.745521150544924],[119.58138564547656,46.647403322175784],[119.37266066989062,46.70454367251758],[118.88926986178515,46.70843084903125],[118.69506362399218,46.75270041079883],[118.3110838266289,46.737681947664065],[117.88975051364062,46.638309083894534],[117.64713576754687,46.572269044832034],[117.27308181246875,46.44729574771289],[117.11464980563281,46.36233481021289],[116.89696029147265,46.41938742251758],[116.68805221041796,46.39885672183399],[116.47667220553515,46.30715521426563],[116.31324294528125,46.15751226992969],[116.17289260348437,45.788367830232424],[116.06409743746875,45.69089087100391],[115.90814498385546,45.60610922427539],[115.62134841403125,45.49479254336719],[115.21769240817187,45.434527955964846],[114.93694594821093,45.45883139224414],[114.63913253268359,45.47012671084766],[114.10255721530078,45.060767732576174],[113.76871016940234,44.86583288760547],[113.43374160250781,44.844737611726565],[112.99143508395312,44.842349611238284],[112.72540572604296,44.898780427888674],[112.42466262301562,45.071029268220705],[112.10167983492968,45.14022406192188],[111.95933059176562,45.10721167178516],[111.75372603854296,45.00292166324024],[111.51117232760546,44.7379108295],[111.41460708102343,44.55740316958789],[111.41619399508593,44.40317114444141],[111.5908689828789,44.147140108064455],[111.86062911471484,43.962352357820315],[111.94530013522265,43.86007269473438],[111.88981154879687,43.737796388582034],[111.74306777438281,43.621463380769534],[111.17386153658984,43.49001654239063],[110.87230971774218,43.31515081973438],[110.37227920016406,42.84426458926563],[110.25323775729296,42.76668890567188],[109.37953475436328,42.43508490176563],[109.08668807467578,42.40786322207813],[108.64214614352343,42.44387396426563],[107.96107772311328,42.41453131289844],[107.35880568942187,42.41124304385547],[106.81686690768359,42.254527650789065],[106.44940474948046,42.124408327058596],[106.11816695651171,42.00093039126758],[105.98173049410937,41.955360017732424],[105.33361342867968,41.71493872256641],[105.02496627291796,41.58523520083789],[104.8084211679375,41.57765158267383],[104.61392501315234,41.66619070620899],[104.4998045297539,41.79998358340625],[104.22555068453906,41.83049353213672],[103.92692092379687,41.80325277896289],[103.50889113864062,41.85858877749805],[102.78972915133593,42.05316885562305],[102.33691695651171,42.217227540925784],[101.97018722018359,42.46512945742969],[101.7360105844414,42.54075964541797],[100.97537520846484,42.59429510684375],[100.45111373385546,42.60426291079883],[100.02992537936328,42.61477621646289],[98.742381128875,42.58852728457813],[98.21802047213671,42.59848364444141],[97.8572492929375,42.64779623599414],[97.29847243746875,42.74093588443164],[96.40847304782031,42.74890097232227],[96.20859054049609,42.863257966951174],[95.99814895114062,43.06096228213672],[95.2910642953789,44.03305395694141],[95.24398330172656,44.27702673526172],[94.90885451754687,44.320209108308596],[94.53164199313281,44.4596019610918],[93.79153731783984,44.82220038028125],[93.50710586032031,44.942916475251955],[93.05795577487109,45.04362066836719],[92.75745681246875,45.08071096988086],[92.30939010104296,45.097640596345705],[91.63235000094531,45.106883607820315],[91.15474990328906,45.188216768220705],[90,45.328494630769534],[90,46.01429709048633],[91.06154159030078,46.35141333194141],[91.1582517953789,46.55270727725391],[90,46.84983404727344],[90,47.50257834048633],[90,47.844684205964846],[89.796336207,47.909522615388674],[89.46732619723437,47.98443564029102],[89.19093612155078,48.015452943757815],[88.81551650485156,48.202090822175784],[88.22992232760546,48.53742178531055],[88.06297591647265,48.7319408282793],[87.95492080172656,48.985511384919924],[87.86840346774218,49.232886873201174],[87.93771651705859,49.25282248111133],[88.29726699313281,49.443980775789065],[88.56673720797656,49.53679236026172],[89.19085219821093,49.57278021426563],[89.46210006198046,49.63949926944141],[89.796336207,49.816444002107424],[90,50.12759359927539],[90,50.30670126529102],[91.10167983492968,50.46047552676563],[91.78171065768359,50.67437704654102],[92.15972426852343,50.755286775544924],[92.58859542330859,50.711543642],[93.00797561129687,50.64146002383594],[93.83646682223437,50.58671148867969],[94.21045974215625,50.54928549380664],[94.52293685397265,50.20952566714649],[94.69996932467578,50.026797853425784],[95.01427749117968,49.97603949160938],[95.67062667330859,49.97952231021289],[95.99401381930468,49.942035280183596],[96.37613204440234,49.944068513826174],[96.76998427828906,49.91350134463672],[97.16955855807421,49.7784496173418],[97.42278579196093,49.78633841128711],[97.76233199557421,49.912234865144534],[97.90157607516406,49.98485525699024],[98.23633101901171,50.24239691348438],[98.30989364108203,50.47910650821094],[98.2577391000664,50.57079275699024],[98.079539332,50.70785482974414],[97.8954344125664,51.09500464053516],[97.93963149508593,51.2269359454668],[98.34688857516406,51.604816041902346],[98.91755965670703,52.03695639224414],[99.29542067965625,51.946490846589846],[99.75820449313281,51.902694307283205],[100.22460463961718,51.8193317279375],[101.01121047457812,51.671710573152346],[101.3269758554375,51.56784018130664],[101.77236464938281,51.42517050357227],[102.11743453463671,51.36111029239063],[102.18224624117968,51.26922567935352],[102.18423751315234,51.0256420001543],[102.26568892916796,50.808997713044924],[102.44960311373828,50.60624273867969],[102.63903335055468,50.4561839923418],[103.37787154635546,50.21730764956836],[103.68075850924609,50.16643484683399],[104.79693892916796,50.4085765704668],[105.1551008554375,50.443309389070315],[105.6824217172539,50.42641790957813],[106.322947535125,50.416690431550784],[106.66849807223437,50.313521944001955],[107.26836684664843,49.97579535098438],[107.54907515963671,49.827098451570315],[108.05832198580859,49.68619116397266],[108.42351821383593,49.518477998689455],[109.01690200289843,49.40423163028125],[109.42404464205859,49.2955394610918],[109.86690047701953,49.25878103824024],[110.19990828951953,49.24101599307422],[111.37829116305468,49.31900366397266],[111.61783889254687,49.352862916902346],[112.52449325045703,49.462020479158205],[112.76120284518359,49.53502234073047],[113.03313735446093,49.65389975161914],[113.2346906991875,49.83119162173633],[113.57440474948046,50.05522497744922],[114.098338160125,50.27434881778125],[114.24833205660937,50.275149904207034],[114.52263930758593,50.296275697664065],[114.8555403085625,50.22592505069141],[115.19365981539843,49.998336397126955],[115.34658339938281,49.94032248111133],[115.7336912485039,49.864032350496096],[116.2861814828789,49.99759253116016],[116.56601241549609,50.005626283601565],[116.75977614840625,49.92989309878711]]]},"properties":{"name":"Mongolia","role":"land"}},{"type":"Feature","geometry":{"type":"Polygon","coordinates":[[[127.068047,38.259995],[126.99036696871875,38.25649984927539],[126.84851363619921,38.18577154727344],[126.56361678561328,37.85354574771289],[126.48666712223971,37.78413976324242],[126.42804,37.8211060000001],[126.368042,37.790276],[126.36683750247411,37.687986388578764],[126.33043197116015,37.66143377871875],[126.20971969088671,37.75405081363086],[126.07485170368547,37.74737094687976],[125.91414762853508,37.80634493203153],[125.76779213152307,37.98298444094018],[125.61856691888339,37.77232722048581],[125.33733478737015,37.68153678582816],[125.07696059664843,37.77087362857227],[124.76971724948046,37.935855470613284],[124.69365981539843,38.13954123111133],[124.73619368991015,38.2797809466875],[124.92935470065234,38.46493872256641],[125.14506384031519,38.61806053453313],[125.29374221285937,38.68870123477344],[125.12784554654907,38.80615600636019],[125.29428905295487,39.145259780334655],[125.39759881555155,39.37634162815059],[125.32872564048708,39.51816698875884],[124.92233565768359,39.61860617251758],[124.68842605075,39.60537680240039],[124.54809096774218,39.541339479402346],[124.44284347018359,39.5730052814043],[124.20898726901171,39.738326631501955],[124.13388350924609,39.843143068269534],[124.30433181246875,40.08068045230274],[124.49109939059375,40.27958258242969],[124.72513106783984,40.42769964785938],[125.41501143893359,40.69969900699024],[125.87949660739062,40.945026002839846],[126.16551497897265,41.189437471345705],[126.47417739352343,41.651507936433596],[126.64752486666796,41.710025392488284],[126.84932998141406,41.71752890200977],[126.97237685641406,41.539107881501955],[127.19430068453906,41.42522390933399],[127.42280868014453,41.35615500064258],[127.86146071871875,41.37772711367969],[128.09849074801562,41.44936331363086],[128.07813552340625,41.50039251895313],[127.84928420504687,41.844546876863284],[127.86077407321093,41.99816855044727],[127.98404983004687,42.10763891787891],[128.16028884371875,42.13420446963672],[128.3099623056328,42.07742270083789],[128.51363662203906,42.05294378848438],[128.75553420504687,42.060645662263674],[129.03454116305468,42.17738302798633],[129.46447280367968,42.416610322908205],[129.5681867929375,42.73739584536914],[129.74045852145312,42.89849432559375],[129.85425857028125,42.956790529207034],[129.9656019540703,42.957393251375],[130.22588637789843,42.65130194278125],[130.35991958102343,42.45350607486133],[130.43509963473437,42.27675970645313],[129.82471755465625,41.861365877107424],[129.6412611337578,41.65584906192188],[129.59070876559375,41.46990545840625],[129.82843974469887,41.3958114269488],[129.7595665696344,40.885779823913026],[129.47782424410937,40.682025514558596],[129.17704299410937,40.63022192569141],[129.014842066375,40.52752264590625],[128.79102614840625,40.35433920474414],[128.44658950289843,40.065867982820315],[128.2362318368828,39.96959265323047],[127.93131545504687,39.95622595401172],[127.67152694186328,39.86643560977344],[127.55238631686328,39.76415976138477],[127.44079879244921,39.62365683169727],[127.54414610506075,39.37412331535913],[127.27688888033984,39.2216869220293],[127.4972890295773,39.1368089399763],[127.74502619899877,39.118547488284776],[127.99756117423516,38.866510115376755],[128.3573517710563,38.68389424006355],[128.36355600000013,38.625244],[128.3071900000001,38.588882],[128.313599,38.531937],[128.26961771441506,38.42048735938179],[128.1343658989237,38.337698449618166],[127.95427473895356,38.30937499235842],[127.676086,38.320274],[127.53749100000016,38.307495],[127.366379,38.323326],[127.251389,38.318886],[127.133881,38.29916400000013],[127.068047,38.259995]]]},"properties":{"name":"Korea, Democratic People's Republic of","role":"land"}},{"type":"Feature","geometry":{"type":"Polygon","coordinates":[[[50,37.23353747600738],[50.03871444186328,37.22470434756641],[50.11132338961718,37.097755037263674],[50.25221160372851,36.894786439851565],[50.56095412692187,36.68642767520313],[51.4170408578789,36.455691896394534],[51.79552367648242,36.432349763826174],[51.993052515593746,36.45890387149219],[52.60216430148242,36.576881013826174],[53.139014277068355,36.64352758975391],[53.79965499362109,36.67903860659961],[53.98448852023242,36.78191336245899],[54.06743911227343,36.94152411075],[54.015112909880855,37.34832724185352],[54.21389296969531,37.337100587800784],[54.466582331267574,37.39581259341602],[54.6760855050957,37.53070028872852],[54.95576384982226,37.82522924991016],[55.16967299899218,37.972919069246096],[55.35565856417773,38.03765066714649],[55.62962630709765,38.05191382022266],[55.98069671115039,38.034747682527346],[56.13091186007617,38.04833181949024],[56.363257441130855,38.202498994783205],[56.517310175505855,38.260692201570315],[57.225466761199215,38.18818625064258],[57.40650847872851,37.99171408267383],[57.72487929782031,37.878829561189455],[58.09498885592578,37.728030763582034],[58.44981292208789,37.698165498689455],[58.674895319548824,37.67394217105274],[58.9716062875664,37.59917028994922],[59.240481409636715,37.44784124942188],[60.05139831027148,36.83485373111133],[60.34631255587695,36.60736807437305],[60.65985778292773,36.60276373477344],[61.01400283297656,36.63655813784961],[61.09687713107226,36.54155691714649],[61.1140737863457,36.15988119693164],[61.11867812594531,35.90544470401172],[61.186247858611324,35.59415014834766],[61.221343073455074,35.581615053132815],[61.15630629977343,35.47314413638477],[61.11872771700976,35.3203082904375],[61.00771621188281,34.95730551333789],[60.787024530974605,34.384776674226565],[60.68726256808398,34.25091513247852],[60.41922286471484,34.07801779361133],[60.41223815402148,34.01450689883594],[60.46580794772265,33.716441713289065],[60.50892547091601,33.672252260164065],[60.84135344943164,33.566207490876955],[60.8530874582207,33.48375662417774],[60.555369410124996,33.063094697908205],[60.54009536227343,32.993175111726565],[60.654212030974605,32.50499304385547],[60.72947982272265,31.92770918460254],[60.79381469210742,31.578881822541994],[60.88004973849414,31.48415144534473],[60.97412017306445,31.465636812166018],[61.51323607882617,31.341720186189455],[61.69356826266406,31.266557298616213],[61.75819304904101,31.10186155887012],[61.77916625460742,30.9051528796709],[61.587805780974605,30.65645559878711],[61.20433715304492,30.298715196565432],[60.82045653781054,29.833345018342776],[61.18114760836718,29.346154771760744],[61.50095656832812,28.86539801211719],[61.65926650485156,28.656762681916994],[61.97238448580859,28.480758272126955],[62.486819300261715,28.305913530305666],[62.67098144015429,28.205365739778323],[62.74660018405078,28.03434904666309],[62.79671004733203,27.43137701602344],[62.87982848605273,27.254054628328127],[63.17317107638476,27.230338655427737],[63.25704101046679,27.10381468387012],[63.240542444792965,26.665551744416994],[63.15620330294726,26.550750337556643],[63.06232360324023,26.51845511050586],[62.61229232272265,26.48410566897754],[62.29843429049609,26.36798246951465],[61.94130996188281,26.15635260196094],[61.81273940524218,25.9841323718584],[61.67348006686328,25.627675615266604],[61.65140822848437,25.468776308015627],[61.56996444186328,25.03957136721973],[61.34399321993945,25.026860795930666],[60.85827544650195,25.095714174226565],[60.75223067721484,25.18442877383594],[60.479590448943355,25.29820593448047],[60.29817870577929,25.32323607058887],[59.65458587130664,25.321876131013674],[59.302092585173824,25.34019621463184],[59.03145888766406,25.307866655305666],[58.74442580660937,25.535960756257815],[58.36867812594531,25.54787977786426],[58.10963729342578,25.54732283206348],[57.900454554167965,25.540891252473635],[57.805090937224605,25.64833029361133],[57.464880976287105,25.70479353518848],[57.32798293551562,25.787087999299807],[57.254771265593746,25.793286882356448],[57.24507049044726,26.018462739900393],[57.112402948943355,26.076190553621096],[57.06634047946093,26.30746801944141],[56.93497756442187,26.464543901399416],[56.929087671843746,26.75186689944629],[56.79043105563281,26.97391279788379],[56.68355086764453,26.96835669131641],[56.66781905612109,27.049895845369143],[56.43094924410937,27.106566987947268],[56.06776717623828,27.11216887088184],[55.89973357638476,27.10480459781055],[55.80531981906054,27.005092225984377],[55.65757277926562,26.996945939973635],[55.42489913424609,26.96310766787891],[55.34008696993945,26.79935225100879],[55.09812835177539,26.73744162173633],[54.92553237399218,26.53802641482715],[54.75987533053515,26.41062506289844],[54.6460562082207,26.39131888003711],[54.064944300261715,26.70138319583301],[53.63393691500781,26.74793966861133],[53.380679163542965,26.909589372590823],[52.89083388766406,27.052323900178713],[52.77987197360156,27.187848649934573],[52.63377669772265,27.314601503328127],[52.41038802584765,27.580957017854494],[51.961550745574215,27.776948533967776],[51.611304316130855,27.82704123111133],[51.350134882537105,28.0361343249834],[51.08225921115039,28.512019716218752],[50.796755823699215,29.01329382510547],[50.702456507292965,29.133781038240237],[50.704722437468746,29.40060766787891],[50.359839472380855,29.74293478579883],[50.1323728891289,30.06642874331836],[50,30.045871446208025],[50,37.23353747600738]]]},"properties":{"name":"Iran","role":"land"}},{"type":"Feature","geometry":{"type":"Polygon","coordinates":[[[60.82045653781054,29.833345018342776],[61.20433715304492,30.298715196565432],[61.587805780974605,30.65645559878711],[61.77916625460742,30.9051528796709],[61.75819304904101,31.10186155887012],[61.69356826266406,31.266557298616213],[61.51323607882617,31.341720186189455],[60.97412017306445,31.465636812166018],[60.88004973849414,31.48415144534473],[60.79381469210742,31.578881822541994],[60.72947982272265,31.92770918460254],[60.654212030974605,32.50499304385547],[60.54009536227343,32.993175111726565],[60.555369410124996,33.063094697908205],[60.8530874582207,33.48375662417774],[60.84135344943164,33.566207490876955],[60.50892547091601,33.672252260164065],[60.46580794772265,33.716441713289065],[60.41223815402148,34.01450689883594],[60.41922286471484,34.07801779361133],[60.68726256808398,34.25091513247852],[60.787024530974605,34.384776674226565],[61.00771621188281,34.95730551333789],[61.11872771700976,35.3203082904375],[61.15630629977343,35.47314413638477],[61.221343073455074,35.581615053132815],[61.30818084200976,35.53123053164844],[61.72973159274218,35.44456060977344],[62.17949584445117,35.28810843081836],[62.43746093234179,35.25139578433399],[62.67759231051562,35.265460573152346],[62.96358016451953,35.40060766787891],[63.06273177584765,35.49018820376758],[63.06297973116992,35.70006521792774],[63.11659530123828,35.78940924258594],[63.372283014861324,35.86080511660938],[64.26583388766406,36.1711383685625],[64.49449447116015,36.28057058902149],[64.540720972625,36.338092409089846],[64.6321287485039,36.78401907534961],[64.82598403414843,37.14788397403125],[65.33691695651171,37.23984106631641],[65.52440932711718,37.33000906558399],[65.72472670992968,37.490279756501955],[65.97912887057421,37.35799749942188],[66.6765852304375,37.24093206973438],[66.9677000375664,37.236190401033205],[67.51531508883593,37.213782869294924],[67.6217527719414,37.15708502383594],[67.79717544039843,36.916209779695315],[67.8555403085625,36.85289343448047],[67.96541884860156,36.83441885562305],[68.18420699557421,36.899276338533205],[68.44501021823046,37.0534740314043],[68.70652297457812,37.18221624942188],[68.85298446139453,37.18304022403125],[69.13641646823046,37.076419435457034],[69.30783370455859,37.08373221011524],[69.40218642672656,37.14154013247852],[69.53726485690234,37.28231009097461],[69.53382399996875,37.42233236880664],[69.56701186617968,37.50527533145313],[69.69838241061328,37.531470857576174],[69.96237472018359,37.462909303621096],[70.02215102633593,37.45688208194141],[70.22142318209765,37.52801474185352],[70.31502822360156,37.630389772371096],[70.31235793551562,37.744971834138674],[70.33407882174609,37.93609579654102],[70.52996352633593,38.12868841739063],[70.59022048434375,38.29198034854297],[70.71880629977343,38.364886842683596],[70.8914289804375,38.37221487613086],[70.9606199594414,38.34712942691211],[71.2197981210625,38.14477499575977],[71.14935592135546,37.87588080020313],[71.36744216403125,37.91801794619922],[71.44410994967578,37.83401449771289],[71.3865232797539,37.370399080232424],[71.30323317965625,37.17035635562305],[71.46695235690234,36.75213583560352],[71.52447036227343,36.714278779939455],[71.68982222994921,36.70247610659961],[71.84756759127734,36.7160716876543],[72.18286422213671,36.938758455232424],[72.4481687875664,36.96757849307422],[72.71422103366015,37.18614538760547],[73.04716018160937,37.32828863711719],[73.3519773813164,37.34173544497852],[73.4412336679375,37.307227693513674],[73.38334182223437,37.22826346011524],[73.44465926608203,37.201942048982424],[73.88264754733203,37.26831015200977],[74.13705733737109,37.370399080232424],[74.25550368746875,37.30219992251758],[74.4785642953789,37.27799566836719],[74.73327163180468,37.20940359683399],[74.64683059176562,37.14403494449024],[74.38844588717578,37.17035635562305],[74.39273360690234,37.04928930850391],[74.49906447848437,37.044025026277346],[74.52053359469531,37.004581056550784],[74.45376876315234,36.94058569522266],[74.29262832125781,36.938758455232424],[74.08755019625781,36.80492361636524],[73.93819716891406,36.80718954654102],[73.78628066500781,36.72689016909961],[73.49485305270312,36.79139669986133],[72.88985732516406,36.786136232332034],[72.37272170504687,36.717723451570315],[72.13431838473437,36.586165986970705],[71.76033309420703,36.32309301944141],[71.64950850924609,36.3336139545],[71.32484725436328,36.05156668277149],[71.32899764498828,35.90752752871875],[71.51419356783984,35.7855296954668],[71.51839736422656,35.634044252351565],[71.62324813326953,35.55721624942188],[71.56948379000781,35.33958777041797],[71.65887740573046,35.12511023135547],[71.51278975924609,34.93367727847461],[71.27683547457812,34.773692689851565],[71.09665969332812,34.62038763614063],[71.0383787485039,34.49313315005664],[71.13860610446093,34.27792318911914],[71.15353682955859,34.138385377839846],[71.02349379977343,34.02341803164844],[70.79246047457812,33.92692907901172],[70.47825149020312,33.94420202823047],[70.02968123873828,33.998797975496096],[69.86998275241015,33.94076880069141],[70.02721694430468,33.78934057803516],[70.19142440280078,33.6062084064043],[70.24929336032031,33.479598604158205],[70.28924087008593,33.28308065982227],[70.1991453500664,33.168330751375],[70.05731490573046,33.11674841494922],[69.82672408541796,33.10275229068164],[69.63955977877734,33.050914369539065],[69.50792220553515,32.94862326236133],[69.407420191375,32.75763662906055],[69.27774337252734,32.38241537661914],[69.21534255465625,31.836165986970705],[69.20640853366015,31.798038087800784],[69.05334762057421,31.625777803376955],[68.94655898532031,31.587081514314455],[68.49619582614062,31.755920015291018],[68.24271682223437,31.76717909427051],[67.9917707773125,31.6578384265459],[67.82870772799609,31.53630217166309],[67.68370345553515,31.224425874666018],[67.5698957773125,31.18569143863086],[67.33748153170703,31.222463212922854],[67.04813674410937,31.239852510408205],[66.92075637301562,31.207393251375002],[66.65230086764453,31.009072862581057],[66.46658614596484,30.842952333406252],[66.38170913180468,30.690103136018557],[66.27732375582812,30.2959056720293],[66.23276809176562,29.88932951541309],[66.2015867563164,29.80660780520801],[66.09057143649218,29.736140809968752],[65.61050704440234,29.612763963655276],[65.07828048190234,29.52718123050098],[64.64487746676562,29.448518358186526],[64.08925918063281,29.3945327624834],[63.63710311373828,29.4554458484209],[63.479983362761715,29.45455130191211],[62.94639495333789,29.356259904817385],[62.612090143767574,29.36703260989551],[62.36863997897265,29.384700380281252],[61.98402694186328,29.490441881135744],[61.50305083712695,29.601979814485354],[61.2195425363457,29.68925818057422],[60.82045653781054,29.833345018342776]]]},"properties":{"name":"Afghanistan","role":"land"}},{"type":"Feature","geometry":{"type":"Polygon","coordinates":[[[101.0139875741875,21.442420564607424],[100.78777602633593,21.282365404084963],[100.54329524678647,21],[92.12630158103221,21],[92.23697188815234,21.149966798738284],[92.59760573825,21.387023530916018],[92.50995162448046,22.110425554231448],[92.77779677828906,22.04213484378223],[92.892283472625,21.97929724307422],[93.00463393649218,22.037112794832034],[93.12766555270312,22.202924333528323],[93.13464644869921,22.507768236116213],[93.06589797457812,22.926452241853518],[93.1684065195,23.009591661409182],[93.34874251803515,23.074142061189455],[93.43508437594531,23.23337896914844],[93.36920455416796,23.950511537507815],[93.42865279635546,24.07785376162891],[93.79378035983203,23.93392141909961],[93.96919539889453,23.884151063875002],[94.10823348483203,23.878606401399416],[94.18484786471484,23.93619879336719],[94.701365503875,24.948735795930666],[94.70160201510546,25.09475477786426],[94.61484816989062,25.27835615725879],[94.63519576510546,25.37369307132129],[95.05756667575,25.883988939241213],[95.11836532076953,26.055722795442385],[95.09292891940234,26.398360811189455],[95.18182662448046,26.557555757478518],[95.8326902719414,26.95484884829883],[96.15614608248828,27.185210786775393],[96.29668715914843,27.243146501497073],[96.54760268649218,27.20649679751758],[96.93149093112109,27.107160173372073],[97.06418899020312,27.13331564517383],[96.98157790621875,27.456534944490237],[97.01381972750781,27.583655916169924],[97.28191665133593,27.845408998445315],[97.33239272555468,27.953584276155276],[97.34041884860156,28.18211515994434],[97.34068587741015,28.23923262210254],[97.47846511325,28.392329774812502],[97.60302260836718,28.41209562869434],[97.82999709567187,28.28646048159961],[98.00866225680468,28.090755067781252],[98.11807540377734,27.68520125003223],[98.21602157076953,27.546138368562502],[98.34509566744921,27.527837358430666],[98.57173446139453,27.54182966800098],[98.63722518405078,27.478742204622073],[98.72535994967578,26.736657701448244],[98.73374465426562,26.34318121524219],[98.57541182955859,25.955068193391604],[98.38228896578906,25.63022192569141],[98.10718062838671,25.393762193635744],[97.88796523532031,25.27188452334766],[97.80182174166796,25.18251761050586],[97.52405074557421,24.799996934846682],[97.55812362155078,24.59066542239551],[97.63116744479296,24.273633562043948],[97.53085616549609,24.01274450869922],[97.53059676608203,23.89210470767383],[97.62800887545703,23.860911928132815],[97.76786330660937,23.89982946963672],[98.13675216158984,24.098785005525393],[98.48349288424609,24.138892732576174],[98.69875625094531,24.146489702180666],[98.76916030367968,24.08975752444629],[98.8939695688164,23.296832643464846],[98.98499587496875,23.151317201570315],[99.23398879489062,23.184506975129885],[99.46892837008593,23.14143332095508],[99.4835691781914,23.0208755359209],[99.15594008883593,22.307843767122073],[99.20855239352343,22.14940794558887],[99.31092360934375,22.105556093171877],[99.53885940035937,22.10688742251758],[99.75549605807421,22.12718351931934],[99.88666823825,21.956513963655276],[100.0402098031914,21.62087782473926],[100.20995620211718,21.5012222156084],[100.32079604586718,21.463782869294924],[100.61217025241015,21.535323701814455],[100.89465621432421,21.721107088044924],[100.94498733004687,21.549958787874026],[101.0139875741875,21.442420564607424]]]},"properties":{"name":"Burma","role":"land"}},{"type":"Feature","geometry":{"type":"MultiPolygon","coordinates":[[[[50.968333277312496,24.436244569734377],[51.11975005587695,24.398660264924807],[51.58892348727343,23.409576021150393],[51.835452112761715,22.89007719607715],[51.95289901217578,22.484189592317385],[53.466094050017574,22.315116487458987],[54.99007323702929,22.114350877717776],[55.367381128874996,22.065713487581057],[55.63009932955859,22.276885591462893],[55.69875243624804,22.302699647859377],[55.96019652804492,21.891305528596682],[56.03019240817187,21.237395845369143],[55.604535741055486,21],[50,21],[50,25.853674147710795],[50.14689162692187,25.535644136384768],[50.214324030486324,25.588124834016604],[50.38191894015429,25.461173616365237],[50.429209742156246,25.18402250857715],[50.61889556368945,24.870853029207034],[50.606543573943355,24.68021734805469],[50.77828124484179,24.470929704622073],[50.90739348849414,24.433082185701174],[50.968333277312496,24.436244569734377]]],[[[50,26.86328988951478],[50.1217642160332,26.737586580232424],[50.09017470797656,26.61149176211719],[50,26.598122950361436],[50,26.86328988951478]]],[[[50,26.40373379371499],[50.07624724825976,26.311841569856448],[50,26.07026194359139],[50,26.40373379371499]]]]},"properties":{"name":"Saudi Arabia","role":"land"}},{"type":"Feature","geometry":{"type":"Polygon","coordinates":[[[88.19726088961718,27.87575491519336],[88.21383956393359,27.865617357209963],[88.07058242282031,27.523368440583987],[88.03892806491015,27.1290298327959],[88.23191359957812,26.757009111360354],[88.09216597994921,26.444518648103518],[87.94073775729296,26.46684416385059],[87.63218978366015,26.407317720369143],[87.51009658297656,26.444518648103518],[87.349314722625,26.38499792666797],[87.16964248141406,26.437078081086916],[87.0493879648125,26.600764833406252],[86.7765379281914,26.46684416385059],[86.39541915377734,26.63052710147266],[86.07120803317187,26.697492204622073],[85.90053847750781,26.59332426638965],[85.75989058932421,26.704934678987307],[85.77540114840625,26.85373457522754],[85.63416579684375,26.883494935945315],[85.37141707858203,26.757009111360354],[85.09327987155078,26.876056276277346],[84.96470931491015,27.00254400821094],[84.66636184176562,27.069509111360354],[84.71129897555468,27.270391069368166],[84.64774611910937,27.374557100251955],[84.35837081393359,27.404315553621096],[84.13611129244921,27.53824385257129],[83.87434676608203,27.382001481965823],[83.65725234469531,27.50103911013965],[83.43074325045703,27.50103911013965],[83.39164260348437,27.404315553621096],[83.32403853854296,27.374557100251955],[83.18719771823046,27.46384008975391],[82.81183150729296,27.53824385257129],[82.72996047457812,27.716809831575198],[82.48791030367968,27.68705328555469],[82.02530959567187,27.954904161409182],[81.92122939547656,27.8805003985918],[81.3623762460625,28.185552202180666],[81.22500899752734,28.423640809968752],[80.90857985934375,28.4906020984209],[80.60916427096484,28.70636709781055],[80.39947799166796,28.669168077424807],[80.11586287936328,28.840295396760744],[80.09826949557421,28.951900087312502],[80.19650557955859,29.14534720034961],[80.33550551852343,29.323911272004885],[80.31736281832812,29.502481065706057],[80.41650680026171,29.621524415925784],[80.41290572604296,29.785207353547854],[80.53981307467578,29.837293230012698],[81.02130416354296,30.246511064485354],[81.12931350192187,30.05306204409961],[81.2639875741875,30.03074225039844],[81.38832381686328,30.17210539431934],[81.448679957,30.40275152774219],[81.57261184176562,30.372994981721682],[81.65574935397265,30.454833589509768],[82.14168075045703,30.36555441470508],[82.20093825778125,30.090262971833987],[82.59117415866015,29.97121962161426],[82.91757491549609,29.703366838411135],[83.12975600680468,29.606641374543948],[83.19741347750781,29.666164003328127],[83.40201095065234,29.539681993440432],[83.69781020602343,29.182548128083987],[83.76889327487109,29.25694616885547],[84.08839705905078,29.309030137971682],[84.21853927096484,29.234632097200198],[84.29831222018359,29.06350477786426],[84.26696303805468,28.937020860627932],[84.92027572116015,28.535241685823244],[85.06985000094531,28.646850191072268],[85.21659377535937,28.639407716707034],[85.13804915866015,28.46083792300586],[85.14416793307421,28.341794572786135],[85.56481460055468,28.312036119416994],[85.72918990573046,28.341794572786135],[85.97204879244921,28.11858519168262],[86.03566268405078,27.910255037263674],[86.14223769625781,27.954904161409182],[86.13785079440234,28.11858519168262],[86.44574264010546,27.947461687043948],[86.56804946383593,27.984662614778323],[86.60393813571093,28.133468233064455],[86.78721145114062,28.133468233064455],[87.07065871676562,28.006982408479494],[87.21436599215625,27.843293748811526],[87.5965071054375,27.873056016877932],[87.74962142428515,27.820973955110354],[87.90232375582812,27.947461687043948],[88.19726088961718,27.87575491519336]]]},"properties":{"name":"Nepal","role":"land"}},{"type":"Feature","geometry":{"type":"MultiPolygon","coordinates":[[[[61.56996444186328,25.03957136721973],[61.65140822848437,25.468776308015627],[61.67348006686328,25.627675615266604],[61.81273940524218,25.9841323718584],[61.94130996188281,26.15635260196094],[62.29843429049609,26.36798246951465],[62.61229232272265,26.48410566897754],[63.06232360324023,26.51845511050586],[63.15620330294726,26.550750337556643],[63.240542444792965,26.665551744416994],[63.25704101046679,27.10381468387012],[63.17317107638476,27.230338655427737],[62.87982848605273,27.254054628328127],[62.79671004733203,27.43137701602344],[62.74660018405078,28.03434904666309],[62.67098144015429,28.205365739778323],[62.486819300261715,28.305913530305666],[61.97238448580859,28.480758272126955],[61.65926650485156,28.656762681916994],[61.50095656832812,28.86539801211719],[61.18114760836718,29.346154771760744],[60.82045653781054,29.833345018342776],[61.2195425363457,29.68925818057422],[61.50305083712695,29.601979814485354],[61.98402694186328,29.490441881135744],[62.36863997897265,29.384700380281252],[62.612090143767574,29.36703260989551],[62.94639495333789,29.356259904817385],[63.479983362761715,29.45455130191211],[63.63710311373828,29.4554458484209],[64.08925918063281,29.3945327624834],[64.64487746676562,29.448518358186526],[65.07828048190234,29.52718123050098],[65.61050704440234,29.612763963655276],[66.09057143649218,29.736140809968752],[66.2015867563164,29.80660780520801],[66.23276809176562,29.88932951541309],[66.27732375582812,30.2959056720293],[66.38170913180468,30.690103136018557],[66.46658614596484,30.842952333406252],[66.65230086764453,31.009072862581057],[66.92075637301562,31.207393251375002],[67.04813674410937,31.239852510408205],[67.33748153170703,31.222463212922854],[67.5698957773125,31.18569143863086],[67.68370345553515,31.224425874666018],[67.82870772799609,31.53630217166309],[67.9917707773125,31.6578384265459],[68.24271682223437,31.76717909427051],[68.49619582614062,31.755920015291018],[68.94655898532031,31.587081514314455],[69.05334762057421,31.625777803376955],[69.20640853366015,31.798038087800784],[69.21534255465625,31.836165986970705],[69.27774337252734,32.38241537661914],[69.407420191375,32.75763662906055],[69.50792220553515,32.94862326236133],[69.63955977877734,33.050914369539065],[69.82672408541796,33.10275229068164],[70.05731490573046,33.11674841494922],[70.1991453500664,33.168330751375],[70.28924087008593,33.28308065982227],[70.24929336032031,33.479598604158205],[70.19142440280078,33.6062084064043],[70.02721694430468,33.78934057803516],[69.86998275241015,33.94076880069141],[70.02968123873828,33.998797975496096],[70.47825149020312,33.94420202823047],[70.79246047457812,33.92692907901172],[71.02349379977343,34.02341803164844],[71.15353682955859,34.138385377839846],[71.13860610446093,34.27792318911914],[71.0383787485039,34.49313315005664],[71.09665969332812,34.62038763614063],[71.27683547457812,34.773692689851565],[71.51278975924609,34.93367727847461],[71.65887740573046,35.12511023135547],[71.56948379000781,35.33958777041797],[71.62324813326953,35.55721624942188],[71.51839736422656,35.634044252351565],[71.51419356783984,35.7855296954668],[71.32899764498828,35.90752752871875],[71.32484725436328,36.05156668277149],[71.64950850924609,36.3336139545],[71.76033309420703,36.32309301944141],[72.13431838473437,36.586165986970705],[72.37272170504687,36.717723451570315],[72.88985732516406,36.786136232332034],[73.49485305270312,36.79139669986133],[73.78628066500781,36.72689016909961],[73.93819716891406,36.80718954654102],[74.08755019625781,36.80492361636524],[73.79606435395588,36.26407222797173],[74.42892279087346,35.94764300951294],[74.0597553693382,35.78942840028354],[74.2179699785676,35.15656996336596],[74.04361828283035,34.68366288104338],[73.95901015719531,34.65859945865039],[73.78785232028125,34.3833080157793],[73.82828811129687,34.308902345613284],[73.97976211032031,34.308902345613284],[74.00055221041796,34.16753729434375],[73.90973189791796,34.10057791324024],[73.95493606051562,34.01129110904102],[74.22410109957812,34.01872976870899],[74.22317031344531,33.86248358340625],[74.05018142184375,33.81784018130664],[73.98794845065234,33.631839357332034],[74.16263869723437,33.52767141909961],[74.11049178561328,33.311900697664065],[74.01391890963671,33.252383790925784],[74.05373671969531,33.14077719302539],[74.32687667330859,33.00685080142383],[74.32528975924609,32.767379365876955],[74.6775617929375,32.76876410098438],[74.65996840914843,32.57531698794727],[74.74466994723437,32.46371420474414],[75.06043532809375,32.486033998445315],[75.36138442477343,32.316279970125],[75.36656478366015,32.221114717439455],[75.27630904635546,32.10636480899219],[75.04944137057421,32.016219697908205],[74.76049331149218,31.92800673098926],[74.5281248422539,31.8164077624834],[74.542429957,31.651568971589846],[74.62667373141406,31.481593690828127],[74.52009871920703,31.042111955598635],[73.83987716158984,30.365550600007815],[73.95731643160937,30.19441946597461],[73.79587081393359,30.06793364138965],[73.52152541598437,30.008096300081057],[73.36312392672656,29.79770239444141],[73.13401320895312,29.250440202668948],[72.91933730563281,29.003978334382815],[72.38216689547656,28.780770860627932],[72.30265334567187,28.617164216951174],[72.17764571627734,28.400582872346682],[71.9242430063164,28.12602385135059],[71.88997176608203,27.95489653201465],[71.57028487643359,27.83837278933887],[71.24001601657031,27.84328993411426],[70.83761886080859,27.701928697541994],[70.67491439303515,27.744340501741213],[70.6034422250664,27.977218233064455],[70.51043227633593,28.03673704715137],[70.32867721041796,27.999541841462893],[70.08770278414843,27.791207872346682],[70.02317336520312,27.590322099641604],[69.58228591403125,27.18854483218555],[69.46309951266406,26.82303389163379],[69.51548293551562,26.651887498811526],[69.75894454440234,26.57844503970508],[69.98595717867968,26.54029806704883],[70.17682174166796,26.53379973025684],[70.12540725192187,26.22360762210254],[70.0562010141289,25.89300688357715],[70.24176314791796,25.70792730899219],[70.3903074594414,25.663287721589846],[70.63199904879687,25.70792730899219],[70.68247512301562,25.509259782747073],[70.77940658053515,25.281207643464846],[71.07409957369921,24.681169115022463],[70.96929458102343,24.614205919221682],[71.07779220065234,24.405879579500002],[70.93518355807421,24.376115404084963],[70.86742690524218,24.264508806184573],[70.62012008151171,24.227311693147463],[70.55507949313281,24.37807997317676],[70.47249892672656,24.405879579500002],[70.12162307223437,24.309152208284182],[70.03158858737109,24.160350404695315],[69.70073989352343,24.20499189944629],[69.5977049203789,24.271951280549807],[69.22183516940234,24.281446062043948],[68.84617904147265,24.28561934085254],[68.72971633395312,24.309152208284182],[68.73662856539843,23.98178442569141],[68.34683516940234,23.974343858674807],[68.21361068209765,23.78019293399219],[68.04699996432421,23.764070115999026],[67.69232467135546,23.81415518374805],[67.48602584323046,23.92806013675098],[67.31589034518359,24.092885576204104],[67.20423415621875,24.588166795686526],[67.15359786471484,24.65159185977344],[66.99953750094531,24.714782319978518],[66.70171645602343,24.75227888675098],[66.65421584567187,24.783935152009768],[66.64811233004687,24.90462454409961],[66.70050338229296,25.114379487947268],[66.62050918063281,25.31748541446094],[66.43233016451953,25.488610826448244],[66.30008986910937,25.494687639192385],[65.76880172213671,25.309339128450198],[65.21567061862109,25.270059190706057],[64.85119155367968,25.20576437564258],[64.4249754281914,25.17311628909473],[64.23826125582812,25.210826478914065],[64.12006667575,25.312226854280276],[64.05922225436328,25.40103491397266],[63.650332483855465,25.336646638826174],[63.40352538546679,25.164601884797854],[63.01806167086718,25.157439790681643],[62.44957259616015,25.1625991687334],[62.13830092867968,25.104774080232424],[61.81326583346484,25.05325659366016],[61.56996444186328,25.03957136721973]]],[[[92.50995162448046,22.110425554231448],[92.59760573825,21.387023530916018],[92.23697188815234,21.149966798738284],[92.12630158103221,21],[91.94604781588671,21.362578950837893],[91.84590438326953,21.908670030549807],[91.57107070407031,22.543313585237307],[91.41017440280078,22.720834337190432],[91.08137801608203,22.561330400422854],[90.73717346435909,22.009803718574947],[90.35263157024916,21.86606025107508],[90.11157545752351,21.83409755819119],[90,22.134809099153323],[90,21.930253587678713],[89.90268996676562,22.107825838044924],[89.86968520602343,22.13322790713672],[89.796336207,21.832069002107424],[89.67017653903125,21.719838701204104],[89.57895186862109,21.70058210940723],[89.4566145273125,21.94171293826465],[89.23388198336718,21.65538176150684],[89.07225326022265,21.77433928103809],[89.00561812838671,22.013837419465823],[88.82471755465625,22.812898240999026],[88.67818740328906,23.44705542178516],[88.52015212496875,23.649343095735354],[88.50229934176562,23.763539873079104],[88.72954848727343,24.107759080842776],[88.74261764010546,24.228484712556643],[88.65543654879687,24.323218904451174],[88.18670180758593,24.51734884829883],[88.03428176364062,24.66251715274219],[88.280711207,24.93698652835254],[88.46103194674609,25.071363054231448],[88.85833266696093,25.17523344607715],[88.87958053073046,25.245194993928713],[88.82313826998828,25.295663438752932],[88.27240279635546,25.717847429231448],[88.05002883395312,25.824487291291994],[88.01253035983203,25.894107423738284],[88.06852248629687,26.021392427400393],[88.31817916354296,26.257730089143557],[88.42344191989062,26.33451994510059],[88.98709395846484,26.198098741487307],[89.1394529672539,26.07835730166797],[89.30673507174609,25.958705507234377],[89.52707198580859,25.98537977786426],[89.71444991549609,25.961059175447268],[89.7726316781914,25.815379701570315],[89.83188155612109,25.276105485872073],[89.87472823580859,25.231910310701174],[90,25.186317048982424],[91.02613357028125,25.187776170686526],[92.1385984750664,25.09897383304004],[92.18869307955859,25.054828248933596],[92.2140379281914,24.997834764436526],[92.2088117929375,24.64224012942676],[92.13728621920703,24.489438615754885],[91.7148924203789,24.144107423738284],[91.49085524996875,24.08566626162891],[91.19761184176562,23.925222001985354],[91.13882735690234,23.797889314607424],[91.1431150766289,23.391519151643557],[91.24684432467578,23.265128694490237],[91.35910323580859,23.145131669954104],[91.59738448580859,22.943322740510744],[91.69781020602343,23.102651201204104],[91.87523177584765,23.62437018008594],[92.0020017953789,23.675895296052737],[92.18227675875781,23.695989213899416],[92.21104720553515,23.43581350894336],[92.49318984469531,22.31987913699512],[92.50995162448046,22.110425554231448]]]]},"properties":{"name":"Pakistan","role":"land"}},{"type":"Feature","geometry":{"type":"Polygon","coordinates":[[[88.80257705172656,27.18099173159961],[88.76133254489062,27.129973970369143],[88.86752608737109,26.908403001741213],[89.153758082,26.827533327058596],[89.40531447848437,26.790891252473635],[89.83439162692187,26.685449205354494],[90,26.71859510989551],[90,26.778745256379885],[91.16184524020312,26.750220857576174],[91.62820723971484,26.778298936799807],[91.90890029391406,26.805301271394534],[92.00631240328906,27.066119752839846],[91.99893477877734,27.19302710147266],[91.88308242282031,27.30026777835254],[91.74180892428515,27.331195436433596],[91.594920191375,27.46365126223926],[91.57607558688281,27.57144507022266],[91.60775283297656,27.641450487092776],[91.69296554049609,27.68637617679004],[92.0460691781914,27.70109709353809],[92.36727431735156,27.798141084626955],[92.54606154879687,27.919770799592776],[93.05136397799609,28.417733751252932],[93.2955808969414,28.58414038272266],[93.66897109469531,28.70051535220508],[94.16620162448046,29.027028642610354],[94.41172316989062,29.16170462222461],[94.57171157321093,29.200709901765627],[94.70051864108203,29.125276170686526],[95.13930800875781,28.981837831453127],[95.30896285494921,29.001842103914065],[95.92862990817187,29.37979658694629],[96.13341811617968,29.203286729768557],[96.45532515963671,28.881480775789065],[96.47584060153125,28.710242830232424],[96.31656936129687,28.50626143069629],[96.2545652719414,28.385312639192385],[96.30007461032031,28.36019667239551],[96.4351072641289,28.3355785235918],[96.73091414889453,28.299193941072268],[97.0596418710625,28.21858748050098],[97.34041884860156,28.18211515994434],[97.33239272555468,27.953584276155276],[97.28191665133593,27.845408998445315],[97.01381972750781,27.583655916169924],[96.98157790621875,27.456534944490237],[97.06418899020312,27.13331564517383],[96.93149093112109,27.107160173372073],[96.54760268649218,27.20649679751758],[96.29668715914843,27.243146501497073],[96.15614608248828,27.185210786775393],[95.8326902719414,26.95484884829883],[95.18182662448046,26.557555757478518],[95.09292891940234,26.398360811189455],[95.11836532076953,26.055722795442385],[95.05756667575,25.883988939241213],[94.63519576510546,25.37369307132129],[94.61484816989062,25.27835615725879],[94.70160201510546,25.09475477786426],[94.701365503875,24.948735795930666],[94.18484786471484,23.93619879336719],[94.10823348483203,23.878606401399416],[93.96919539889453,23.884151063875002],[93.79378035983203,23.93392141909961],[93.42865279635546,24.07785376162891],[93.36920455416796,23.950511537507815],[93.43508437594531,23.23337896914844],[93.34874251803515,23.074142061189455],[93.1684065195,23.009591661409182],[93.06589797457812,22.926452241853518],[93.13464644869921,22.507768236116213],[93.12766555270312,22.202924333528323],[93.00463393649218,22.037112794832034],[92.892283472625,21.97929724307422],[92.77779677828906,22.04213484378223],[92.50995162448046,22.110425554231448],[92.49318984469531,22.31987913699512],[92.21104720553515,23.43581350894336],[92.18227675875781,23.695989213899416],[92.0020017953789,23.675895296052737],[91.87523177584765,23.62437018008594],[91.69781020602343,23.102651201204104],[91.59738448580859,22.943322740510744],[91.35910323580859,23.145131669954104],[91.24684432467578,23.265128694490237],[91.1431150766289,23.391519151643557],[91.13882735690234,23.797889314607424],[91.19761184176562,23.925222001985354],[91.49085524996875,24.08566626162891],[91.7148924203789,24.144107423738284],[92.13728621920703,24.489438615754885],[92.2088117929375,24.64224012942676],[92.2140379281914,24.997834764436526],[92.18869307955859,25.054828248933596],[92.1385984750664,25.09897383304004],[91.02613357028125,25.187776170686526],[90,25.186317048982424],[89.87472823580859,25.231910310701174],[89.83188155612109,25.276105485872073],[89.7726316781914,25.815379701570315],[89.71444991549609,25.961059175447268],[89.52707198580859,25.98537977786426],[89.30673507174609,25.958705507234377],[89.1394529672539,26.07835730166797],[88.98709395846484,26.198098741487307],[88.42344191989062,26.33451994510059],[88.31817916354296,26.257730089143557],[88.06852248629687,26.021392427400393],[88.01253035983203,25.894107423738284],[88.05002883395312,25.824487291291994],[88.27240279635546,25.717847429231448],[88.82313826998828,25.295663438752932],[88.87958053073046,25.245194993928713],[88.85833266696093,25.17523344607715],[88.46103194674609,25.071363054231448],[88.280711207,24.93698652835254],[88.03428176364062,24.66251715274219],[88.18670180758593,24.51734884829883],[88.65543654879687,24.323218904451174],[88.74261764010546,24.228484712556643],[88.72954848727343,24.107759080842776],[88.50229934176562,23.763539873079104],[88.52015212496875,23.649343095735354],[88.67818740328906,23.44705542178516],[88.82471755465625,22.812898240999026],[89.00561812838671,22.013837419465823],[89.07225326022265,21.77433928103809],[88.99476912936328,21.62947615237598],[89.02553847750781,21.546960435823244],[88.88093856295703,21.51488646121387],[88.7234602304375,21.53995283694629],[88.65697768649218,21.857440553621096],[88.56759932955859,21.89536627383594],[88.45388320407031,21.73631437869434],[88.37705520114062,21.577336870149416],[88.29957107028125,21.551770769075198],[88.24792769869921,21.596122346833987],[88.12160781344531,21.86265143008594],[88.05304244479296,21.93874128909473],[87.86748794039843,21.696960054353518],[87.64071944674609,21.563081346467776],[87.19423964938281,21.384255968049807],[86.93719771823046,21.288428865388674],[86.81869796237109,21.186534486726565],[86.7961912485039,21.13566931338672],[86.82121403703009,21],[72.89222889455249,21],[72.76573470553515,21.150355897859377],[72.71466353854296,21.436120592073244],[72.6659422250664,21.848943315461916],[72.69562056979296,22.128535829500002],[72.31904891451953,22.11503180117969],[72.2329817148125,22.01955183596973],[72.12713912448046,21.8287425860918],[72.13103774508593,21.746179185823244],[72.25569442233203,21.632083497957034],[72.28899672946093,21.549569688752932],[72.25619796237109,21.352563463166994],[72.12086013278125,21.155339799836916],[71.9085370693141,21],[70.1570449091356,21],[69.75222304782031,21.398070894197268],[69.12606337985156,21.9685073718584],[68.89417556246875,22.285655580476565],[69.0142317148125,22.30496748538379],[69.49224379977343,22.248809419587893],[69.76916793307421,22.287507615999026],[69.96852401217578,22.351457200959963],[70.17620376071093,22.478955827668948],[70.41056350192187,22.752622209504885],[70.38064864596484,22.860560975984377],[70.31022170504687,22.828643403962893],[70.0459471078789,22.777261339143557],[69.66488936862109,22.789163194612307],[69.39181807955859,22.83940466494922],[69.10719588717578,22.898904405549807],[68.88241103610156,22.997148118928713],[68.79081252535937,23.028724275544924],[68.37294295748828,23.326415620759768],[68.07217696627734,23.675187669709963],[68.04699996432421,23.764070115999026],[68.21361068209765,23.78019293399219],[68.34683516940234,23.974343858674807],[68.73662856539843,23.98178442569141],[68.72971633395312,24.309152208284182],[68.84617904147265,24.28561934085254],[69.22183516940234,24.281446062043948],[69.5977049203789,24.271951280549807],[69.70073989352343,24.20499189944629],[70.03158858737109,24.160350404695315],[70.12162307223437,24.309152208284182],[70.47249892672656,24.405879579500002],[70.55507949313281,24.37807997317676],[70.62012008151171,24.227311693147463],[70.86742690524218,24.264508806184573],[70.93518355807421,24.376115404084963],[71.07779220065234,24.405879579500002],[70.96929458102343,24.614205919221682],[71.07409957369921,24.681169115022463],[70.77940658053515,25.281207643464846],[70.68247512301562,25.509259782747073],[70.63199904879687,25.70792730899219],[70.3903074594414,25.663287721589846],[70.24176314791796,25.70792730899219],[70.0562010141289,25.89300688357715],[70.12540725192187,26.22360762210254],[70.17682174166796,26.53379973025684],[69.98595717867968,26.54029806704883],[69.75894454440234,26.57844503970508],[69.51548293551562,26.651887498811526],[69.46309951266406,26.82303389163379],[69.58228591403125,27.18854483218555],[70.02317336520312,27.590322099641604],[70.08770278414843,27.791207872346682],[70.32867721041796,27.999541841462893],[70.51043227633593,28.03673704715137],[70.6034422250664,27.977218233064455],[70.67491439303515,27.744340501741213],[70.83761886080859,27.701928697541994],[71.24001601657031,27.84328993411426],[71.57028487643359,27.83837278933887],[71.88997176608203,27.95489653201465],[71.9242430063164,28.12602385135059],[72.17764571627734,28.400582872346682],[72.30265334567187,28.617164216951174],[72.38216689547656,28.780770860627932],[72.91933730563281,29.003978334382815],[73.13401320895312,29.250440202668948],[73.36312392672656,29.79770239444141],[73.52152541598437,30.008096300081057],[73.79587081393359,30.06793364138965],[73.95731643160937,30.19441946597461],[73.83987716158984,30.365550600007815],[74.52009871920703,31.042111955598635],[74.62667373141406,31.481593690828127],[74.542429957,31.651568971589846],[74.5281248422539,31.8164077624834],[74.76049331149218,31.92800673098926],[75.04944137057421,32.016219697908205],[75.27630904635546,32.10636480899219],[75.36656478366015,32.221114717439455],[75.36138442477343,32.316279970125],[75.06043532809375,32.486033998445315],[74.74466994723437,32.46371420474414],[74.65996840914843,32.57531698794727],[74.6775617929375,32.76876410098438],[74.32528975924609,32.767379365876955],[74.32687667330859,33.00685080142383],[74.05373671969531,33.14077719302539],[74.01391890963671,33.252383790925784],[74.11049178561328,33.311900697664065],[74.16263869723437,33.52767141909961],[73.98794845065234,33.631839357332034],[74.05018142184375,33.81784018130664],[74.22317031344531,33.86248358340625],[74.22410109957812,34.01872976870899],[73.95493606051562,34.01129110904102],[73.90973189791796,34.10057791324024],[74.00055221041796,34.16753729434375],[73.97976211032031,34.308902345613284],[73.82828811129687,34.308902345613284],[73.78785232028125,34.3833080157793],[73.95901015719531,34.65859945865039],[74.04361828283035,34.68366288104338],[74.2179699785676,35.15656996336596],[74.0597553693382,35.78942840028354],[74.42892279087346,35.94764300951294],[73.79606435395588,36.26407222797173],[74.08755019625781,36.80492361636524],[74.29262832125781,36.938758455232424],[74.45376876315234,36.94058569522266],[74.52053359469531,37.004581056550784],[74.66170791110156,36.94174536319141],[74.70906356295703,36.89139135928516],[74.83580306491015,36.98612555117969],[74.96863082369921,36.96506842227344],[75.21800521334765,36.91244467349414],[75.21973708590625,36.707198701814455],[75.34684279879687,36.76508291812305],[75.62776473483203,36.76897390933399],[75.79564956149218,36.62358816714649],[75.89146712741015,36.512496553376955],[75.8946028085625,36.2869945392168],[75.75437453707812,36.05480154605274],[75.88974288424609,36.023238740876955],[76.0923338266289,35.79842337222461],[76.326365503875,35.886485658601565],[76.4339094491875,35.886485658601565],[76.48086074313281,35.79707296939258],[76.56105330905078,35.75654562564258],[76.81541732272265,35.560428224519534],[77.41709426364062,35.513377748445315],[77.55409530123828,35.46328695865039],[77.62022689303515,35.406436525300784],[77.84622481783984,35.47484167666797],[77.84622481783984,35.24300345034961],[78.14430526217578,34.5474925860918],[78.5086164804375,34.497813783601565],[78.70733931979296,34.31565435977344],[78.80669692477343,34.19973715396289],[78.65765670260546,34.100379548982424],[78.57485488375781,34.017581544832034],[78.60797408541796,33.75262411685352],[78.62453750094531,33.50422628970508],[78.75701430758593,33.40486868472461],[79.07998183688281,33.36180456729297],[79.12105849703906,33.3267894610918],[79.14090255221484,33.244945131257815],[79.44696334323046,33.20030554385547],[79.40037826022265,33.01429709048633],[79.56532576998828,32.70180853457813],[79.30527022799609,32.53811987491016],[79.13616469821093,32.41163595767383],[78.97054580172656,32.38931616397266],[78.81878951510546,32.50836142154102],[78.80396560153125,32.67204626651172],[78.45068648776171,32.5827594623125],[78.52110579928515,32.2702709064043],[78.78180221041796,32.002418123201174],[78.73491958102343,31.80152853579883],[78.85763076266406,31.637843690828127],[78.76067641696093,31.54111822696094],[78.80533126315234,31.347673021272463],[78.89426711520312,31.31791266055469],[79.10879043063281,31.45927771182422],[79.28126052340625,31.347673021272463],[79.6285887094414,30.968219362214846],[79.79214004000781,31.020301423982424],[80.27717879733203,30.759891115144534],[80.22518447360156,30.596202455476565],[80.56510451754687,30.484597764924807],[80.63441756686328,30.514360032991213],[81.02130416354296,30.246511064485354],[80.53981307467578,29.837293230012698],[80.41290572604296,29.785207353547854],[80.41650680026171,29.621524415925784],[80.31736281832812,29.502481065706057],[80.33550551852343,29.323911272004885],[80.19650557955859,29.14534720034961],[80.09826949557421,28.951900087312502],[80.11586287936328,28.840295396760744],[80.39947799166796,28.669168077424807],[80.60916427096484,28.70636709781055],[80.90857985934375,28.4906020984209],[81.22500899752734,28.423640809968752],[81.3623762460625,28.185552202180666],[81.92122939547656,27.8805003985918],[82.02530959567187,27.954904161409182],[82.48791030367968,27.68705328555469],[82.72996047457812,27.716809831575198],[82.81183150729296,27.53824385257129],[83.18719771823046,27.46384008975391],[83.32403853854296,27.374557100251955],[83.39164260348437,27.404315553621096],[83.43074325045703,27.50103911013965],[83.65725234469531,27.50103911013965],[83.87434676608203,27.382001481965823],[84.13611129244921,27.53824385257129],[84.35837081393359,27.404315553621096],[84.64774611910937,27.374557100251955],[84.71129897555468,27.270391069368166],[84.66636184176562,27.069509111360354],[84.96470931491015,27.00254400821094],[85.09327987155078,26.876056276277346],[85.37141707858203,26.757009111360354],[85.63416579684375,26.883494935945315],[85.77540114840625,26.85373457522754],[85.75989058932421,26.704934678987307],[85.90053847750781,26.59332426638965],[86.07120803317187,26.697492204622073],[86.39541915377734,26.63052710147266],[86.7765379281914,26.46684416385059],[87.0493879648125,26.600764833406252],[87.16964248141406,26.437078081086916],[87.349314722625,26.38499792666797],[87.51009658297656,26.444518648103518],[87.63218978366015,26.407317720369143],[87.94073775729296,26.46684416385059],[88.09216597994921,26.444518648103518],[88.23191359957812,26.757009111360354],[88.03892806491015,27.1290298327959],[88.07058242282031,27.523368440583987],[88.21383956393359,27.865617357209963],[88.19726088961718,27.87575491519336],[88.35230544528125,27.93377836795215],[88.56406691989062,27.979426942781252],[88.66831496676562,27.948281846956057],[88.73070052584765,27.86612280459766],[88.7072019906914,27.478784166291994],[88.80257705172656,27.18099173159961]]]},"properties":{"name":"India","role":"land"}},{"type":"Feature","geometry":{"type":"Polygon","coordinates":[[[91.60775283297656,27.641450487092776],[91.45962050875781,27.919879518464846],[91.31903365573046,28.014272294954104],[91.15224746188281,28.032367311433596],[90,28.0534683093584],[90,28.279931627229494],[89.86340621432421,28.27251013369922],[89.63973525485156,28.118888460115237],[89.36553481539843,27.876128755525393],[88.80257705172656,27.18099173159961],[88.7072019906914,27.478784166291994],[88.73070052584765,27.86612280459766],[88.66831496676562,27.948281846956057],[88.56406691989062,27.979426942781252],[88.35230544528125,27.93377836795215],[88.19726088961718,27.87575491519336],[87.90232375582812,27.947461687043948],[87.74962142428515,27.820973955110354],[87.5965071054375,27.873056016877932],[87.21436599215625,27.843293748811526],[87.07065871676562,28.006982408479494],[86.78721145114062,28.133468233064455],[86.60393813571093,28.133468233064455],[86.56804946383593,27.984662614778323],[86.44574264010546,27.947461687043948],[86.13785079440234,28.11858519168262],[86.14223769625781,27.954904161409182],[86.03566268405078,27.910255037263674],[85.97204879244921,28.11858519168262],[85.72918990573046,28.341794572786135],[85.56481460055468,28.312036119416994],[85.14416793307421,28.341794572786135],[85.13804915866015,28.46083792300586],[85.21659377535937,28.639407716707034],[85.06985000094531,28.646850191072268],[84.92027572116015,28.535241685823244],[84.26696303805468,28.937020860627932],[84.29831222018359,29.06350477786426],[84.21853927096484,29.234632097200198],[84.08839705905078,29.309030137971682],[83.76889327487109,29.25694616885547],[83.69781020602343,29.182548128083987],[83.40201095065234,29.539681993440432],[83.19741347750781,29.666164003328127],[83.12975600680468,29.606641374543948],[82.91757491549609,29.703366838411135],[82.59117415866015,29.97121962161426],[82.20093825778125,30.090262971833987],[82.14168075045703,30.36555441470508],[81.65574935397265,30.454833589509768],[81.57261184176562,30.372994981721682],[81.448679957,30.40275152774219],[81.38832381686328,30.17210539431934],[81.2639875741875,30.03074225039844],[81.12931350192187,30.05306204409961],[81.02130416354296,30.246511064485354],[80.63441756686328,30.514360032991213],[80.56510451754687,30.484597764924807],[80.22518447360156,30.596202455476565],[80.27717879733203,30.759891115144534],[79.79214004000781,31.020301423982424],[79.6285887094414,30.968219362214846],[79.28126052340625,31.347673021272463],[79.10879043063281,31.45927771182422],[78.89426711520312,31.31791266055469],[78.80533126315234,31.347673021272463],[78.76067641696093,31.54111822696094],[78.85763076266406,31.637843690828127],[78.73491958102343,31.80152853579883],[78.78180221041796,32.002418123201174],[78.52110579928515,32.2702709064043],[78.45068648776171,32.5827594623125],[78.80396560153125,32.67204626651172],[78.81878951510546,32.50836142154102],[78.97054580172656,32.38931616397266],[79.13616469821093,32.41163595767383],[79.30527022799609,32.53811987491016],[79.56532576998828,32.70180853457813],[79.40037826022265,33.01429709048633],[79.44696334323046,33.20030554385547],[79.14090255221484,33.244945131257815],[79.12105849703906,33.3267894610918],[79.07998183688281,33.36180456729297],[78.75701430758593,33.40486868472461],[78.62453750094531,33.50422628970508],[78.60797408541796,33.75262411685352],[78.57485488375781,34.017581544832034],[78.65765670260546,34.100379548982424],[78.80669692477343,34.19973715396289],[79.83720520687247,34.50647205116811],[80.4470681468025,35.424481512339725],[81.69217848547466,35.257227884756894],[82.58687285875473,35.749077741967945],[83.15919498239413,35.38076645509092],[83.52125736060081,35.39716188179652],[83.5526618461774,35.33633998592126],[83.894185626823,35.36835722268628],[83.89026006612593,35.413160025655664],[84.08653810097974,35.40356152035473],[84.09831478307095,35.355551851087746],[84.4790941706873,35.49629917158538],[84.45554080650486,35.55380669735774],[85.04830047176331,35.75475821716659],[85.29040653530996,35.76100463964198],[86.14060583413259,35.85601504893767],[86.24796657894365,36.158577147950666],[88.52206235539614,36.50017951780404],[89.51380204996416,36.17842987579359],[89.68372078291482,36.08609160656327],[89.43943192100569,36.02650676287062],[89.42109990978267,35.88901667869797],[89.79690613985457,35.834020645028914],[89.8152381510776,35.476546426180036],[89.53109197712078,35.37572036445343],[89.59525401640136,34.91742008387794],[89.8335701623006,34.89908807265492],[89.8244041566891,34.193305640568674],[89.71605093348751,34.0416264542208],[90.41952531096003,33.2414243498458],[92.95203306986112,32.69623170730459],[95.27570320469631,32.424812714209594],[95.52630879884,31.735647330314432],[97.70344489796338,32.55011551128145],[98.92514716941389,31.09347049532121],[98.95472929198131,28.960549849683318],[98.62619093383994,28.960549849683318],[98.70688456566413,28.188196516508874],[98.4071653617457,28.10173905384009],[98.29188874485398,28.37840293438019],[98.18237595880686,28.35534761100185],[98.25154192894189,28.23430716326556],[98.00866225680468,28.090755067781252],[97.82999709567187,28.28646048159961],[97.60302260836718,28.41209562869434],[97.47846511325,28.392329774812502],[97.34068587741015,28.23923262210254],[97.34041884860156,28.18211515994434],[97.0596418710625,28.21858748050098],[96.73091414889453,28.299193941072268],[96.4351072641289,28.3355785235918],[96.30007461032031,28.36019667239551],[96.2545652719414,28.385312639192385],[96.31656936129687,28.50626143069629],[96.47584060153125,28.710242830232424],[96.45532515963671,28.881480775789065],[96.13341811617968,29.203286729768557],[95.92862990817187,29.37979658694629],[95.30896285494921,29.001842103914065],[95.13930800875781,28.981837831453127],[94.70051864108203,29.125276170686526],[94.57171157321093,29.200709901765627],[94.41172316989062,29.16170462222461],[94.16620162448046,29.027028642610354],[93.66897109469531,28.70051535220508],[93.2955808969414,28.58414038272266],[93.05136397799609,28.417733751252932],[92.54606154879687,27.919770799592776],[92.36727431735156,27.798141084626955],[92.0460691781914,27.70109709353809],[91.69296554049609,27.68637617679004],[91.60775283297656,27.641450487092776]]]},"properties":{"name":"Tibet","role":"land"}},{"type":"Feature","geometry":{"type":"Polygon","coordinates":[[[107.87561324557421,21.462068162874026],[107.78662398776171,21.526309572175784],[107.37752822360156,21.574723802522463],[107.09811690768359,21.649287782625002],[106.67344191989062,21.92616995425586],[106.55055526217578,22.09053763003711],[106.5073957773125,22.325194917634768],[106.71983626803515,22.662929140046877],[106.694529566375,22.834197603181643],[106.58803084811328,22.928811632112307],[106.23813918551562,22.90773542971973],[105.94114211520312,22.9314037189043],[105.59397414645312,23.037318788484377],[105.31343368014453,23.296004854158205],[105.17943099459765,23.25078161807422],[104.94455245455859,23.103391252473635],[104.63144210299609,22.85396345706348],[104.47811416110156,22.78323134036426],[104.11500075778125,22.730329118684573],[103.39727309664843,22.707110963777346],[103.24778274020312,22.655440889314455],[102.985056910125,22.469791017488284],[102.83884719332812,22.513383470491213],[102.5703611703789,22.689601503328127],[102.41698745211718,22.695058427766604],[102.18545058688281,22.636575303987307],[101.96785262545703,22.533715806916994],[101.66243270358203,22.392257295564455],[101.55436233004687,22.2836929187334],[101.53504470309375,22.137536607698244],[101.59694198092578,21.871224962190432],[101.69947341403125,21.70674093814258],[101.75289443453906,21.47212751956348],[101.7037840219414,21.31944426150684],[101.5841551156914,21.223506532625002],[101.23848250826953,21.259587846711916],[101.09374526461718,21.353993974641604],[101.0139875741875,21.442420564607424],[100.94498733004687,21.549958787874026],[100.89465621432421,21.721107088044924],[100.61217025241015,21.535323701814455],[100.32079604586718,21.463782869294924],[100.20995620211718,21.5012222156084],[100.0402098031914,21.62087782473926],[99.88666823825,21.956513963655276],[99.75549605807421,22.12718351931934],[99.53885940035937,22.10688742251758],[99.31092360934375,22.105556093171877],[99.20855239352343,22.14940794558887],[99.15594008883593,22.307843767122073],[99.4835691781914,23.0208755359209],[99.46892837008593,23.14143332095508],[99.23398879489062,23.184506975129885],[98.98499587496875,23.151317201570315],[98.8939695688164,23.296832643464846],[98.76916030367968,24.08975752444629],[98.69875625094531,24.146489702180666],[98.48349288424609,24.138892732576174],[98.13675216158984,24.098785005525393],[97.76786330660937,23.89982946963672],[97.62800887545703,23.860911928132815],[97.53059676608203,23.89210470767383],[97.53085616549609,24.01274450869922],[97.63116744479296,24.273633562043948],[97.55812362155078,24.59066542239551],[97.52405074557421,24.799996934846682],[97.80182174166796,25.18251761050586],[97.88796523532031,25.27188452334766],[98.10718062838671,25.393762193635744],[98.38228896578906,25.63022192569141],[98.57541182955859,25.955068193391604],[98.73374465426562,26.34318121524219],[98.72535994967578,26.736657701448244],[98.63722518405078,27.478742204622073],[98.57173446139453,27.54182966800098],[98.34509566744921,27.527837358430666],[98.21602157076953,27.546138368562502],[98.11807540377734,27.68520125003223],[98.00866225680468,28.090755067781252],[98.25154192894189,28.23430716326556],[98.18237595880686,28.35534761100185],[98.29188874485398,28.37840293438019],[98.4071653617457,28.10173905384009],[98.70688456566413,28.188196516508874],[98.62619093383994,28.960549849683318],[98.95472929198131,28.960549849683318],[98.92514716941389,31.09347049532121],[97.70344489796338,32.55011551128145],[95.52630879884,31.735647330314432],[95.27570320469631,32.424812714209594],[92.95203306986112,32.69623170730459],[90.41952531096003,33.2414243498458],[89.71605093348751,34.0416264542208],[89.8244041566891,34.193305640568674],[89.8335701623006,34.89908807265492],[89.59525401640136,34.91742008387794],[89.53109197712078,35.37572036445343],[89.8152381510776,35.476546426180036],[89.79690613985457,35.834020645028914],[89.42109990978267,35.88901667869797],[89.43943192100569,36.02650676287062],[89.68372078291482,36.08609160656327],[89.51380204996416,36.17842987579359],[88.52206235539614,36.50017951780404],[86.24796657894365,36.158577147950666],[86.14060583413259,35.85601504893767],[85.29040653530996,35.76100463964198],[85.04830047176331,35.75475821716659],[84.45554080650486,35.55380669735774],[84.4790941706873,35.49629917158538],[84.09831478307095,35.355551851087746],[84.08653810097974,35.40356152035473],[83.89026006612593,35.413160025655664],[83.894185626823,35.36835722268628],[83.5526618461774,35.33633998592126],[83.52125736060081,35.39716188179652],[83.15919498239413,35.38076645509092],[82.58687285875473,35.749077741967945],[81.69217848547466,35.257227884756894],[80.4470681468025,35.424481512339725],[79.83720520687247,34.50647205116811],[78.80669692477343,34.19973715396289],[78.70733931979296,34.31565435977344],[78.5086164804375,34.497813783601565],[78.14430526217578,34.5474925860918],[77.84622481783984,35.24300345034961],[77.84622481783984,35.47484167666797],[77.62022689303515,35.406436525300784],[77.55409530123828,35.46328695865039],[77.41709426364062,35.513377748445315],[76.81541732272265,35.560428224519534],[76.56105330905078,35.75654562564258],[76.48086074313281,35.79707296939258],[76.4339094491875,35.886485658601565],[76.326365503875,35.886485658601565],[76.0923338266289,35.79842337222461],[75.88974288424609,36.023238740876955],[75.75437453707812,36.05480154605274],[75.8946028085625,36.2869945392168],[75.89146712741015,36.512496553376955],[75.79564956149218,36.62358816714649],[75.62776473483203,36.76897390933399],[75.34684279879687,36.76508291812305],[75.21973708590625,36.707198701814455],[75.21800521334765,36.91244467349414],[74.96863082369921,36.96506842227344],[74.83580306491015,36.98612555117969],[74.70906356295703,36.89139135928516],[74.66170791110156,36.94174536319141],[74.52053359469531,37.004581056550784],[74.49906447848437,37.044025026277346],[74.39273360690234,37.04928930850391],[74.38844588717578,37.17035635562305],[74.64683059176562,37.14403494449024],[74.73327163180468,37.20940359683399],[74.89278701266406,37.27037771792774],[74.92869094332812,37.382327638582034],[75.01015761813281,37.465518556550784],[74.92007735690234,37.53887899966602],[74.98836806735156,37.70091971011524],[74.87815383395312,37.80742605777149],[74.93470290621875,37.99982412906055],[74.91275313815234,38.054950319246096],[74.84434035739062,38.060218416169924],[74.83175948580859,38.17083700747852],[74.83551314791796,38.29854544253711],[74.70292190035937,38.520709596589846],[74.57975295504687,38.59007986636524],[74.26817611178515,38.60747107119922],[74.16916945895312,38.63442572207813],[74.066599878875,38.56176718325977],[73.85831740817187,38.541507326082034],[73.71202376803515,38.718734346345705],[73.67699721774218,38.85573538394336],[73.77017501315234,38.95586737246875],[73.75992873629687,39.42010458560352],[73.8270750375664,39.78373297305469],[73.88494399508593,39.87966116519336],[74.00865462741015,39.963199220613284],[74.64844802340625,40.27984579654102],[75.42999556979296,40.6102367267168],[75.59170058688281,40.62392386050586],[75.61860946139453,40.59209021182422],[75.70093062838671,40.336776338533205],[75.85559371432421,40.31206091494922],[76.08359816989062,40.37723883242969],[76.481638941375,40.43697317691211],[76.60212996920703,40.54634817691211],[76.81067183932421,40.89929159732227],[77.02039626559375,41.11162146182422],[77.12774184664843,41.12502249331836],[77.68919661959765,41.01930197329883],[77.8960676523125,41.026839815095705],[78.11065200289843,41.07281073184375],[78.40125564059375,41.22801550479297],[78.68826583346484,41.543319307283205],[78.87063125094531,41.67883261294727],[79.0710935922539,41.743976198152346],[79.67309096774218,41.90105017276172],[80.10927871188281,41.99955328555469],[80.25599196871875,42.08367117495899],[80.27875045260546,42.154300294832034],[80.20231154879687,42.628402315095705],[80.21090224703906,42.80807837100391],[80.35506728610156,42.988544069246096],[80.67250350436328,43.23421820254688],[80.77205947360156,43.382457338289065],[80.71861556491015,43.5941234454668],[80.58789351901171,43.792586885408205],[80.43285659274218,44.07457312198047],[80.41951278170703,44.68553503604297],[80.20167830905078,44.74871405215625],[80.03676131686328,44.72207602115039],[79.93243697604296,44.8051830157793],[79.96291640719531,44.90189703555469],[80.0599851938164,45.03777273745899],[80.23662856539843,45.12263449283008],[81.04586318453906,45.236793123201174],[81.69031051119921,45.35655935855274],[81.91517165621875,45.273807130769534],[82.42505935153125,45.16678198428516],[82.60192397555468,45.20002707095508],[82.70616439303515,45.26516302676563],[82.77654555758593,45.375362001375],[82.71966842135546,45.504283510164065],[82.4398908945,45.735477052644534],[82.50125411471484,45.92336996646289],[82.62998488864062,46.19588430972461],[82.82747939547656,46.55318411441211],[83.05951980075,47.066669069246096],[83.25171187838671,47.29487570376758],[83.74472335299609,47.180675111726565],[84.06906417330859,47.11751516909961],[84.33619216403125,47.05407675357227],[84.96707442721484,47.01854284854297],[85.29040816744921,47.04623755069141],[85.47764876803515,47.092662416414065],[85.67801192721484,47.26895102115039],[85.74855330905078,47.44462164492969],[85.65256789645312,47.76246603579883],[85.60924819430468,48.1003375873125],[85.76193526705859,48.36144980044727],[85.9544172616875,48.486182771638674],[86.49448684176562,48.52814444156055],[86.6243391366875,48.554881654695315],[86.76208785494921,48.653323732332034],[86.78273299655078,48.99230536075],[86.90806106051562,49.110362611726565],[87.15221694430468,49.17686804385547],[87.50229934176562,49.19830282779102],[87.75841811617968,49.19966848941211],[87.86840346774218,49.232886873201174],[87.95492080172656,48.985511384919924],[88.06297591647265,48.7319408282793],[88.22992232760546,48.53742178531055],[88.81551650485156,48.202090822175784],[89.19093612155078,48.015452943757815],[89.46732619723437,47.98443564029102],[89.796336207,47.909522615388674],[90,47.844684205964846],[90,47.50257834048633],[90,46.84983404727344],[91.1582517953789,46.55270727725391],[91.06154159030078,46.35141333194141],[90,46.01429709048633],[90,45.328494630769534],[91.15474990328906,45.188216768220705],[91.63235000094531,45.106883607820315],[92.30939010104296,45.097640596345705],[92.75745681246875,45.08071096988086],[93.05795577487109,45.04362066836719],[93.50710586032031,44.942916475251955],[93.79153731783984,44.82220038028125],[94.53164199313281,44.4596019610918],[94.90885451754687,44.320209108308596],[95.24398330172656,44.27702673526172],[95.2910642953789,44.03305395694141],[95.99814895114062,43.06096228213672],[96.20859054049609,42.863257966951174],[96.40847304782031,42.74890097232227],[97.29847243746875,42.74093588443164],[97.8572492929375,42.64779623599414],[98.21802047213671,42.59848364444141],[98.742381128875,42.58852728457813],[100.02992537936328,42.61477621646289],[100.45111373385546,42.60426291079883],[100.97537520846484,42.59429510684375],[101.7360105844414,42.54075964541797],[101.97018722018359,42.46512945742969],[102.33691695651171,42.217227540925784],[102.78972915133593,42.05316885562305],[103.50889113864062,41.85858877749805],[103.92692092379687,41.80325277896289],[104.22555068453906,41.83049353213672],[104.4998045297539,41.79998358340625],[104.61392501315234,41.66619070620899],[104.8084211679375,41.57765158267383],[105.02496627291796,41.58523520083789],[105.33361342867968,41.71493872256641],[105.98173049410937,41.955360017732424],[106.11816695651171,42.00093039126758],[106.44940474948046,42.124408327058596],[106.81686690768359,42.254527650789065],[107.35880568942187,42.41124304385547],[107.96107772311328,42.41453131289844],[108.64214614352343,42.44387396426563],[109.08668807467578,42.40786322207813],[109.37953475436328,42.43508490176563],[110.25323775729296,42.76668890567188],[110.37227920016406,42.84426458926563],[110.87230971774218,43.31515081973438],[111.17386153658984,43.49001654239063],[111.74306777438281,43.621463380769534],[111.88981154879687,43.737796388582034],[111.94530013522265,43.86007269473438],[111.86062911471484,43.962352357820315],[111.5908689828789,44.147140108064455],[111.41619399508593,44.40317114444141],[111.41460708102343,44.55740316958789],[111.51117232760546,44.7379108295],[111.75372603854296,45.00292166324024],[111.95933059176562,45.10721167178516],[112.10167983492968,45.14022406192188],[112.42466262301562,45.071029268220705],[112.72540572604296,44.898780427888674],[112.99143508395312,44.842349611238284],[113.43374160250781,44.844737611726565],[113.76871016940234,44.86583288760547],[114.10255721530078,45.060767732576174],[114.63913253268359,45.47012671084766],[114.93694594821093,45.45883139224414],[115.21769240817187,45.434527955964846],[115.62134841403125,45.49479254336719],[115.90814498385546,45.60610922427539],[116.06409743746875,45.69089087100391],[116.17289260348437,45.788367830232424],[116.31324294528125,46.15751226992969],[116.47667220553515,46.30715521426563],[116.68805221041796,46.39885672183399],[116.89696029147265,46.41938742251758],[117.11464980563281,46.36233481021289],[117.27308181246875,46.44729574771289],[117.64713576754687,46.572269044832034],[117.88975051364062,46.638309083894534],[118.3110838266289,46.737681947664065],[118.69506362399218,46.75270041079883],[118.88926986178515,46.70843084903125],[119.37266066989062,46.70454367251758],[119.58138564547656,46.647403322175784],[119.76784041842578,46.745521150544924],[119.81624129733203,46.842914186433596],[119.79475692233203,46.96586187930469],[119.52554610690234,47.19124563784961],[119.12989333590625,47.63664969058399],[118.77115920504687,47.86196478457813],[118.52913192233203,47.95157202334766],[118.11149123629687,48.046798311189455],[117.91448501071093,48.045734010652346],[117.37805465182421,47.69218786807422],[117.24689010104296,47.72393377871875],[117.05288222750781,47.911197267488284],[116.91010573825,47.949405275300784],[116.65095809420703,47.941531740144534],[116.31164840182421,47.913741670564455],[115.89381698092578,47.73617895694141],[115.74008468112109,47.715858064607424],[115.7169676156914,47.728736482576174],[115.5963621469414,48.10479696841602],[115.76748183688281,48.3657298907793],[116.31807998141406,49.247516237214846],[116.62704757174609,49.79046591372852],[116.75977614840625,49.92989309878711],[116.984080347625,49.844562135652346],[117.4905271860039,49.58627661319141],[117.64499190768359,49.593623720125],[117.84202102145312,49.633800111726565],[118.94031051119921,49.972457490876955],[119.29120162448046,50.124984346345705],[119.34646132907031,50.23013266177539],[119.32166579684375,50.36770971866016],[119.16393569430468,50.524356447175784],[119.13661483248828,50.589854799226565],[119.18234542330859,50.70172079654102],[119.37221053561328,50.893287263826174],[119.55948165377734,51.13756521792774],[119.85977462252734,51.488074861482424],[120.1289778085625,51.73335989566211],[120.74595168551562,52.00712927432422],[120.8210935922539,52.36420401187305],[120.77311233004687,52.47634466739063],[120.56357100924609,52.61416205020313],[120.31287673434375,52.62606009097461],[119.94269088229296,52.59101828189258],[119.99654677828906,52.703815065339846],[120.16528609713671,52.83050116153125],[120.70224288424609,53.184520326570315],[120.91705611666796,53.258617006257815],[121.18775466403125,53.31972845645313],[122.02236464938281,53.38383825869922],[122.39868453463671,53.43892630191211],[122.93982985934375,53.488231264070315],[123.3526106210625,53.510299287751955],[123.86939528903125,53.413447938875],[124.33600142916796,53.197024904207034],[124.64319899996875,53.11245688052539],[125.26661208590625,53.16876181216602],[125.50918105563281,53.15678747744922],[125.85267165621875,52.946544252351565],[126.18638900241015,52.518146120027346],[126.6756086679375,51.445148073152346],[127.09900954684375,50.73064383120899],[127.51589492282031,49.874385438875],[127.71199325045703,49.69929464908008],[127.9400129648125,49.609195314363284],[128.50118545016406,49.45574530215625],[129.1865949960625,49.34206732364063],[130.3835707040703,48.964210115388674],[130.47582534274218,48.89962347598438],[130.60941604098437,48.51002462954883],[130.80735305270312,47.932880006746096],[130.92454055270312,47.73228796573047],[131.52279189547656,47.754962526277346],[132.268748316375,47.77841147036914],[132.54046157321093,47.87721975894336],[132.96940139254687,48.01586111636524],[133.58025649508593,48.15548285098438],[134.11167434176562,48.24926718325977],[134.51783278903125,48.26444586367969],[134.62839797457812,48.213050447419924],[134.709666285125,47.92129858584766],[134.71737197360156,47.69420584292774],[134.46244338473437,47.51123007388477],[134.16527846774218,47.3346019610918],[134.03441909274218,47.01644095034961],[133.90897658785937,46.61442907901172],[133.66674331149218,46.13465841861133],[133.3848371835625,45.64880331607227],[133.23665908297656,45.45442923159961],[132.98899367770312,45.143565736726565],[132.7776136728203,44.98773916812305],[132.5313978525078,45.03152807803516],[132.22617629489062,45.13298758120899],[131.91782668551562,45.24093206973438],[131.73954299410937,45.25929983706836],[130.99053481539843,44.817428194001955],[130.96923354586718,44.566768251375],[131.118357691375,44.163028322175784],[131.14673903903125,43.867957673982424],[131.14396193942187,43.59208258242969],[131.13268569430468,43.418868623689455],[131.08921340426562,43.360919557527346],[131.13964370211718,43.22656210513477],[131.0694837900078,43.07875784488086],[130.83965590914843,42.88526877017383],[130.2762708993828,42.67719992251758],[130.22588637789843,42.65130194278125],[129.9656019540703,42.957393251375],[129.85425857028125,42.956790529207034],[129.74045852145312,42.89849432559375],[129.5681867929375,42.73739584536914],[129.46447280367968,42.416610322908205],[129.03454116305468,42.17738302798633],[128.75553420504687,42.060645662263674],[128.51363662203906,42.05294378848438],[128.3099623056328,42.07742270083789],[128.16028884371875,42.13420446963672],[127.98404983004687,42.10763891787891],[127.86077407321093,41.99816855044727],[127.84928420504687,41.844546876863284],[128.07813552340625,41.50039251895313],[128.09849074801562,41.44936331363086],[127.86146071871875,41.37772711367969],[127.42280868014453,41.35615500064258],[127.19430068453906,41.42522390933399],[126.97237685641406,41.539107881501955],[126.84932998141406,41.71752890200977],[126.64752486666796,41.710025392488284],[126.47417739352343,41.651507936433596],[126.16551497897265,41.189437471345705],[125.87949660739062,40.945026002839846],[125.41501143893359,40.69969900699024],[124.72513106783984,40.42769964785938],[124.49109939059375,40.27958258242969],[124.30433181246875,40.08068045230274],[124.13388350924609,39.843143068269534],[124.1040754648125,39.884784303621096],[123.91652968844531,39.80788382144336],[123.36642745455859,39.74938925357227],[123.03905776461718,39.67220266909961],[122.02749160250781,39.25575979800586],[121.74316695651171,39.08944662661914],[121.48840621432421,38.878604494050784],[121.2164793344414,38.75695761294727],[121.06533339938281,38.750281892732424],[121.12369826754687,38.865123353914065],[121.51177504977343,39.171859346345705],[121.66015151461718,39.33151587100391],[121.44896224459765,39.38210257144336],[121.28217605075,39.349891267732424],[121.21334365328906,39.4836383685625],[121.23940566500781,39.55383261294727],[121.66813186129687,39.905406557039065],[121.7889891000664,40.07807882876758],[122.03651717623828,40.26403769107227],[122.10791305026171,40.35372122378711],[122.08235457858203,40.488013826326174],[121.75361922701953,40.73695334048633],[121.42673018893359,40.86432608218555],[121.36801436862109,40.8706127032793],[121.01060775241015,40.85068091006641],[120.78842452487109,40.683814607576174],[120.27274611910937,40.151771150544924],[120.11272719821093,40.08110388369922],[119.82381728610156,40.04216345401172],[119.54778579196093,39.93304403872852],[119.38549331149218,39.84343298526172],[119.21067336520312,39.63902624698047],[119.14941695651171,39.45397909732227],[119.09059432467578,39.33910330386524],[118.97764113864062,39.22413595767383],[118.78126815280078,39.166358552888674],[118.55933669528125,39.172286592439455],[118.41243270358203,39.050880037263674],[118.27459243258593,38.999610506013674],[118.06992629489062,39.254188142732424],[117.91011336764453,39.26024206729297],[117.75288680514453,39.20253714175586],[117.57505324801562,38.91533621402149],[117.4395017953789,38.60277136416797],[117.47903731783984,38.44991644473438],[117.58946517428515,38.28448065371875],[117.84067061862109,38.16392096133594],[118.20027450045703,38.04361303897266],[118.74464705905078,38.06383474917774],[118.87524703463671,37.94942816348438],[118.8672590585625,37.707374177888674],[118.81164840182421,37.44613226504688],[118.83700087985156,37.20421560855274],[118.95460036715625,37.07711752505664],[119.28440383395312,37.04596670718555],[119.59885695895312,37.11661871524219],[119.94069961032031,37.3529125079668],[120.16939071139453,37.57625540347461],[120.41806319674609,37.67865713687305],[120.65811446627734,37.73646505923633],[120.7874021860039,37.70487555117969],[121.18977645358203,37.42548330874805],[121.43434432467578,37.336837373689455],[121.8948469491875,37.37596472354297],[122.05756667575,37.363563142732424],[122.26948836764453,37.30032309146289],[122.39285567721484,37.300574861482424],[122.28126815280078,36.982005678132815],[122.25558761080859,36.73369177432422],[121.84669784030078,36.86017569156055],[121.60988143405078,36.83422812075977],[120.85548690280078,36.584449373201174],[120.53731063326953,36.386519990876955],[120.50483230075,36.05556830020313],[120.26971724948046,35.98509558291797],[120.20366958102343,36.035865388826174],[120.19649032076953,36.15673788638477],[120.13933852633593,36.194800935701174],[119.91377547701953,36.143443666414065],[119.97557357272265,35.933597169832034],[119.90734389742968,35.76805838199024],[119.68883040866015,35.54497107119922],[119.06016066989062,35.0412670001543],[119.0032453866875,34.939471803621096],[119.02086165866015,34.691932283357424],[119.29992202242968,34.59093054385547],[119.62047866305468,34.36938437075977],[119.97359755953906,34.13522299380664],[120.14943221530078,33.894332490876955],[120.3402815195,33.33605536075],[120.64058974703906,33.04462393374805],[120.71938613375781,32.84798391909961],[120.66086104830859,32.54311712832813],[120.73830703219531,32.46073492617969],[121.05076125582812,32.328048311189455],[121.23053267916796,32.06176718325977],[121.48366836032031,31.948009096101565],[121.60595992526171,31.827626787141604],[121.64503768405078,31.688027940706057],[121.62330916842578,31.618154130891604],[121.26826766451953,31.45233877749805],[121.49887374362109,31.28138693423633],[121.64023116549609,30.92612036319141],[121.63186934908984,30.792768083528323],[121.56893447360156,30.710101686433596],[121.32843306979296,30.690547548250002],[121.0354719491875,30.594703279451174],[120.60866836032031,30.346181474641604],[120.22693160494921,30.25015028567676],[119.94366744479296,30.1162181720293],[120.26755050143359,30.021649919465823],[120.43786147555468,29.99661024661426],[120.86273482760546,30.187980256990237],[121.08252242526171,30.213830553010744],[121.15524581393359,30.18857916446094],[121.39126876315234,29.92239721866016],[121.5652342172539,29.846555314973635],[121.77031997164843,29.834281526521487],[121.77436355075,29.76445349307422],[121.67039016207812,29.624536119416994],[121.49843886813281,29.522582612947268],[121.36191085299609,29.414350114778323],[121.41146377047656,29.344604097322268],[121.55819991549609,29.357616029695315],[121.64916518649218,29.319707475618166],[121.56675246676562,29.173480592683596],[121.43251326998828,28.836659990266604],[121.34583571871875,28.54437979312305],[121.35852340182421,28.385663591340823],[121.25970748385546,28.182250581697268],[121.16591170748828,28.124896608308596],[121.00856307467578,28.276980958894534],[120.94237807711718,28.213330827668948],[120.68650344332812,27.86989554019336],[120.50590041598437,27.590104661897463],[120.40887740573046,27.310491167024416],[120.35180953463671,27.177013002351565],[120.08409408053515,26.985940538362307],[119.97135451754687,26.788837037996096],[119.85703566989062,26.706031404451174],[119.60071090182421,26.692800126985354],[119.428904566375,26.590831361726565],[119.55488875826953,26.2672134265459],[119.43603042086718,26.038339220002932],[119.47034743746875,25.77168234439258],[119.42860701998828,25.65092619510059],[119.33538344821093,25.530067048982424],[119.09585860690234,25.440650545076174],[119.02366927584765,25.313485704377932],[118.81294539889453,24.84941443057422],[118.53120711764453,24.69003637881641],[118.3456297250664,24.467338167146487],[118.12423995455859,24.530391298250002],[117.92490676364062,24.56172712893848],[117.86126235446093,24.510774217561526],[117.796092066375,24.42171438784961],[117.84909347018359,24.047095857576174],[117.7532453866875,23.98338469119434],[117.40589431246875,23.690473161653323],[117.24540236910937,23.632972322419924],[116.96271041354296,23.556155763582034],[116.70913222750781,23.34602316470508],[116.45205977877734,23.250201784089846],[116.40389541110156,23.19928701968555],[116.4002180429375,22.983321748689455],[116.34061721285937,22.9133315906084],[116.08469680270312,22.88737829776172],[115.81634943433959,22.74238516018469],[115.66425450607221,22.84027431781722],[115.54251388033984,22.695684038118166],[115.30879500826953,22.771407686189455],[115.18552688082812,22.745751939729494],[115.04353621920703,22.599364839509768],[114.84781173190234,22.510015092805666],[114.66846318326519,22.731798342243458],[114.59385057694531,22.631182735110702],[114.61680830196681,22.503984003241616],[114.50201967685939,22.452276040399592],[114.42310249709801,22.613964780634642],[114.30387404879687,22.64860113711719],[113.96825257010978,22.52519193778181],[113.88646567472072,22.44962382969263],[113.79463477463474,22.64045304808631],[113.72719645738412,22.74635500554196],[113.57366667130292,22.86407455961903],[113.67123700264423,22.641777327450416],[113.59231982288289,22.480121188953312],[113.58945010725519,22.311639080742427],[113.54353465721222,22.085793461368507],[113.37770369967578,22.16390760989551],[113.38857001331716,22.005996708874896],[113.25082366318823,21.879559993911567],[113.08724987241013,22.148269444309427],[112.96385210041963,21.87157074662957],[112.81556228121875,21.934060655549807],[112.75149314397086,21.908850072357943],[112.62809537198035,21.74634756978566],[112.45591243431917,21.82096180063109],[112.30786422213671,21.678912721589846],[112.03952315768359,21.65928991885547],[111.83120254000781,21.754121385530276],[111.73399642428515,21.709455095247073],[111.53608230075,21.493072114900393],[111.43422225436328,21.461099229768557],[111.08559707125781,21.479402147249026],[110.74959853610156,21.37706335635547],[110.56641677340625,21.23057707400684],[110.36344436129687,21.24285276980762],[110.23882583102343,21.280696474031252],[110.20257094821093,21.096425615266604],[110.13212485815396,21],[109.60647584363434,21],[109.60814956149218,21.057046495393557],[109.78676131686328,21.406783662751955],[109.77981856783984,21.482984147981448],[109.51607802828906,21.596772752717776],[109.41431716403125,21.56479414554004],[109.32187941989062,21.43120153994922],[109.11740401705859,21.39900930972461],[108.8130369516289,21.493642412141604],[108.55499556979296,21.823396287874026],[108.46664718112109,21.785104356721682],[108.45892623385546,21.708860002473635],[108.38727096041796,21.530852876619143],[108.2659406991875,21.47342451663379],[108.11670211276171,21.498511873201174],[107.90002730807421,21.4790054187334],[107.87561324557421,21.462068162874026]]]},"properties":{"name":"China","role":"other","label":"БНХАУ","labelAt":[112,37]}},{"type":"Feature","geometry":{"type":"MultiPolygon","coordinates":[[[[116.75977614840625,49.92989309878711],[116.56601241549609,50.005626283601565],[116.2861814828789,49.99759253116016],[115.7336912485039,49.864032350496096],[115.34658339938281,49.94032248111133],[115.19365981539843,49.998336397126955],[114.8555403085625,50.22592505069141],[114.52263930758593,50.296275697664065],[114.24833205660937,50.275149904207034],[114.098338160125,50.27434881778125],[113.57440474948046,50.05522497744922],[113.2346906991875,49.83119162173633],[113.03313735446093,49.65389975161914],[112.76120284518359,49.53502234073047],[112.52449325045703,49.462020479158205],[111.61783889254687,49.352862916902346],[111.37829116305468,49.31900366397266],[110.19990828951953,49.24101599307422],[109.86690047701953,49.25878103824024],[109.42404464205859,49.2955394610918],[109.01690200289843,49.40423163028125],[108.42351821383593,49.518477998689455],[108.05832198580859,49.68619116397266],[107.54907515963671,49.827098451570315],[107.26836684664843,49.97579535098438],[106.66849807223437,50.313521944001955],[106.322947535125,50.416690431550784],[105.6824217172539,50.42641790957813],[105.1551008554375,50.443309389070315],[104.79693892916796,50.4085765704668],[103.68075850924609,50.16643484683399],[103.37787154635546,50.21730764956836],[102.63903335055468,50.4561839923418],[102.44960311373828,50.60624273867969],[102.26568892916796,50.808997713044924],[102.18423751315234,51.0256420001543],[102.18224624117968,51.26922567935352],[102.11743453463671,51.36111029239063],[101.77236464938281,51.42517050357227],[101.3269758554375,51.56784018130664],[101.01121047457812,51.671710573152346],[100.22460463961718,51.8193317279375],[99.75820449313281,51.902694307283205],[99.29542067965625,51.946490846589846],[98.91755965670703,52.03695639224414],[98.34688857516406,51.604816041902346],[97.93963149508593,51.2269359454668],[97.8954344125664,51.09500464053516],[98.079539332,50.70785482974414],[98.2577391000664,50.57079275699024],[98.30989364108203,50.47910650821094],[98.23633101901171,50.24239691348438],[97.90157607516406,49.98485525699024],[97.76233199557421,49.912234865144534],[97.42278579196093,49.78633841128711],[97.16955855807421,49.7784496173418],[96.76998427828906,49.91350134463672],[96.37613204440234,49.944068513826174],[95.99401381930468,49.942035280183596],[95.67062667330859,49.97952231021289],[95.01427749117968,49.97603949160938],[94.69996932467578,50.026797853425784],[94.52293685397265,50.20952566714649],[94.21045974215625,50.54928549380664],[93.83646682223437,50.58671148867969],[93.00797561129687,50.64146002383594],[92.58859542330859,50.711543642],[92.15972426852343,50.755286775544924],[91.78171065768359,50.67437704654102],[91.10167983492968,50.46047552676563],[90,50.30670126529102],[90,50.12759359927539],[89.796336207,49.816444002107424],[89.46210006198046,49.63949926944141],[89.19085219821093,49.57278021426563],[88.56673720797656,49.53679236026172],[88.29726699313281,49.443980775789065],[87.93771651705859,49.25282248111133],[87.86840346774218,49.232886873201174],[87.75841811617968,49.19966848941211],[87.50229934176562,49.19830282779102],[87.15221694430468,49.17686804385547],[86.90806106051562,49.110362611726565],[86.78273299655078,48.99230536075],[86.76208785494921,48.653323732332034],[86.6243391366875,48.554881654695315],[86.49448684176562,48.52814444156055],[85.9544172616875,48.486182771638674],[85.76193526705859,48.36144980044727],[85.60924819430468,48.1003375873125],[85.65256789645312,47.76246603579883],[85.74855330905078,47.44462164492969],[85.67801192721484,47.26895102115039],[85.47764876803515,47.092662416414065],[85.29040816744921,47.04623755069141],[84.96707442721484,47.01854284854297],[84.33619216403125,47.05407675357227],[84.06906417330859,47.11751516909961],[83.74472335299609,47.180675111726565],[83.25171187838671,47.29487570376758],[83.05951980075,47.066669069246096],[82.82747939547656,46.55318411441211],[82.62998488864062,46.19588430972461],[82.50125411471484,45.92336996646289],[82.4398908945,45.735477052644534],[82.71966842135546,45.504283510164065],[82.77654555758593,45.375362001375],[82.70616439303515,45.26516302676563],[82.60192397555468,45.20002707095508],[82.42505935153125,45.16678198428516],[81.91517165621875,45.273807130769534],[81.69031051119921,45.35655935855274],[81.04586318453906,45.236793123201174],[80.23662856539843,45.12263449283008],[80.0599851938164,45.03777273745899],[79.96291640719531,44.90189703555469],[79.93243697604296,44.8051830157793],[80.03676131686328,44.72207602115039],[80.20167830905078,44.74871405215625],[80.41951278170703,44.68553503604297],[80.43285659274218,44.07457312198047],[80.58789351901171,43.792586885408205],[80.71861556491015,43.5941234454668],[80.77205947360156,43.382457338289065],[80.67250350436328,43.23421820254688],[80.35506728610156,42.988544069246096],[80.21090224703906,42.80807837100391],[80.20231154879687,42.628402315095705],[80.27875045260546,42.154300294832034],[80.25599196871875,42.08367117495899],[80.10927871188281,41.99955328555469],[79.67309096774218,41.90105017276172],[79.0710935922539,41.743976198152346],[78.87063125094531,41.67883261294727],[78.68826583346484,41.543319307283205],[78.40125564059375,41.22801550479297],[78.11065200289843,41.07281073184375],[77.8960676523125,41.026839815095705],[77.68919661959765,41.01930197329883],[77.12774184664843,41.12502249331836],[77.02039626559375,41.11162146182422],[76.81067183932421,40.89929159732227],[76.60212996920703,40.54634817691211],[76.481638941375,40.43697317691211],[76.08359816989062,40.37723883242969],[75.85559371432421,40.31206091494922],[75.70093062838671,40.336776338533205],[75.61860946139453,40.59209021182422],[75.59170058688281,40.62392386050586],[75.42999556979296,40.6102367267168],[74.64844802340625,40.27984579654102],[74.00865462741015,39.963199220613284],[73.88494399508593,39.87966116519336],[73.8270750375664,39.78373297305469],[73.75992873629687,39.42010458560352],[73.77017501315234,38.95586737246875],[73.67699721774218,38.85573538394336],[73.71202376803515,38.718734346345705],[73.85831740817187,38.541507326082034],[74.066599878875,38.56176718325977],[74.16916945895312,38.63442572207813],[74.26817611178515,38.60747107119922],[74.57975295504687,38.59007986636524],[74.70292190035937,38.520709596589846],[74.83551314791796,38.29854544253711],[74.83175948580859,38.17083700747852],[74.84434035739062,38.060218416169924],[74.91275313815234,38.054950319246096],[74.93470290621875,37.99982412906055],[74.87815383395312,37.80742605777149],[74.98836806735156,37.70091971011524],[74.92007735690234,37.53887899966602],[75.01015761813281,37.465518556550784],[74.92869094332812,37.382327638582034],[74.89278701266406,37.27037771792774],[74.73327163180468,37.20940359683399],[74.4785642953789,37.27799566836719],[74.25550368746875,37.30219992251758],[74.13705733737109,37.370399080232424],[73.88264754733203,37.26831015200977],[73.44465926608203,37.201942048982424],[73.38334182223437,37.22826346011524],[73.4412336679375,37.307227693513674],[73.3519773813164,37.34173544497852],[73.04716018160937,37.32828863711719],[72.71422103366015,37.18614538760547],[72.4481687875664,36.96757849307422],[72.18286422213671,36.938758455232424],[71.84756759127734,36.7160716876543],[71.68982222994921,36.70247610659961],[71.52447036227343,36.714278779939455],[71.46695235690234,36.75213583560352],[71.30323317965625,37.17035635562305],[71.3865232797539,37.370399080232424],[71.44410994967578,37.83401449771289],[71.36744216403125,37.91801794619922],[71.14935592135546,37.87588080020313],[71.2197981210625,38.14477499575977],[70.9606199594414,38.34712942691211],[70.8914289804375,38.37221487613086],[70.71880629977343,38.364886842683596],[70.59022048434375,38.29198034854297],[70.52996352633593,38.12868841739063],[70.33407882174609,37.93609579654102],[70.31235793551562,37.744971834138674],[70.31502822360156,37.630389772371096],[70.22142318209765,37.52801474185352],[70.02215102633593,37.45688208194141],[69.96237472018359,37.462909303621096],[69.69838241061328,37.531470857576174],[69.56701186617968,37.50527533145313],[69.53382399996875,37.42233236880664],[69.53726485690234,37.28231009097461],[69.40218642672656,37.14154013247852],[69.30783370455859,37.08373221011524],[69.13641646823046,37.076419435457034],[68.85298446139453,37.18304022403125],[68.70652297457812,37.18221624942188],[68.44501021823046,37.0534740314043],[68.18420699557421,36.899276338533205],[67.96541884860156,36.83441885562305],[67.8555403085625,36.85289343448047],[67.79717544039843,36.916209779695315],[67.6217527719414,37.15708502383594],[67.51531508883593,37.213782869294924],[66.9677000375664,37.236190401033205],[66.6765852304375,37.24093206973438],[65.97912887057421,37.35799749942188],[65.72472670992968,37.490279756501955],[65.52440932711718,37.33000906558399],[65.33691695651171,37.23984106631641],[64.82598403414843,37.14788397403125],[64.6321287485039,36.78401907534961],[64.540720972625,36.338092409089846],[64.49449447116015,36.28057058902149],[64.26583388766406,36.1711383685625],[63.372283014861324,35.86080511660938],[63.11659530123828,35.78940924258594],[63.06297973116992,35.70006521792774],[63.06273177584765,35.49018820376758],[62.96358016451953,35.40060766787891],[62.67759231051562,35.265460573152346],[62.43746093234179,35.25139578433399],[62.17949584445117,35.28810843081836],[61.72973159274218,35.44456060977344],[61.30818084200976,35.53123053164844],[61.221343073455074,35.581615053132815],[61.186247858611324,35.59415014834766],[61.11867812594531,35.90544470401172],[61.1140737863457,36.15988119693164],[61.09687713107226,36.54155691714649],[61.01400283297656,36.63655813784961],[60.65985778292773,36.60276373477344],[60.34631255587695,36.60736807437305],[60.05139831027148,36.83485373111133],[59.240481409636715,37.44784124942188],[58.9716062875664,37.59917028994922],[58.674895319548824,37.67394217105274],[58.44981292208789,37.698165498689455],[58.09498885592578,37.728030763582034],[57.72487929782031,37.878829561189455],[57.40650847872851,37.99171408267383],[57.225466761199215,38.18818625064258],[56.517310175505855,38.260692201570315],[56.363257441130855,38.202498994783205],[56.13091186007617,38.04833181949024],[55.98069671115039,38.034747682527346],[55.62962630709765,38.05191382022266],[55.35565856417773,38.03765066714649],[55.16967299899218,37.972919069246096],[54.95576384982226,37.82522924991016],[54.6760855050957,37.53070028872852],[54.466582331267574,37.39581259341602],[54.21389296969531,37.337100587800784],[54.015112909880855,37.34832724185352],[53.92775252780078,37.82421835513477],[53.87986281832812,38.02535589785938],[53.937327417937496,38.15944632144336],[53.937327417937496,38.5712962970293],[53.98521712741015,38.65749701114063],[54.07141784152148,38.89694555850391],[54.03310683688281,38.992721162751955],[53.91817382296679,39.050189577058596],[53.774504694548824,39.136390291169924],[53.67872527560351,39.251327119783205],[53.65957168063281,39.318370424226565],[53.5829458566582,39.318370424226565],[53.3339224191582,39.38541754336719],[53.24772170504687,39.29921682925586],[53.2094107004082,39.40457113833789],[53.31476500949023,39.56739767642383],[53.37223342379687,39.519507966951174],[53.54463485201953,39.53866156192188],[53.79366210421679,39.49077185244922],[53.812815699187496,39.54824026675586],[53.66914657076953,39.644019685701174],[53.55421355685351,39.65359839053516],[53.51590255221484,39.77811010928516],[53.59252456149218,39.89304693789844],[53.688303980437496,39.97924765200977],[53.506323847380855,39.99840124698047],[53.36265471896289,39.9600902423418],[53.19025329074023,39.9600902423418],[53.04658416232226,39.99840124698047],[52.98911574801562,39.93135794253711],[52.91249373873828,40.04629095645313],[52.84545043429492,40.18038138003711],[52.84545043429492,40.333629213289065],[52.82629302462695,40.46771963687305],[52.90291503390429,40.56349905581836],[52.95080474337695,40.707164369539065],[52.96996215304492,40.822101198152346],[53.056162867156246,41.05197104068164],[53.180674585906246,40.84125479312305],[53.257300409880855,40.764632783845705],[53.43927672824023,40.80294378848438],[53.61168197116015,40.745479188875],[53.65957168063281,40.81252249331836],[53.649992975798824,40.87956961245899],[53.76492598971484,40.869990907625],[53.79366210421679,40.726321779207034],[53.84155181368945,40.640121065095705],[53.97564223727343,40.64969976992969],[54.10973266085742,40.67843206973438],[54.22466567477343,40.726321779207034],[54.41622451266406,40.659278474763674],[54.45453551730273,40.71674307437305],[54.387488398162105,40.80294378848438],[54.3683348031914,40.89872320742969],[54.45453551730273,40.91788061709766],[54.50242522677539,40.850833497957034],[54.60778335055468,40.81252249331836],[54.81849578341601,40.87956961245899],[54.828074488249996,40.98492392154102],[54.75144866427539,41.13817175479297],[54.5982046457207,41.24352987857227],[54.35875609835742,41.38719519229297],[54.16719726046679,41.482974611238284],[54.138464960662105,41.62664373965625],[54.11930755099414,41.779891572908205],[54.023528132048824,41.85651358218555],[54.023528132048824,42.048072420076174],[53.98521712741015,42.10553701968555],[53.73619368991015,42.1342731341875],[53.4584341379082,42.09596212954883],[53.266875300017574,42.086383424714846],[53.06574157199023,42.028915010408205],[52.9795408578789,41.904403291658205],[52.94122985324023,41.77031286807422],[52.998694452849605,41.68411215396289],[52.931651148406246,41.37762030215625],[52.96038344821093,41.272262178376955],[52.96996215304492,41.13817175479297],[52.85502532443164,41.38719519229297],[52.692202601042965,41.53086432071094],[52.71136001071093,41.60749014468555],[52.68262389620898,41.69369085879688],[52.55927184542773,41.75783880801563],[52.600745234099605,41.93767889590625],[52.573767695037105,42.01860388369922],[52.51981643160937,42.072555147126955],[52.58275893649218,42.1894489154375],[52.672678980437496,42.279368959382815],[52.73562148532031,42.42324026675586],[52.75360778292773,42.558116517976565],[52.8345327707207,42.64803656192188],[52.76259902438281,42.755939088777346],[52.58275893649218,42.82787283511524],[52.37594893893359,42.80089529605274],[52.295020136443355,42.87283285708789],[52.07022384127734,42.82787283511524],[51.98030379733203,42.90880163760547],[51.8813963266289,43.05266913028125],[51.737525019255855,43.17855414004688],[51.42280868014453,43.1695628985918],[51.42280868014453,43.25948294253711],[51.458777460662105,43.38536795230274],[51.36885741671679,43.55621298404102],[51.260954889861324,43.61016424746875],[51.17103484591601,43.71806677432422],[50.99119857272265,44.077743135408205],[50.955229792205074,44.20362814517383],[50.703459772673824,44.257579408601565],[50.388743433562496,44.29354818911914],[50.32580092867968,44.365481935457034],[50.33479217013476,44.563304506257815],[50.40672591647265,44.61725576968555],[50.54160598239062,44.64423330874805],[50.874304804412105,44.62624701114063],[51.09010985812304,44.563304506257815],[51.332888636199215,44.482379518464846],[51.41381743868945,44.51834448428516],[51.57567122897265,44.55431326480274],[51.48575118502734,44.62624701114063],[51.18902114352343,44.770118318513674],[51.09910109957812,44.87802084536914],[51.21599486788867,45.039874635652346],[51.34188369235156,45.0578571185625],[51.37784865817187,45.17475088687305],[51.458777460662105,45.30963095279102],[51.51272872408984,45.37257345767383],[51.62962249240039,45.354590974763674],[51.77349379977343,45.39055594058399],[51.845427546111324,45.43551596255664],[51.99829009493945,45.38156469912891],[52.10619262179492,45.38156469912891],[52.60973647555468,45.39955099673633],[53.059329065886715,45.33660467715625],[53.284129175749996,45.327613435701174],[53.059329065886715,45.4534984454668],[52.84352401217578,45.5074535235918],[52.8345327707207,45.6423297748125],[52.92445281466601,45.732249818757815],[53.05033782443164,45.831161104158205],[53.14924910983203,45.95704611392383],[53.20320037325976,46.190833650544924],[53.257151636687496,46.316722475007815],[53.12227538546679,46.496558748201174],[53.16723159274218,46.58647497744922],[53.284129175749996,46.676395021394534],[53.23017791232226,46.73034628482227],[53.185217890349605,46.86522635074024],[53.0233641000664,46.91917761416797],[52.8615103097832,46.93716009707813],[52.55578521212695,46.982120119050784],[52.46586516818164,46.91018255801563],[52.37594893893359,46.874217592195315],[52.14215758761523,46.83824881167774],[51.93534759005664,46.89220007510547],[51.79147628268359,47.00909384341602],[51.67458251437304,47.03607138247852],[51.36885741671679,47.09002264590625],[51.11708358248828,47.06304510684375],[50.82035354098437,46.91917761416797],[50.63152221163867,46.91018255801563],[50.27184966525195,46.68538626284961],[50,46.57966801644604],[50,68.02901670315542],[50.4958982797539,68.15346869082813],[51.13895705660937,68.2663989886797],[51.83080962618945,68.40938147158985],[52.244875940886715,68.54455908389454],[52.33738234957812,68.33572729678517],[52.46266845187304,68.29867132754688],[52.719729456511715,68.35138281436329],[52.9387693735039,68.47117956729298],[53.00575164279101,68.68056830020313],[53.17943480929492,68.75574835391407],[53.50243285616992,68.81625708194142],[53.88911727389453,68.78699835391407],[53.80839446505664,68.60726507754688],[53.78207686862109,68.3384204730547],[53.39590743502734,68.30042608828907],[53.31618407687304,68.23320349307423],[53.316844019499996,68.13638647647267],[53.62573913058398,68.04768713565235],[54.37974837741015,68.16070898623829],[54.575957331267574,68.16109045596485],[54.648467096892574,68.0719180926836],[54.752295527068355,68.04978521914845],[54.87719634493945,68.10954626651173],[54.99598601779101,68.20653112979298],[55.12649825533984,68.40060766787892],[55.335391077605465,68.48309668155079],[55.72289184054492,68.53610571475392],[56.19510177096484,68.56686743350392],[56.54026320895312,68.55256994815235],[57.02422622164843,68.44890936465626],[57.36369231661914,68.45701941104298],[57.52586654147265,68.49463995547657],[57.959197077361324,68.70476111026173],[58.40928939303515,68.83285864444142],[58.77038100680468,68.85600622744923],[59.19904998263476,68.77440985293751],[59.3458738656914,68.69986303897267],[59.06195739230273,68.49748571963673],[59.119788202849605,68.39309271426563],[59.217661890593746,68.34854467959767],[59.501860651580074,68.28942450137501],[59.76234725436328,68.29738958926563],[59.89204696139453,68.40200384707813],[59.92537597140429,68.58127173037892],[60.07908919772265,68.61895330996876],[60.51208404025195,68.58985479922657],[60.7562742563164,68.67254980655079],[60.93412307223437,68.8150821551836],[60.98595717867968,69.00259741397267],[60.36923507174609,69.4676929339922],[60.55171493014453,69.54342230410938],[60.84873488864062,69.71004065127735],[61.030039820281246,69.74060400576954],[62.28127196749804,69.70512732119923],[62.85394957980273,69.61560400576954],[63.41231826266406,69.54873999209767],[63.92324355563281,69.45921667666798],[64.87299636325,69.22766455264454],[65.35536483248828,69.18344458194142],[66.58425429782031,68.8855396136797],[67.82653335055468,68.37205084414845],[68.2154035898125,68.20135077090626],[68.38463118991015,68.1793399676836],[68.48788741549609,68.22421606631642],[69.0026121469414,68.69536932559376],[69.10895064791796,68.83031042666798],[68.69183639010546,68.81454809756642],[68.5117674203789,68.83668097110157],[68.25765517672656,68.94111975283985],[68.09354690035937,69.13594397158985],[68.10592940768359,69.42932470889454],[67.77870467623828,69.55685003848438],[66.88444045504687,69.62308081241017],[66.79896834811328,69.74374731631642],[66.82803634127734,69.8193775043047],[66.96485427340625,69.95582159610157],[67.08512717243548,70],[72.4772640123888,70],[72.55148604830859,69.65626104922657],[72.52553084811328,69.06907995791798],[72.64349654635546,68.80691107364063],[72.84616378268359,68.63523443789845],[73.30861190280078,68.51655157657032],[73.39412215670703,68.44205053897267],[73.39364913424609,68.38238867373829],[73.175242457,68.16592749209767],[72.98776534518359,67.79414709658985],[72.8376951547539,67.6456485614336],[72.48502639254687,67.43782385440235],[71.93047622164843,67.15627630801563],[71.6471433969414,67.06732519717579],[71.39950087985156,66.94906958194142],[71.54405501803515,66.71412237735157],[71.34951308688281,66.6623950824297],[70.83993056735156,66.55140265078907],[70.12074569186328,66.71882208438282],[69.79152205905078,66.75493200869923],[69.35537246188281,66.73943670840626],[69.0847654672539,66.68753393741017],[69.17261031588671,66.54828985782032],[69.43512252291796,66.4242359027422],[69.76729873141406,66.32971533389454],[70.47356704196093,66.23597296328907],[70.98342421969531,66.20038946719532],[71.25953200778125,66.22281225772267],[71.79433730563281,66.15806158633595],[72.2088117929375,66.17345770450001],[72.42107680758593,66.33466681094532],[72.55741408785937,66.4959903583086],[73.1654539438164,66.64375647158985],[73.69016555270312,66.86506994815235],[73.81080916842578,66.99035223575001],[73.98450759371875,67.26336248965626],[74.35252669772265,67.40435370059376],[74.74171737155078,67.68622168155079],[74.77064803561328,67.84936865420704],[74.6693601938164,68.10174902530079],[74.39512923678515,68.34698828311329],[74.50497725924609,68.59347876162892],[74.6121092172539,68.63851507754688],[74.91630080660937,68.70638617129688],[75.53720382174609,68.77486761660938],[76.32775405367968,68.77634008975392],[76.66087630709765,68.67222174258595],[77.03982070407031,68.46377142520313],[77.10788253268359,68.11375006289845],[76.95493606051562,67.65331610293751],[77.09069350680468,67.52774389834767],[77.50477889498828,67.43239935489063],[78.08904555758593,67.41131170840626],[78.47786239108203,67.47854193301563],[78.53574660739062,67.6118350848711],[78.30457595309375,67.69286688418751],[77.94601729830859,67.77371557803517],[77.68886092623828,67.75840338321095],[77.4832258554375,67.80251654239063],[77.51418593844531,67.97325476260548],[77.97751906832812,68.14512213321095],[78.00718215426562,68.25683935733204],[77.90906051119921,68.32369574160938],[77.63582900485156,68.81619604678517],[77.40597823580859,68.93561895938282],[77.02994826754687,68.97991522403126],[76.53798964938281,69.08405645938282],[75.59802535494921,69.2100025043047],[75.1886473031914,69.12659796328907],[74.90170577487109,69.08100470157032],[74.31795791110156,69.16254004092579],[73.91452315768359,69.15427740664845],[73.90792373141406,69.27452429385548],[73.65407851657031,69.756465517],[73.76682410092481,70],[158,70],[158,61.70940517945678],[157.09798720797656,61.633399568513674],[156.82523635348437,61.56281241031055],[156.42315200289843,61.401004396394534],[156.3811750741875,61.205081544832034],[156.41843703707812,61.12132986636524],[155.85076430758593,60.88296850772266],[155.66668227633593,60.77804144473438],[155.73389724215625,60.55536612124805],[155.151804957,60.394351564363284],[154.69332412203906,60.199019990876955],[154.31565383395312,59.983348451570315],[154.09215835055468,59.77587851138477],[153.94297316989062,59.56882818789844],[153.94446853121875,59.396678529695315],[154.1817884775078,59.3007770404375],[154.75280288180468,59.28121908755664],[154.87804702242968,59.15770300479297],[154.90589431246875,59.102767549470705],[154.38708022555468,59.03995092959766],[153.92443374117968,58.922347627595705],[153.45414260348437,58.948916994050784],[153.13988784274218,59.01012381167774],[152.96824172457812,58.99606665225391],[152.82833388766406,58.947738252595705],[152.50420669039843,58.76871832461719],[152.19124892672656,58.925941072419924],[151.69065383395312,58.75345953555469],[151.35448745211718,58.691119752839846],[151.1354017587578,58.73182638736133],[151.00748733004687,58.7933421954668],[151.0561781259453,58.923812471345705],[151.39268020114062,58.979373537019534],[151.78330520114062,59.03504904361133],[151.85726455172656,59.05581244082813],[151.52360061129687,59.343944154695315],[151.1402082773125,59.43957098575],[150.66341689547656,59.431800447419924],[150.27865127047656,59.362247072175784],[150.12006667575,59.38945349307422],[149.72957900485156,59.59532888980274],[149.38030532321093,59.60845526309375],[149.04528335055468,59.5871539935625],[148.72844985446093,59.476337037996096],[148.74720290621875,59.29743155093555],[148.63029006442187,59.19402655215625],[148.4160871835625,59.09739264102344],[148.10282424410937,59.206798158601565],[147.91918471774218,59.26147421450977],[147.35222915133593,59.232886873201174],[146.99962905367968,59.19095953555469],[146.70640090426562,59.224795900300784],[146.30735305270312,59.285953126863284],[146.05396560153125,59.25107153506641],[146.02347854098437,59.195994935945315],[145.95696547946093,58.98285635562305],[145.65258315524218,58.975406251863284],[145.51279738864062,59.03694876284961],[145.49566176852343,59.208751283601565],[145.40413955172656,59.325503908113284],[144.84569838961718,59.28319510074024],[144.38981154879687,59.309859834626955],[143.82409194430468,59.29501303286914],[143.30285170992968,59.26652868838672],[142.92681411227343,59.27957113833789],[142.8458509775078,59.272525392488284],[142.35776809176562,59.14095648379688],[141.92383864840625,58.940894685701174],[141.59083083590625,58.72753103824024],[141.34955886325,58.500865541414065],[140.99425795992968,58.3906322345293],[140.58739760836718,58.23931082339649],[140.49984267672656,58.17075689883594],[140.02874282321093,57.64412649722461],[139.29383376559375,57.3361774310625],[138.86675551852343,57.12446554751758],[138.34592727145312,56.8042064532793],[137.60193923434375,56.24034842105274],[137.22909072360156,55.98272284121875],[136.5212660165703,55.58989294619922],[136.11939528903125,55.42064627261524],[135.26954177340625,55.02874334903125],[134.98522475680468,54.85393484683399],[134.89373305758593,54.71992453189258],[134.9020033212578,54.55941732974414],[135.0945082040703,54.432784639314455],[135.31255629977343,54.413165651277346],[135.72582534274218,54.407264314607424],[136.19642165621875,54.47499807925586],[136.4916029306328,54.45549353213672],[136.3435316415703,53.887828432039065],[136.3506574960625,53.70121344180469],[136.48705581149218,53.65484198184375],[136.770213160125,53.695357881501955],[137.04065993746875,53.86247976870899],[137.38286879977343,53.80980642886524],[137.3257551523125,53.74305685611133],[137.1217298837578,53.58943899722461],[137.0713148446953,53.48947104068164],[137.23923781832812,53.45651587100391],[137.9793958993828,53.464583955720705],[138.2340345712578,53.57158621402149],[138.40946486910937,53.80512198062305],[138.41680434664843,54.09191092105274],[138.76041701754687,54.08589132876758],[139.37804702242968,54.080394350007815],[139.80591872653125,53.96114691348438],[140.10245803317187,53.80170401187305],[140.32129958590625,53.535647951082034],[140.70232680758593,53.2768627032793],[140.89365676364062,53.197433076814455],[141.12119582614062,53.051631532625],[141.0896711679375,52.98512228579883],[140.8281965585625,52.82524832339649],[141.03197768649218,52.72607382388477],[141.09054091891406,52.586864076570315],[140.93949416598437,52.26177176089649],[141.16062453707812,52.209205232576174],[141.25706008395312,52.10346182437305],[141.12632277926562,51.871619783357424],[140.96988967379687,51.69279821963672],[140.73028090914843,51.441302858308596],[140.40453628024218,50.82738455386524],[140.32349685153125,50.51783712954883],[140.34884170016406,50.41921957583789],[140.45699599703906,50.103988252595705],[140.37220290621875,49.691279970125],[140.32822707614062,49.35787924380664],[140.14658645114062,48.72439535708789],[140.08100417575,48.50260504336719],[139.21370986422656,47.81061514468555],[139.04668715914843,47.615150056794924],[138.9492903085625,47.322425447419924],[138.68499282321093,47.13351400943164],[138.35157302340625,46.87316092105274],[138.24288466891406,46.710704408601565],[137.98462966403125,46.269290529207034],[137.72051528414843,45.996680818513674],[137.29691604098437,45.64631613345508],[136.49410537203906,44.96602972598438],[136.2850599618828,44.75304373355274],[136.17924025973437,44.54676779361133],[136.03397658785937,44.39840658755664],[135.69280532321093,44.22396811099414],[135.41475966891406,44.03683050723438],[135.15606215914843,43.72116430850391],[134.9624281259453,43.51504477115039],[134.56858352145312,43.21221502871875],[134.1389417978203,42.99295385928516],[133.31200698336718,42.77939184756641],[132.95279983004687,42.669540010408205],[132.82735732516406,42.86189993472461],[132.594431910125,42.899974428132815],[132.48473647555468,42.88049276919727],[132.33309462985156,42.96368368716602],[132.1817884775078,43.19463690371875],[131.88309768160937,43.071979127839846],[131.67460158785937,43.02660330386524],[131.86515334567187,43.290381990388674],[131.58420852145312,43.21272238345508],[131.35679152926562,42.99385031314258],[131.06461623629687,42.74924048037891],[130.66065727672785,42.28942202744407],[130.46761611422656,42.298785768464846],[130.43509963473437,42.27675970645313],[130.35991958102343,42.45350607486133],[130.22588637789843,42.65130194278125],[130.2762708993828,42.67719992251758],[130.83965590914843,42.88526877017383],[131.0694837900078,43.07875784488086],[131.13964370211718,43.22656210513477],[131.08921340426562,43.360919557527346],[131.13268569430468,43.418868623689455],[131.14396193942187,43.59208258242969],[131.14673903903125,43.867957673982424],[131.118357691375,44.163028322175784],[130.96923354586718,44.566768251375],[130.99053481539843,44.817428194001955],[131.73954299410937,45.25929983706836],[131.91782668551562,45.24093206973438],[132.22617629489062,45.13298758120899],[132.5313978525078,45.03152807803516],[132.7776136728203,44.98773916812305],[132.98899367770312,45.143565736726565],[133.23665908297656,45.45442923159961],[133.3848371835625,45.64880331607227],[133.66674331149218,46.13465841861133],[133.90897658785937,46.61442907901172],[134.03441909274218,47.01644095034961],[134.16527846774218,47.3346019610918],[134.46244338473437,47.51123007388477],[134.71737197360156,47.69420584292774],[134.709666285125,47.92129858584766],[134.62839797457812,48.213050447419924],[134.51783278903125,48.26444586367969],[134.11167434176562,48.24926718325977],[133.58025649508593,48.15548285098438],[132.96940139254687,48.01586111636524],[132.54046157321093,47.87721975894336],[132.268748316375,47.77841147036914],[131.52279189547656,47.754962526277346],[130.92454055270312,47.73228796573047],[130.80735305270312,47.932880006746096],[130.60941604098437,48.51002462954883],[130.47582534274218,48.89962347598438],[130.3835707040703,48.964210115388674],[129.1865949960625,49.34206732364063],[128.50118545016406,49.45574530215625],[127.9400129648125,49.609195314363284],[127.71199325045703,49.69929464908008],[127.51589492282031,49.874385438875],[127.09900954684375,50.73064383120899],[126.6756086679375,51.445148073152346],[126.18638900241015,52.518146120027346],[125.85267165621875,52.946544252351565],[125.50918105563281,53.15678747744922],[125.26661208590625,53.16876181216602],[124.64319899996875,53.11245688052539],[124.33600142916796,53.197024904207034],[123.86939528903125,53.413447938875],[123.3526106210625,53.510299287751955],[122.93982985934375,53.488231264070315],[122.39868453463671,53.43892630191211],[122.02236464938281,53.38383825869922],[121.18775466403125,53.31972845645313],[120.91705611666796,53.258617006257815],[120.70224288424609,53.184520326570315],[120.16528609713671,52.83050116153125],[119.99654677828906,52.703815065339846],[119.94269088229296,52.59101828189258],[120.31287673434375,52.62606009097461],[120.56357100924609,52.61416205020313],[120.77311233004687,52.47634466739063],[120.8210935922539,52.36420401187305],[120.74595168551562,52.00712927432422],[120.1289778085625,51.73335989566211],[119.85977462252734,51.488074861482424],[119.55948165377734,51.13756521792774],[119.37221053561328,50.893287263826174],[119.18234542330859,50.70172079654102],[119.13661483248828,50.589854799226565],[119.16393569430468,50.524356447175784],[119.32166579684375,50.36770971866016],[119.34646132907031,50.23013266177539],[119.29120162448046,50.124984346345705],[118.94031051119921,49.972457490876955],[117.84202102145312,49.633800111726565],[117.64499190768359,49.593623720125],[117.4905271860039,49.58627661319141],[116.984080347625,49.844562135652346],[116.75977614840625,49.92989309878711]]],[[[50,40.599972648808595],[50.190249476042965,40.57006796450977],[50.31789687594531,40.49560507388477],[50.42426970919726,40.410506807283205],[50.46681884249804,40.32540854068164],[50.46681884249804,40.26158484073047],[50.30725768527148,40.32540854068164],[50.12642577609179,40.346683107332034],[50,40.34110332204729],[50,40.599972648808595]]],[[[158,51.765651561887715],[157.8977766366875,51.6660228595293],[157.20952895602343,51.22900351138477],[156.82464126071093,51.00411947818164],[156.69637587985156,50.957748018220705],[156.56373122653125,51.234359346345705],[156.47469619235156,51.60382040591602],[156.36185744723437,51.91423758120899],[156.33323195895312,52.271556459382815],[156.175242457,52.609256349519534],[156.03809646090625,52.7814899310625],[155.9418440195,53.19308050723438],[155.71079543551562,53.8049388751543],[155.7074690195,54.064952455476565],[155.63807204684375,54.31840857119922],[155.63018325289843,54.465350709871096],[155.58306411227343,54.552074037507815],[155.46520522555468,54.91977270694141],[155.45347121676562,55.27581366153125],[155.5056867929375,55.63962133975391],[155.62757399996875,56.26791723819141],[155.70299819430468,56.36959799380664],[156.23583510836718,56.75682791324024],[156.55787185153125,56.94747122378711],[156.81467727145312,57.260570131257815],[156.87765029391406,57.362742982820315],[156.83948806246875,57.50565680117969],[156.77685073336718,57.580455385164065],[157.51116469821093,57.74545248599414],[158,57.897895164882264],[158,51.765651561887715]]],[[[143.138865503875,52.856246553376955],[143.14329055270312,52.5112377032793],[143.03341201266406,52.31218679995899],[142.94488051852343,51.96111258120899],[142.9439192148125,51.61730536075],[143.07418349703906,51.26762732119922],[143.34070876559375,50.88577612491016],[143.63314345797656,50.23497732730274],[144.03820327242968,49.50883825869922],[144.53988173922656,48.75332220645313],[143.97294143160937,49.05807837100391],[143.59835341891406,49.233619295076174],[143.15282729586718,49.25887259097461],[143.03257277926562,49.219466768220705],[142.85399917086718,49.127696596101565],[142.6461439462578,48.65752371402149],[142.52662185153125,48.16206320376758],[142.48990920504687,47.90160330386524],[142.61463454684375,47.459598146394534],[142.69695571383593,47.362262330964846],[142.99332717379687,46.95366247744922],[143.2364759775078,46.86326178164844],[143.44480422457812,46.57174261660938],[143.303416285125,46.01119955630664],[143.0042982431328,46.577350221589846],[142.6147718759453,46.71281012149219],[142.51378920992968,46.699622713044924],[142.327342066375,46.56305655093555],[142.18766311129687,46.322913728669924],[141.8983412118828,45.91478308291797],[141.70838454684375,46.13979300113086],[141.6228285165703,46.55804022403125],[141.90938857516406,47.07343252749805],[141.73180678805468,47.47119101138477],[141.81064895114062,47.675616823152346],[142.03646377047656,47.95928152652149],[141.97751906832812,48.284747682527346],[141.76781753024218,48.70146902652149],[141.73958877047656,48.807288728669924],[141.92135146578906,48.943133912996096],[142.04911330660937,49.35470923037891],[142.08281997164843,49.70768316836719],[142.08507827242968,50.30426748843555],[142.15287307223437,50.89004477115039],[142.11239150485156,51.21959265323047],[142.01658156832812,51.43059118838672],[141.6432142587578,51.813087068513674],[141.5981703134453,52.21667440982227],[141.64965346774218,52.302901826814455],[141.81145766696093,52.62804373355274],[141.84099868258593,52.96002157779102],[141.689646753875,53.165721498445315],[141.767039332,53.27226599307422],[142.21412185153125,53.29970511050586],[142.67486098727343,53.540172182039065],[142.86388686617968,53.34086950869922],[143.0569105478203,53.06198462100391],[143.138865503875,52.856246553376955]]]]},"properties":{"name":"USSR","role":"other","label":"ЗХУ","labelAt":[104,54]}},{"type":"Feature","geometry":{"type":"Polygon","coordinates":[[[129.715515,28.451107],[129.717194,28.429161000000136],[129.621613,28.397495],[129.511932,28.294998],[129.465515,28.211384],[129.368561,28.116108],[129.157745,28.234993],[129.143036,28.254719],[129.25665300000014,28.320831],[129.574982,28.461662],[129.61911,28.44833],[129.69046,28.497719],[129.715515,28.451107]]]},"properties":{"name":null,"role":"land"}},{"type":"Feature","geometry":{"type":"Polygon","coordinates":[[[129.963013,29.957218000000125],[129.92358400000012,29.983883],[129.94165,30],[129.963013,29.957218000000125]]]},"properties":{"name":null,"role":"land"}},{"type":"Feature","geometry":{"type":"Polygon","coordinates":[[[129.89636200000018,29.87416500000012],[129.923309,29.824997],[129.877167,29.83083],[129.89636200000018,29.87416500000012]]]},"properties":{"name":null,"role":"land"}},{"type":"Feature","geometry":{"type":"Polygon","coordinates":[[[130.906097,30.354717000000107],[130.862457,30.403606],[130.869415,30.469715],[130.94720500000017,30.570274],[130.945251,30.683331000000123],[131.039703,30.831108],[131.084686,30.805832],[131.074402,30.689163],[130.9696960000001,30.390553],[130.906097,30.354717000000107]]]},"properties":{"name":null,"role":"land"}},{"type":"Feature","geometry":{"type":"Polygon","coordinates":[[[130.558594,30.236382000000106],[130.440247,30.252777],[130.389435,30.34721800000011],[130.387207,30.397217],[130.473846,30.454994],[130.510803,30.458885000000123],[130.633331,30.405273000000136],[130.671906,30.373329000000126],[130.649414,30.28777700000012],[130.558594,30.236382000000106]]]},"properties":{"name":null,"role":"land"}},{"type":"Feature","geometry":{"type":"Polygon","coordinates":[[[121.734711,25.138885],[121.881653,25.114719],[121.999153,25.01083],[121.913879,24.959995],[121.81694000000016,24.847775],[121.799713,24.756664],[121.817207,24.637218],[121.843597,24.606384],[121.853043,24.533607],[121.839706,24.476383000000112],[121.780548,24.426384],[121.74498000000017,24.286385],[121.659416,24.184719],[121.60498,24.080551],[121.616089,24.034164],[121.596367,23.899998],[121.536926,23.70138500000013],[121.496368,23.485271000000125],[121.453049,23.327221],[121.355553,23.087498],[121.25916300000017,22.899998],[121.168053,22.762497],[121.079437,22.70916],[120.969711,22.568329],[120.878593,22.341385000000116],[120.88247700000011,22.039440000000127],[120.824158,21.927773000000116],[120.716377,21.928051],[120.698318,21.945827],[120.69303900000011,22.104443],[120.674988,22.181938],[120.61026,22.3127750000001],[120.573036,22.366108],[120.416901,22.482502],[120.328598,22.519444],[120.296097,22.596941],[120.238586,22.660828],[120.25166300000012,22.689995000000124],[120.199707,22.786942],[120.163879,22.953606],[120.049149,23.060829],[120.09999100000016,23.093887],[120.055542,23.153049],[120.109711,23.286942000000124],[120.148331,23.327221],[120.14804100000015,23.391941],[120.12387100000012,23.514164000000108],[120.11554,23.631386],[120.1933140000001,23.781109],[120.278702,23.889069],[120.363037,24.048332],[120.4272,24.149998],[120.471909,24.193045],[120.558868,24.385273],[120.642761,24.47916],[120.697746,24.60083],[120.871597,24.73999],[120.921097,24.875828],[121.00166300000012,25.001663],[121.062759,25.049999],[121.19470200000012,25.109997000000135],[121.338593,25.132496],[121.384987,25.157497],[121.435257,25.236660000000143],[121.4805530000001,25.271942],[121.559418,25.284164],[121.610809,25.2575],[121.68127400000014,25.168667],[121.734711,25.138885]]]},"properties":{"name":"Taiwan","role":"land"}},{"type":"Feature","geometry":{"type":"Polygon","coordinates":[[[128.900818,32.643051],[128.741913,32.589157],[128.610229,32.61166400000013],[128.652405,32.696640000000116],[128.649414,32.777771],[128.813293,32.792496],[128.88610800000015,32.686104],[128.900818,32.643051]]]},"properties":{"name":null,"role":"land"}},{"type":"Feature","geometry":{"type":"Polygon","coordinates":[[[123.870819,24.252499],[123.718323,24.277222],[123.678864,24.316109],[123.767212,24.41444],[123.92192100000011,24.371109],[123.936371,24.351940000000127],[123.870819,24.252499]]]},"properties":{"name":null,"role":"land"}},{"type":"Feature","geometry":{"type":"Polygon","coordinates":[[[125.356369,24.776665],[125.402481,24.774998],[125.44442700000013,24.731106],[125.307747,24.716106],[125.252213,24.737774],[125.261932,24.878883],[125.281372,24.875275],[125.356369,24.776665]]]},"properties":{"name":null,"role":"land"}},{"type":"Feature","geometry":{"type":"Polygon","coordinates":[[[124.26165800000012,24.457497],[124.22971300000017,24.338329],[124.160263,24.327496],[124.121918,24.344997],[124.077766,24.419994],[124.09491700000012,24.439495000000136],[124.188873,24.435551],[124.26165800000012,24.457497]]]},"properties":{"name":null,"role":"land"}},{"type":"Feature","geometry":{"type":"Polygon","coordinates":[[[128.252777,26.63888500000013],[128.146637,26.568886],[127.94637300000011,26.451107],[127.874687,26.446663],[127.83582300000012,26.41944100000012],[127.778587,26.23666],[127.813026,26.155552000000114],[127.714157,26.081665],[127.65277100000014,26.083054],[127.639977,26.208607000000143],[127.724152,26.270554],[127.743874,26.306942],[127.7211,26.436108],[127.800537,26.442493],[127.958878,26.544441],[127.96666000000016,26.57972],[127.876373,26.620552],[127.883881,26.667496],[127.954987,26.695827000000122],[127.993874,26.684162],[128.023865,26.631107],[128.104675,26.663052],[128.105072,26.695423],[128.247192,26.839996],[128.287201,26.854996],[128.329132,26.811943],[128.33136,26.752499000000114],[128.252777,26.63888500000013]]]},"properties":{"name":null,"role":"land"}},{"type":"Feature","geometry":{"type":"Polygon","coordinates":[[[126.76193200000012,26.38694],[126.8099820000001,26.346943],[126.781097,26.29833200000013],[126.701927,26.348606],[126.76193200000012,26.38694]]]},"properties":{"name":null,"role":"land"}},{"type":"Feature","geometry":{"type":"Polygon","coordinates":[[[128.95108,27.67582700000014],[128.89721700000018,27.725826],[128.880249,27.824718],[128.89886500000011,27.89777400000014],[128.96109,27.898605],[129.029968,27.774441000000138],[128.95108,27.67582700000014]]]},"properties":{"name":null,"role":"land"}},{"type":"Feature","geometry":{"type":"Polygon","coordinates":[[[128.609131,27.358887],[128.565796,27.346664],[128.52249100000017,27.373886],[128.52359000000013,27.413609],[128.69635000000017,27.4486050000001],[128.609131,27.358887]]]},"properties":{"name":null,"role":"land"}},{"type":"Feature","geometry":{"type":"Polygon","coordinates":[[[129.992188,28.281666],[129.943024,28.32222],[130.0324710000001,28.35305],[129.992188,28.281666]]]},"properties":{"name":null,"role":"land"}},{"type":"Feature","geometry":{"type":"Polygon","coordinates":[[[129.33609000000013,28.075275],[129.219116,28.097775],[129.184692,28.176941],[129.223846,28.183605],[129.3402400000001,28.110828],[129.33609000000013,28.075275]]]},"properties":{"name":null,"role":"land"}},{"type":"Feature","geometry":{"type":"Polygon","coordinates":[[[129.733032,29.609718],[129.70968600000015,29.651661],[129.75332600000013,29.64777400000014],[129.733032,29.609718]]]},"properties":{"name":null,"role":"land"}},{"type":"Feature","geometry":{"type":"MultiPolygon","coordinates":[[[[126.36683750247411,37.687986388578764],[126.368042,37.790276],[126.42804,37.8211060000001],[126.48666712223971,37.78413976324242],[126.56361678561328,37.85354574771289],[126.84851363619921,38.18577154727344],[126.99036696871875,38.25649984927539],[127.068047,38.259995],[127.133881,38.29916400000013],[127.251389,38.318886],[127.366379,38.323326],[127.53749100000016,38.307495],[127.676086,38.320274],[127.95427473895356,38.30937499235842],[128.1343658989237,38.337698449618166],[128.26961771441506,38.42048735938179],[128.313599,38.531937],[128.3071900000001,38.588882],[128.36355600000013,38.625244],[128.532471,38.330551],[128.641083,38.11721],[128.858002,37.859436],[128.878296,37.85193600000014],[129.049988,37.685822],[129.066376,37.62443500000012],[129.342468,37.257217],[129.362488,37.150024],[129.433594,37.058884],[129.413879,37.016106],[129.427765,36.878876],[129.474976,36.774437],[129.471619,36.69249],[129.416931,36.616661000000136],[129.450531,36.506386],[129.439148,36.40638000000013],[129.38192700000013,36.308563],[129.386902,36.036018],[129.463013,35.994713000000104],[129.5644840000001,36.076553000000104],[129.583862,35.988884],[129.486633,35.683327],[129.47525,35.592216],[129.43942300000015,35.475822],[129.347473,35.344994],[129.281097,35.30082700000014],[129.237488,35.18990300000013],[129.136932,35.11221300000011],[128.978577,35.084991],[128.810516,35.08416],[128.73495500000013,35.092766],[128.57275400000015,35.169991],[128.3780210000001,35.03611],[128.477173,35.05387900000011],[128.501373,35.008331],[128.451904,34.845543],[128.40304600000013,34.833603],[128.3355100000001,34.871376],[128.356628,34.905266],[128.329132,34.949432],[128.22775300000012,34.934158],[128.203857,34.88832900000011],[128.05609100000015,34.930824],[128.0205380000001,34.986382],[127.86387600000012,34.940269],[127.767403,34.96028100000012],[127.660812,34.905266],[127.576393,34.88694],[127.638603,34.81415600000014],[127.773613,34.84388000000013],[127.747757,34.727486],[127.640823,34.616936],[127.554153,34.656097],[127.567757,34.766663],[127.52249100000017,34.856941],[127.41832000000011,34.81860400000011],[127.363876,34.75138900000013],[127.387497,34.701935000000105],[127.48580900000013,34.641937],[127.50998700000014,34.578606],[127.389427,34.4711],[127.315262,34.443604],[127.24359100000015,34.511383],[127.13970900000015,34.515831],[127.13165300000014,34.565269],[127.242203,34.569443],[127.332489,34.65638000000013],[127.352768,34.692764],[127.328598,34.74305],[127.21666000000016,34.707497],[127.00972000000013,34.602219],[126.98552700000016,34.526382],[126.896942,34.449158],[126.889427,34.412491],[126.800812,34.46305100000012],[126.799149,34.579437],[126.772491,34.582771],[126.60027300000013,34.30027],[126.556374,34.300545],[126.478317,34.345268],[126.463318,34.484718],[126.39137300000016,34.543884000000105],[126.288307,34.590271],[126.266937,34.683327],[126.28942900000015,34.742218],[126.328323,34.7347180000001],[126.41748,34.595825],[126.451393,34.648331],[126.521652,34.616386],[126.620247,34.624161],[126.50305200000014,34.715271],[126.494141,34.750549],[126.634987,34.782211],[126.65971400000012,34.81276700000012],[126.59082000000012,34.877487],[126.539978,34.873047],[126.51053600000012,34.775551],[126.371368,34.789162],[126.433594,34.963608],[126.318047,34.932213],[126.24832200000014,35.110275],[126.344994,35.151657],[126.359711,35.06916],[126.431374,35.023323],[126.45887800000014,35.090546],[126.360527,35.180275],[126.37831100000017,35.31221000000011],[126.42192100000011,35.406654],[126.49165300000016,35.50972],[126.619431,35.54694400000011],[126.65109300000017,35.594994],[126.488037,35.58416],[126.479431,35.639992],[126.632202,35.736938],[126.75193800000011,35.778328],[126.80108600000017,35.861664],[126.733047,35.88249200000013],[126.61998000000017,35.888603],[126.615257,35.925827],[126.67363000000012,36.00470700000011],[126.544418,36.136406],[126.536636,36.219162],[126.495819,36.394157],[126.464432,36.574715],[126.5269320000001,36.598602],[126.49720800000011,36.72387700000013],[126.469437,36.74360700000011],[126.347488,36.73999],[126.303589,36.692764000000125],[126.18609600000013,36.67027300000012],[126.12359600000013,36.70916000000011],[126.12886000000015,36.751663],[126.19166600000017,36.819885],[126.184418,36.878326],[126.286102,36.959991],[126.32083100000011,36.8780440000001],[126.280548,36.815269],[126.294434,36.787216],[126.401093,36.85193600000014],[126.38304100000016,36.929436],[126.33499100000017,36.9855500000001],[126.392761,37.004715],[126.44914200000017,36.99137900000011],[126.499153,37.049721],[126.56749000000013,37.024994],[126.61998000000017,36.9727630000001],[126.76138300000014,36.969986],[126.823318,36.913879],[126.828598,36.765831],[126.846367,36.752495000000124],[126.99220300000013,36.91082],[126.921654,36.916939],[126.865807,36.950546],[126.752777,37.04860700000012],[126.77304100000015,37.118599],[126.85942100000011,37.138885],[126.869141,37.176384],[126.769989,37.174164],[126.723038,37.131660000000124],[126.661102,37.156097],[126.658867,37.248604000000114],[126.69941700000015,37.262215],[126.766098,37.231934],[126.86192300000016,37.262772],[126.722214,37.328049],[126.74192800000014,37.386787],[126.65637200000015,37.411102],[126.625526,37.471375],[126.67442300000016,37.488045],[126.62915,37.591377000000136],[126.539429,37.627769000000114],[126.513893,37.59721400000012],[126.418869,37.59249100000011],[126.371918,37.62693800000011],[126.36683750247411,37.687986388578764]]],[[[126.586929,33.231377],[126.48248300000012,33.221375],[126.416931,33.23555],[126.330833,33.225548],[126.261108,33.193878],[126.170532,33.262497],[126.158333,33.314713],[126.183594,33.352776],[126.31749,33.452774],[126.378036,33.47470900000013],[126.633614,33.531662],[126.793053,33.550827],[126.898041,33.52332300000012],[126.941093,33.45388],[126.915817,33.387772],[126.843048,33.308327],[126.586929,33.231377]]],[[[126.731369,34.279160000000104],[126.64582800000017,34.324997],[126.663879,34.382492],[126.73082,34.363884],[126.77082800000017,34.296387],[126.731369,34.279160000000104]]],[[[127.145828,34.414993],[127.13165300000014,34.473602],[127.199142,34.485268],[127.245819,34.465828],[127.213608,34.418884],[127.145828,34.414993]]],[[[126.171921,34.35193600000014],[126.112488,34.378876],[126.10192900000015,34.424995],[126.23887600000012,34.569992],[126.33499100000017,34.539993],[126.382751,34.471931],[126.346939,34.40470900000014],[126.171921,34.35193600000014]]],[[[127.793053,34.573326],[127.734421,34.613327],[127.76805100000013,34.66415400000011],[127.81218700000011,34.64138800000012],[127.793053,34.573326]]],[[[125.96360800000014,34.648605],[125.9180530000001,34.69748700000014],[125.981369,34.716934],[126.006104,34.685547],[125.96360800000014,34.648605]]],[[[128.013306,34.832771],[127.976929,34.864159],[128.03137200000015,34.911659],[128.078857,34.869713],[128.08081100000015,34.827774],[128.013306,34.832771]]],[[[125.993042,34.85833],[126.06275900000014,34.928329],[126.094437,34.909714],[126.063599,34.854439],[125.993042,34.85833]]],[[[127.968048,34.79999500000014],[128.00192300000015,34.820831],[128.075531,34.79999500000014],[128.044434,34.69499200000013],[127.888603,34.710548],[127.85720800000013,34.723877],[127.82222000000013,34.843048],[127.879967,34.92943600000012],[127.93081700000016,34.920547],[127.916382,34.832771],[127.968048,34.79999500000014]]],[[[128.741913,34.781662],[128.68551600000012,34.724159],[128.594116,34.697769],[128.604126,34.80915800000014],[128.526093,34.80582400000014],[128.488556,34.856384],[128.501923,34.887497],[128.71109000000013,34.976654],[128.754425,34.882767],[128.741913,34.781662]]],[[[126.093048,35.047218],[126.0599820000001,35.090828],[126.1372070000001,35.14222000000012],[126.14444000000015,35.08027600000014],[126.093048,35.047218]]],[[[126.382202,36.40277100000014],[126.33582300000012,36.438599],[126.32527200000015,36.559715],[126.378593,36.586105],[126.433868,36.41082],[126.382202,36.40277100000014]]],[[[130.868561,37.450829],[130.81884800000012,37.467766],[130.807465,37.518326000000116],[130.919434,37.545273],[130.920807,37.476654],[130.868561,37.450829]]],[[[124.643333,37.915825],[124.62387100000012,37.9741590000001],[124.709991,37.984161],[124.7391510000001,37.946098],[124.643333,37.915825]]]]},"properties":{"name":"Korea, Republic of","role":"land"}},{"type":"Feature","geometry":{"type":"MultiPolygon","coordinates":[[[[113.94959941852974,22.30284455512718],[114.03066888501186,22.310145709772186],[114.0220597381288,22.22848381751031],[113.95462142087821,22.233796608668168],[113.86709509423379,22.197267104726578],[113.85848594735072,22.257701676364103],[113.94959941852974,22.30284455512718]]],[[[114.02923402719802,22.508457822712955],[114.16626294842006,22.560807313317255],[114.30903130089744,22.553519333285553],[114.41305849240106,22.436859356255123],[114.32911931029123,22.272308319943782],[114.25881127741292,22.221842545443078],[114.20715639611458,22.221842545443078],[114.13397864760857,22.171690795428585],[114.09882463116942,22.21652930133975],[114.15334922809546,22.298696001772115],[114.08662833975177,22.36057961538022],[113.92538619292115,22.36721429724379],[113.90135232453927,22.406518299261425],[114.02923402719802,22.508457822712955]]]]},"properties":{"name":"Hong Kong","role":"land"}}]}