{"type":"FeatureCollection","features":[{"type":"Feature","geometry":{"type":"MultiPolygon","coordinates":[[[[40.38988402804492,14.905787073091311],[40,14.514241012202051],[40,15.418381746699632],[40.03721145114062,15.387916170076174],[40.21745208224414,15.0833173617876],[40.38988402804492,14.905787073091311]]],[[[40,40.95719156606524],[40.36101439913867,40.963443361238284],[40.609892878142574,41.028026185945315],[41.29311660250781,41.28582342715625],[41.48396209200976,41.436542116121096],[42.02903655490039,41.39981039615039],[42.25010970553515,41.368968568757815],[42.35151961764453,41.40158041568164],[42.69377807101367,41.5637164935625],[42.87842467745898,41.54550512881641],[43.47533706149218,41.08736761660938],[43.84727004489062,40.74996527285938],[43.85885909518359,40.66039236636524],[43.66971877535937,40.2945514545],[43.68453124484179,40.109115205720705],[43.81239226779101,40.01388128848438],[44.44808104952929,39.95989187808399],[44.669585260955074,39.75698813052539],[44.637278589812496,39.66220434756641],[44.45294860324023,39.67275198550586],[44.34892943820117,39.609481416658205],[44.344885859099605,39.41442068667774],[44.08210662325976,39.29454763980274],[44.06482604464648,39.173289857820315],[44.18318465670703,38.871539674714846],[44.12827971896289,38.702918611482424],[44.229075464812496,38.481631837800784],[44.31755736788867,38.476363740876955],[44.44704345187304,38.384933076814455],[44.46447661837695,38.29198034854297],[44.361460718718746,38.16555746646289],[44.20520690402148,37.8674274310625],[44.300913843718746,37.80425222964649],[44.491763147917965,37.754344545320315],[44.42675307711718,37.64417990298633],[44.47119048556445,37.45463141055469],[44.66005996188281,37.28615912051563],[44.78417113741992,37.270370088533205],[44.79458907565234,37.13180502505664],[45.10513595065234,36.50318869204883],[45.358653101531246,36.014503084138674],[45.38811400851367,35.925574861482424],[45.73042205294726,35.832042299226565],[46.21102050265429,35.7838207110918],[46.00066283663867,35.515426240876955],[45.99489882907031,35.40087088199024],[46.18439391574023,35.05844458194141],[45.67085174044726,34.61730917544727],[45.56502059420703,34.27382620425586],[45.505007776824215,33.87979467959766],[45.50621322116015,33.797252260164065],[45.64643767794726,33.639293275789065],[46.105105433074215,33.21007116885547],[46.089934382048824,32.84167440982227],[46.12398436984179,32.77201422305469],[46.26843169650195,32.823627077058596],[46.508486780730465,32.81228216739063],[47.067576441374996,32.39632757754688],[47.2636099191582,32.30219229312305],[47.61200622042773,32.03110846133594],[47.74243834933398,31.90484007449512],[47.793040308562496,31.797170244172854],[47.786936792937496,31.568513475374026],[47.6981687875664,31.28859480471973],[47.67329314669726,31.0280776843584],[47.68874648532031,30.882104478791994],[48.033457789031246,30.87770804019336],[48.106963190642574,30.668550096467776],[48.11039260348437,30.49075850100879],[48.08126357516406,30.395333848909182],[48.38981536349414,30.149411760286135],[48.54736236056445,30.048701845125002],[48.5536489816582,29.99462278933887],[48.21184829196093,29.94809301944141],[48.02827743014453,29.973121248201174],[47.91136077365039,29.89029272647266],[47.9960317941582,29.490258775666994],[47.8449087472832,29.50315435977344],[47.61403945407031,29.272241197541994],[47.803557428923824,29.184920869783205],[47.99150756320117,29.277490220979494],[48.12906173190234,29.268191896394534],[48.462683710662105,28.38585051150684],[48.58751204928515,28.093883119539065],[48.751738581267574,27.871879182771487],[48.85502150973437,27.52269133181934],[49.13191131075976,27.53597220034961],[49.243506464568355,27.479030214265627],[49.151927027312496,27.37245710940723],[49.23915770968554,27.28848799319629],[49.321604761687496,27.161550126985354],[49.427317652312496,27.131045900300784],[49.532542261687496,27.009526811555666],[49.93138411959765,26.934125505403323],[50.1217642160332,26.737586580232424],[50.09017470797656,26.61149176211719],[49.983958277312496,26.59574469180469],[49.934172663298824,26.48306807132129],[50.07624724825976,26.311841569856448],[49.99197677096484,26.04484137149219],[49.93686202487109,25.95578344912891],[50.01140502413867,25.835229478791994],[50.14689162692187,25.535644136384768],[50.214324030486324,25.588124834016604],[50.38191894015429,25.461173616365237],[50.429209742156246,25.18402250857715],[50.61889556368945,24.870853029207034],[50.606543573943355,24.68021734805469],[50.77828124484179,24.470929704622073],[50.968333277312496,24.436244569734377],[50.56882690905954,23.854467511249652],[49.70419928565464,24.410299554867095],[49.39540370586717,26.077795685719416],[48.46901696650477,26.69538684529435],[47.67212584933398,28.44319113345508],[47.589026484099605,28.550696931794924],[47.43863967379687,28.829289995149416],[46.509158167449215,28.97005232425098],[46.74396422824023,29.225440584138674],[46.90507516233225,29.437615717313662],[45.86971438514614,29.85600173414204],[44.839021615724675,29.993427436731572],[44.08318025148226,30.33699169320539],[40.02912202509114,34.39104991959652],[40,34.39978652712386],[40,40.95719156606524]]],[[[40,24.39603211834641],[40.64753768674403,24.152835076676563],[41.07042045024812,22.262737159805738],[41.8124565280542,21.71258711067685],[41.922550675010456,20.766511713374978],[40.81975844821093,19.68472059817676],[40.69382003268359,19.86870726199512],[40.33634856661914,20.0966869220293],[40,20.27895149221914],[40,24.39603211834641]]]]},"properties":{"name":"Ottoman Empire","role":"land"}},{"type":"Feature","geometry":{"type":"MultiPolygon","coordinates":[[[[120.36362746676562,14.530945383027834],[120.30511001071093,14.575292192415041],[119.97168258151171,14.904903017],[119.77184585055468,15.469834886506838],[119.81296065768359,15.978120408967776],[119.68141463717578,16.187451921418948],[119.76202681979296,16.359140001252932],[120.20210555514453,16.04246672244434],[120.29312423190234,16.233226381257815],[120.30344680270312,16.417462907747073],[120.2581281991875,16.614287935212893],[120.24656203707812,16.874698244050784],[120.31154159030078,17.07176359744434],[120.32303145846484,17.370326600984377],[120.39307692965625,18.043792329744143],[120.56437209567187,18.431623063997073],[120.80041793307421,18.55281790347461],[121.03637221774218,18.527911745027346],[121.58078292330859,18.294051729158205],[121.83984664401171,18.275552354768557],[121.92465499362109,18.37100752444629],[122.04959395846484,18.447494111970705],[122.13901046237109,18.384166322664065],[122.14715102633593,18.206330858186526],[122.02781203707812,18.009172044709963],[122.00743392428515,17.793162904695315],[122.07029250582812,17.437577806428713],[122.31363967379687,17.26024778933887],[122.3955793710625,17.114329896882815],[122.20331099948046,16.54222258181934],[122.06395247897265,16.33230360598926],[121.68860152682421,16.058362565950198],[121.43898299655078,15.918075166658205],[121.4022703500664,15.873532854036135],[121.40356734713671,15.752832971528811],[121.36817458590625,15.498668275789065],[121.24220565280078,15.307833276704592],[121.29929641207812,15.212662301973147],[121.45681289157031,14.88268145175342],[121.61163619479296,14.387521348909182],[121.72879317721484,14.108259759858889],[121.97345260104296,13.949970804170412],[122.10659316500781,13.918491922334475],[122.17925551852343,14.064768396333498],[122.39741042575,14.30663164706592],[122.48647597750781,14.319521509126467],[122.67462447604296,14.269106470063967],[122.7761717172539,14.174032770112795],[122.85634139498828,13.888343416169924],[122.98506453951953,13.729808412507815],[123.13177016696093,13.69200762362842],[123.3592024179375,13.952952943757815],[123.63851455172656,13.832856737092776],[123.73689559420703,13.763187013582034],[123.66124251803515,13.69314344973926],[123.49137404879687,13.622900567964358],[123.39762404879687,13.527418695405764],[123.8188963266289,12.975632272676272],[123.67696670016406,12.892744623140139],[123.4212141366875,12.98113401980762],[123.23898604830859,13.02520903201465],[123.196970972625,13.241114221528811],[123.09369185885546,13.380644403413577],[122.82416060885546,13.6214671954668],[122.48540786227343,13.881200395540041],[122.36934188326953,13.88095148654346],[122.32527450045703,13.779210649446291],[122.49199965914843,13.430172525361819],[122.3940916391289,13.302913270906252],[122.06729415377734,13.651609979585452],[121.62493422946093,13.898409448579592],[121.48617080172656,13.891750894502444],[121.33172133883593,13.827899537996096],[121.24972060641406,13.7133804187334],[121.18709853610156,13.681481920198244],[121.00936416110156,13.655685029939455],[120.59850600680468,13.921617113069338],[120.51063064059375,14.1120038852251],[120.79860213717578,14.38577326388721],[120.94382003268359,14.290805421785159],[121.10496810397265,14.25303228946094],[121.28544143160937,14.342358194307131],[121.2172346445,14.41843470187549],[120.89658645114062,14.551147066072268],[120.70640853366015,14.728614412263674],[120.47143081149218,14.804338060334963],[120.36362746676562,14.530945383027834]]],[[[121.09403518160937,12.201097093538088],[120.89078811129687,12.365831933931155],[120.73374465426562,12.549723230317873],[120.71095565280078,12.65132101626758],[120.54695418795703,13.152829729036135],[120.3405027719414,13.387433610872073],[120.64858535250781,13.413506113008303],[121.03917983492968,13.407996736482424],[121.18066695651171,13.332071863130373],[121.30447677096484,13.129049859956545],[121.31683639010546,12.741561494783205],[121.27363875826953,12.525474153474612],[121.17732528170703,12.398205362275881],[121.09403518160937,12.201097093538088]]],[[[125.32305434664843,11.123852334932131],[125.06995681246875,11.244016252473635],[124.98977187594531,11.358191095308108],[124.88334182223437,11.434202753022952],[124.85420516451953,11.491314493135256],[124.91656020602343,11.643918596223635],[124.87549117526171,11.834406457856936],[124.62806991061328,11.992697320894045],[124.33040908297656,12.208060823396487],[124.26404860934375,12.417557321504397],[124.49450210055468,12.462519250825686],[124.95213607272265,12.527031503633303],[125.1190672250664,12.476568780854983],[125.2464094491875,12.292607866243166],[125.27772811373828,11.92422255130176],[125.33314803561328,11.56222590060596],[125.44868758639453,11.206709466890139],[125.32305434664843,11.123852334932131]]],[[[121.87300399264453,10.468407236055178],[121.88314345797656,10.627257905916018],[121.96631911715625,11.230978570894045],[121.99363997897265,11.758330903962893],[122.21063521823046,11.580912195161623],[122.470164332,11.454417787507815],[122.63502028903125,11.44205816836719],[122.91992476901171,11.525263391450686],[122.93236068209765,11.328354440645022],[122.89682296237109,11.150391183809084],[122.70619491061328,10.940329156831545],[122.29727462252734,10.647209726289553],[121.87300399264453,10.468407236055178]]],[[[118.8645506235039,10.0235610827959],[118.69967177828906,10.035908304170412],[118.75656417330859,10.169449411348147],[118.84784224948046,10.214116655305666],[118.98916152438281,10.392306886628909],[119.10811904391406,10.627629838899416],[119.14522078951953,10.90089663119678],[119.20700362643359,11.129742227510256],[119.35385421237109,11.212639413789553],[119.41674331149218,11.13018950076465],[119.34453872164843,11.002969346956057],[119.46889785250781,10.755472742036623],[119.56431106051562,10.50155695529346],[119.51552108248828,10.450623117402834],[119.21700576266406,10.291149698213381],[119.03380111178515,10.12557753177051],[118.8645506235039,10.0235610827959]]],[[[122.94163039645312,9.047589860872073],[122.76859572848437,9.212398134187502],[122.39562514742968,9.478434167817873],[122.30312636813281,9.649777017549319],[122.34745315035937,9.815056405977053],[122.6020994516289,9.91090353579883],[122.70073989352343,10.031832300142092],[122.92015365084765,10.851844392732424],[123.11761764010546,10.934868417695803],[123.23906997164843,10.922424875215334],[123.29033950289843,10.86535032840137],[123.31205275973437,10.738339982942385],[123.10443404635546,10.229646287874026],[122.96222213229296,9.594010911897463],[123.13299849948046,9.251307092622561],[123.03712752780078,9.066852174714846],[122.94163039645312,9.047589860872073]]],[[[117.27061751803515,8.450831018403811],[117.12781051119921,8.469577394441409],[117.22448256930468,8.68580874057178],[117.37879470309375,8.895802102998537],[117.53589156588671,9.048627458528323],[117.8020735116875,9.208031259492678],[118.08850387057421,9.43102415652637],[118.50806716403125,9.921140275911135],[118.55771163424609,9.673459611848635],[118.50457290133593,9.482750497773928],[118.38454726657031,9.349073015168948],[118.27627089938281,9.266241632417483],[118.04424575289843,9.170442186311526],[117.96718886813281,9.113093934968752],[117.85714248141406,8.833304964021487],[117.71008590182421,8.712273202852053],[117.44408706149218,8.635461412385744],[117.27061751803515,8.450831018403811]]],[[[126.0452375741875,6.608192525819582],[125.95463088473437,6.652467809633059],[125.91082290133593,6.849339567140383],[125.74777511080859,7.185722433046145],[125.61458114108203,7.236262880281252],[125.44320968112109,6.962694250062746],[125.28043654879687,6.593827806428713],[125.39131453951953,6.422524057344241],[125.46597579440234,6.244781576112551],[125.53285506686328,5.93994053454761],[125.46145156344531,5.717408262208743],[125.28927138766406,5.488303266481203],[125.15203383883593,5.60237368197803],[125.07284835299609,5.722916685060305],[125.16346267184375,5.907373033479494],[125.12945846041796,6.053437314943118],[124.96576980075,6.084847532228274],[124.80300429782031,5.78587444873218],[124.72530654391406,5.811126314119143],[124.22405532321093,6.089605890229983],[123.9734602304375,6.336855493501467],[123.88060286959765,6.565385423616213],[123.86417678317187,6.851268373445315],[124.07358077487109,7.258353792146487],[124.02478316744921,7.474268041566653],[123.81526473483203,7.658065401033205],[123.46498397311328,7.790728651002688],[123.33368209323046,7.771390043214602],[123.24790481051562,7.59330328555469],[123.02297500094531,7.478448949769778],[122.7254133554375,7.45239695163135],[122.71332076510546,7.674750886873049],[122.63507369479296,7.782581411317629],[122.45516494235156,7.693248353914065],[122.22833541354296,7.260722242311282],[121.99187758883593,6.872631154969973],[121.8936033578789,6.910547815278811],[121.83990767916796,6.967609964326662],[121.82449630221484,7.056522451356692],[121.84884932955859,7.196360670045657],[122.01048568209765,7.533452115968508],[122.09366897067187,7.775066934541506],[122.21169570407031,7.902391992524905],[122.38402846774218,7.98535593600635],[122.63799575289843,8.004962526277346],[122.73632338961718,8.062362276033205],[122.79649642428515,8.272155366853518],[122.88876632174609,8.342245660737795],[123.13582137545703,8.45078619571094],[123.48587325533984,8.496016107515139],[123.61694625338671,8.337462030366702],[123.66279891451953,8.013531290010256],[123.8054685922539,8.083725534395022],[124.02393630465625,8.109618745759768],[124.11720565280078,8.192410074189944],[124.210398707,8.446743570283694],[124.37160018405078,8.561454378083987],[124.6705808969414,8.428687654451174],[124.74164107760546,8.918048463777346],[124.87212661227343,8.924685083345217],[124.99087050875781,8.715273462251467],[125.13256362399218,8.931600175813479],[125.22484878024218,8.995329462007327],[125.40131667575,8.951235376313967],[125.46097091158984,9.053023897126955],[125.4395017953789,9.370639406160159],[125.36229232272265,9.624602876619143],[125.4280500741875,9.783579431489748],[125.6138410898125,9.536205850557131],[125.93394759616015,9.17475088687305],[126.03708938082812,8.958961091951174],[126.07461074313281,8.81291826815967],[125.92319777926562,8.482217393831057],[126.02999404391406,8.38079222293262],[126.27187636813281,8.425783716157717],[126.30630019625781,8.235264383271975],[126.25448897799609,8.044540964082522],[126.27994063815234,7.733274064973635],[126.37267592867968,7.536518655732912],[126.37203505953906,7.339562021211428],[126.321726832,7.148838602021975],[126.1946287485039,6.888064943269534],[126.0452375741875,6.608192525819582]]]]},"properties":{"name":"Philippines","role":"land"}},{"type":"Feature","geometry":{"type":"MultiPolygon","coordinates":[[[[103.47134477871685,14.353721834522734],[103.62135908537591,14.410834935182185],[104.1564678474937,14.350358614619132],[103.78291610201953,14.378065668062014],[103.47134477871685,14.353721834522734]]],[[[102.38500481459738,13.437746114096646],[102.36026649911287,13.50781119865859],[102.66785601981368,13.850966322103071],[102.43457320651171,13.53806646914844],[102.38500481459738,13.437746114096646]]],[[[102.67077926119921,12.03772410006885],[102.61214060120699,12.095773088301522],[102.68822673110765,12.260197412700272],[102.73594954928515,12.116983972505373],[102.67077926119921,12.03772410006885]]]]},"properties":{"name":"Siam","role":"land"}},{"type":"Feature","geometry":{"type":"MultiPolygon","coordinates":[[[[100.1587400766289,6.340098463014407],[100.36036208590625,6.416622720674319],[100.61741164645312,6.422341428712649],[100.66530898532031,6.212420545533938],[100.86667922457812,6.159114442781252],[100.98412612399218,6.051787458375735],[101.0271482797539,5.855553708986086],[100.93139174899218,5.676552854493899],[100.98436263522265,5.568850599244875],[101.07635024508593,5.531262956575198],[101.18616774996875,5.708609662965578],[101.31174758395312,5.834561429933352],[101.4507551523125,5.761089406923098],[101.4729490610039,5.546331010774416],[101.76259902438281,5.586182676271243],[101.81225875338671,5.845058046296877],[102.03493789157031,6.002498708680911],[102.0738020273125,6.154240690187258],[102.32511428317187,6.099444948152346],[102.80228713473437,5.560391508058352],[103.11419204196093,5.148063264802737],[103.34182265719531,4.805444799379153],[103.37855056246875,4.545016847566409],[103.36812118014453,4.182816110566897],[103.33966908851502,4],[100.6360320706755,4],[100.57663253268359,4.202192865327639],[100.607615503875,4.551729284242434],[100.55932906588671,4.735889039949221],[100.37971785983203,5.021427236512942],[100.22372725924609,5.853456102327151],[100.1391096445,6.177317224458498],[100.1587400766289,6.340098463014407]]],[[[114.07372573336718,4.455024801210207],[114.11157515963671,4.398254476503176],[114.13934615573046,4.231624685243411],[114.24487594088671,4.237179361299319],[114.29486373385546,4.120538793519778],[114.43184395446427,4],[113.61022313173446,4],[113.81483748873828,4.262612424806399],[113.91349318942187,4.358137212709231],[114.07372573336718,4.455024801210207]]],[[[114.43606037815064,4],[114.6059065195,4.120538793519778],[115.16134170016406,4.309385381654543],[115.06136611422656,4.437134824708743],[115.07802871188281,4.5982099399126],[115.01137069186328,4.798164926484866],[114.96151259860156,4.876515947297854],[115.03689864596484,4.895166479066653],[115.12111190280078,4.830928407625002],[115.36143020114062,4.875920377687258],[115.4339094491875,5.003149591401858],[115.41776565035937,5.111135087922854],[115.2030516000664,5.275868974641604],[115.29166701754687,5.453975282625002],[115.4878416391289,5.48615988345508],[115.71728042086718,5.467606626466555],[115.78708938082812,5.740099035218996],[115.97079757174609,5.881146512941164],[116.09869674166796,6.09745367617969],[116.33777907809375,6.358475290254397],[116.5956297250664,6.899092756227297],[116.7405271860039,6.689739786104006],[116.88901809176562,6.645576559022707],[117.03112319430468,6.836500249818606],[117.16805556735156,6.614415727571291],[117.32570937594531,6.487681470826907],[117.50709060153125,6.39277084918384],[117.54088881930468,6.240357480958743],[117.3535871835625,5.877785764650149],[117.37006667575,5.788860403016848],[117.65428451022265,5.846658788636965],[117.86653426608203,5.90430649371509],[117.91826919039843,5.802756868318362],[117.76156142672656,5.580031000093264],[118.09537795504687,5.625234209016604],[118.25600722750781,5.663704000428957],[118.3770246835625,5.638547502473635],[118.84297469576953,5.34092815966968],[118.99796584567187,5.277723394349856],[119.04260543307421,5.169805131868166],[118.97141555270312,5.0489254817522],[118.88132766207812,4.978847585634036],[118.68284133395312,4.914877019838137],[118.41559127291796,4.901593290284914],[118.10842421969531,4.939047418550295],[117.94840529879687,4.798915945009036],[117.99183181246875,4.684646688417239],[118.39120772799609,4.374171338990969],[118.31868270358203,4.234229646638674],[118.11238387545703,4.1448407992876],[117.82211593112109,4.099734865144534],[117.58916762789843,4.048401914552493],[117.51980532902691,4],[117.13814071139453,4.152523599580569],[116.93757918795703,4.170395456270022],[116.65661147555468,4.16237648578052],[116.02704146823046,4.234886728242678],[115.81805709323046,4.227286420778078],[115.70677474459765,4.156728349641604],[115.6132593136599,4],[114.43606037815064,4]]]]},"properties":{"name":"Malaya","role":"land"}},{"type":"Feature","geometry":{"type":"Polygon","coordinates":[[[114.96151259860156,4.876515947297854],[115.01137069186328,4.798164926484866],[115.07802871188281,4.5982099399126],[115.06136611422656,4.437134824708743],[115.16134170016406,4.309385381654543],[114.6059065195,4.120538793519778],[114.43606037815064,4],[114.43184395446427,4],[114.29486373385546,4.120538793519778],[114.24487594088671,4.237179361299319],[114.13934615573046,4.231624685243411],[114.11157515963671,4.398254476503176],[114.07372573336718,4.455024801210207],[114.16662124117968,4.511172853425784],[114.45025924166796,4.562621675447268],[114.74521163424609,4.984381280854983],[114.85397628268359,5.015870653108401],[114.82273391207812,4.895166479066653],[114.87784865817187,4.855816923097414],[114.96151259860156,4.876515947297854]]]},"properties":{"name":"Brunei","role":"land"}},{"type":"Feature","geometry":{"type":"MultiPolygon","coordinates":[[[[115.6132593136599,4],[115.70677474459765,4.156728349641604],[115.81805709323046,4.227286420778078],[116.02704146823046,4.234886728242678],[116.65661147555468,4.16237648578052],[116.93757918795703,4.170395456270022],[117.13814071139453,4.152523599580569],[117.51980532902691,4],[115.6132593136599,4]]],[[[96.06626092446734,4],[95.82762435397265,4.223691068605227],[95.56092360934375,4.534462533906741],[95.3081541391289,4.959623895601077],[95.20507338961718,5.245321355775637],[95.19055465182421,5.410494409517092],[95.21608260592578,5.499504648164553],[95.28316024264453,5.55048569293384],[95.46405318698046,5.569940172151369],[95.6277342172539,5.525817476228518],[95.74045089205859,5.468877874330325],[96.02468398532031,5.215323530153078],[96.18733504733203,5.14578827472095],[96.60203078707812,5.07678660006885],[96.75271132907031,5.064410291627688],[96.99945357760546,5.109420381501955],[97.2037840219414,5.173398099855227],[97.38407424410937,5.180140577272219],[97.52933028658984,5.040668092683596],[97.94281295260546,4.520546041444582],[98.17378524264453,4.381262384370608],[98.19936660250781,4.311420045808596],[98.14550307711718,4.069854341462893],[98.22685598610786,4],[96.06626092446734,4]]]]},"properties":{"name":"Dutch East Indies","role":"land"}},{"type":"Feature","geometry":{"type":"Polygon","coordinates":[[[41.8124565280542,21.71258711067685],[41.07042045024812,22.262737159805738],[40.64753768674403,24.152835076676563],[40,24.39603211834641],[40,34.39978652712386],[40.02912202509114,34.39104991959652],[44.08318025148226,30.33699169320539],[44.839021615724675,29.993427436731572],[45.86971438514614,29.85600173414204],[46.90507516233225,29.437615717313662],[46.74396422824023,29.225440584138674],[46.509158167449215,28.97005232425098],[47.43863967379687,28.829289995149416],[47.589026484099605,28.550696931794924],[47.67212584933398,28.44319113345508],[48.46901696650477,26.69538684529435],[49.39540370586717,26.077795685719416],[49.70419928565464,24.410299554867095],[46.986798183524925,25.583722758059466],[43.898842385650255,25.95427745380443],[42.41662360267041,25.08964983039952],[41.79903244309547,23.11335811975973],[41.8124565280542,21.71258711067685]]]},"properties":{"name":null,"role":"land"}},{"type":"Feature","geometry":{"type":"Polygon","coordinates":[[[56.28163579119848,25.46239995669844],[56.36601928195117,25.454724870637698],[56.406260523406246,25.30868872256641],[56.40537551364062,24.81950720401172],[56.61079696139453,24.47688253970508],[56.79418853243945,24.26761396975879],[57.14619735201953,23.98247107119922],[57.45101455172656,23.80522307010059],[57.90421584567187,23.57111319156055],[58.080718073455074,23.501605592683596],[58.46465590914843,23.508771501497073],[58.62849334200976,23.458295427278323],[59.021636042205074,23.020764909700198],[59.2543211313164,22.7290054187334],[59.46142104586718,22.53886564822559],[59.82569030245898,22.37445219607715],[59.837283167449215,22.279178224519534],[59.5356932016289,21.80205114932422],[59.2588491769707,21.477447114900393],[58.86135390719531,21.11447676272754],[58.51204970797656,20.421229921296877],[58.403086695281246,20.357472978547854],[58.15044692477343,20.39505537600879],[58.0443716379082,20.43295057864551],[57.93127349337695,20.400937639192385],[57.80608275851367,20.171960435823244],[57.77755263766406,19.66999014468555],[57.77842620333789,19.3142104968584],[57.83862975558398,19.034806810334963],[57.348479415649436,20.113818484505234],[57.2410334818844,20.812217053977896],[57.617094250061996,21.510615623450562],[57.617094250061996,22.15529122604071],[57.40220238253194,22.5313519942183],[56.3814660117642,23.820703199398604],[56.112851177351644,24.304209901341217],[56.112851177351644,25.217500338343932],[56.28163579119848,25.46239995669844]]]},"properties":{"name":"Oman","role":"land"}},{"type":"Feature","geometry":{"type":"Polygon","coordinates":[[[49.70419928565464,24.410299554867095],[50.56882690905954,23.854467511249652],[50.95544635663043,23.283473530573477],[51.65384492610309,22.585074961100815],[53.05064206504842,22.15529122604071],[53.26553393257848,21.832953424745636],[53.3729798663435,20.758494087095386],[53.05064206504842,20.382433318917798],[51.761290859868126,19.9526495838577],[45.36825780084912,18.60957541179488],[43.59539989372621,20.06009551762272],[41.922550675010456,20.766511713374978],[41.8124565280542,21.71258711067685],[41.79903244309547,23.11335811975973],[42.41662360267041,25.08964983039952],[43.898842385650255,25.95427745380443],[46.986798183524925,25.583722758059466],[49.70419928565464,24.410299554867095]]]},"properties":{"name":"Nejd","role":"land"}},{"type":"Feature","geometry":{"type":"Polygon","coordinates":[[[46.87773410632187,13.473871601441703],[46.601199183074215,13.400545679048342],[46.079287561980465,13.399416528657717],[45.825903925505855,13.405233941987795],[45.69247725924609,13.347759805635256],[45.51863769015429,13.207596384004397],[45.39597991427539,13.073898874238772],[45.19341567477343,12.93368300052051],[44.963572535124996,12.825172029451174],[44.78880217990039,12.805737100557131],[44.681067499724605,12.824559770540041],[44.44053557833789,12.6397777423418],[44.062747034636715,12.613552652314944],[43.84059050997851,12.663913331941409],[43.56005004366992,12.860278688386721],[43.483645472136715,12.930004678682131],[43.340849909392574,13.12666567416553],[43.30284789523242,13.240954004243655],[43.38397887667773,13.565180383638186],[43.347563776580074,13.851036630586428],[43.20694259127734,14.079471193269534],[43.05326369723437,14.60650786013965],[42.79587844332812,15.470080934480471],[42.763525995818355,15.666981302217287],[42.883879694548824,15.984922014192385],[42.81439879855273,16.40412863345508],[42.76366332491992,16.645455919221682],[43.487953959961175,16.621825637141917],[44.508690330728925,14.096846193663826],[45.2608118670841,13.828231359251259],[46.335271204734354,14.096846193663826],[46.711331972911935,13.935677293016287],[46.87773410632187,13.473871601441703]]]},"properties":{"name":"Yemen","role":"land"}},{"type":"Feature","geometry":{"type":"Polygon","coordinates":[[[50.56882690905954,23.854467511249652],[50.968333277312496,24.436244569734377],[50.96494582614062,24.712745271638674],[50.8961782785332,24.909551225618166],[50.84732345065234,25.265224061921877],[50.93111327609179,25.538573823884768],[51.01538756808398,25.588124834016604],[50.988955530730465,25.67209395022754],[51.06882766207812,25.945460878328127],[51.21702102145312,26.066470704988284],[51.35766509493945,26.028960786775393],[51.388796839324215,25.88726194949512],[51.50592711886523,25.845275484041018],[51.586672815886715,25.60911902041797],[51.53905394991992,25.420184694246096],[51.55285552462695,25.101531587556643],[51.606150660124996,24.987287126497073],[51.55891707858203,24.815652452424807],[51.28782561740039,24.410777650789065],[51.29141524752734,24.281367860750002],[51.45416930636523,24.218226991609377],[51.52285293063281,24.160663209871096],[51.60644057711718,24.202647767976565],[51.58590224703906,24.00322111697559],[51.76457122286914,24.002864442781252],[51.94559768160937,23.945495210603518],[52.25463775118945,23.98748167605762],[52.30104735812304,24.081946931794924],[52.38302901705859,24.10818251223926],[52.48116210421679,24.055703721956057],[52.67164901217578,24.07467993350391],[52.93944076022265,24.0244155749834],[53.040225061980465,24.039960466340823],[53.07570556124804,24.087190233186526],[53.68676284274218,23.98748167605762],[54.0165281625664,24.05045660586719],[54.006297144499996,24.181653581575198],[54.107520136443355,24.10293348880176],[54.27599242648242,24.109820924714846],[54.34709838351367,24.15445288272266],[54.48741439303515,24.344342790559573],[54.59216216525195,24.377328477815432],[54.77081969699023,24.73348196597461],[55.09080031832812,25.020036302522463],[55.45719817599414,25.420184694246096],[55.530486139861324,25.372954927400393],[56.01545623263476,25.771625123933596],[56.29730895480273,26.15973051638965],[56.36705306491015,26.23611982913379],[56.40502837618945,25.861381135896487],[56.214846644011715,25.5433421954668],[56.28163579119848,25.46239995669844],[56.112851177351644,25.217500338343932],[56.112851177351644,24.304209901341217],[56.3814660117642,23.820703199398604],[57.40220238253194,22.5313519942183],[57.617094250061996,22.15529122604071],[57.617094250061996,21.510615623450562],[57.2410334818844,20.812217053977896],[57.348479415649436,20.113818484505234],[57.83862975558398,19.034806810334963],[57.65703490695117,18.970885835603518],[57.18620971163867,18.938108049348635],[56.90431121310351,18.81680067630176],[56.73888686617968,18.689376436189455],[56.60859969576953,18.466741167024416],[56.54936126193164,18.218829713777346],[56.45755294283984,18.091561876252932],[56.25759032687304,17.97677382083301],[56.01284316500781,17.93178518863086],[55.70811751803515,17.95018347354297],[55.561072382537105,17.937171541169924],[55.38948729952929,17.80974157901172],[55.290408167449215,17.676099382356448],[55.2344351144707,17.447261415437502],[55.23563674410937,17.288434587434573],[55.19483855685351,17.148564897493166],[54.910613092986324,16.97005995364551],[54.756079706755855,16.95067175479297],[54.40687468966601,17.04522093387012],[54.084258112517574,17.01911886783008],[53.681250605193355,16.897540651277346],[53.33573440035937,16.763379655793948],[52.894324335662105,16.60995253177051],[52.65216735324023,16.488719545320315],[52.356596979705074,16.233945451692385],[52.23764327487109,16.10025557132129],[52.16285613497851,15.871372781709475],[52.135169062224605,15.687059961274905],[51.95041182955859,15.540526948884768],[51.312563929167965,15.246890626863284],[50.29111770114062,14.958784662202639],[49.71286300143359,14.773288331941409],[49.33384993991015,14.632695756868166],[49.17317870577929,14.498915277437014],[48.9603872629082,14.218897424653811],[48.76460174044726,14.097749315217776],[48.536746058074215,14.046437822297854],[48.270144495574215,14.077626787141604],[48.03616622408984,14.045357309297366],[47.662295374480465,13.847587190583987],[47.36957457980273,13.669052682832522],[46.939394983855465,13.490221582368655],[46.87773410632187,13.473871601441703],[46.711331972911935,13.935677293016287],[46.335271204734354,14.096846193663826],[45.2608118670841,13.828231359251259],[44.508690330728925,14.096846193663826],[43.487953959961175,16.621825637141917],[42.76366332491992,16.645455919221682],[42.53529265841601,17.07066687198047],[42.206519159880855,17.514735780671877],[42.00944426974414,17.73668058963184],[41.62855819186328,18.047204576448244],[41.39917663058398,18.440644823030276],[41.033022913542965,19.284907899812502],[40.81975844821093,19.68472059817676],[41.922550675010456,20.766511713374978],[43.59539989372621,20.06009551762272],[45.36825780084912,18.60957541179488],[51.761290859868126,19.9526495838577],[53.05064206504842,20.382433318917798],[53.3729798663435,20.758494087095386],[53.26553393257848,21.832953424745636],[53.05064206504842,22.15529122604071],[51.65384492610309,22.585074961100815],[50.95544635663043,23.283473530573477],[50.56882690905954,23.854467511249652]]]},"properties":{"name":null,"role":"land"}},{"type":"Feature","geometry":{"type":"MultiPolygon","coordinates":[[[[106.43255863772114,14.515303060615604],[106.51085277817286,14.541238916856427],[106.82145994222037,14.329557761365754],[106.72597793063281,14.306491456941409],[106.55778029879687,14.46428545565967],[106.43255863772114,14.515303060615604]]],[[[105.79773275968087,13.993443174629009],[105.86194105902777,13.97164700228271],[106.12129393901584,13.960206706838244],[106.10370162448046,13.91539629550342],[105.99175551852343,13.889328561738772],[105.79773275968087,13.993443174629009]]],[[[105.08260457371732,14.22721161891464],[105.12732401848619,14.221020366583568],[105.61758972731019,14.054594593066724],[105.2961912485039,14.126582704500002],[105.08260457371732,14.22721161891464]]]]},"properties":{"name":"Laos","role":"land"}},{"type":"Feature","geometry":{"type":"Polygon","coordinates":[[[103.47134477871685,14.353721834522734],[103.78291610201953,14.378065668062014],[104.1564678474937,14.350358614619132],[104.35597612591754,14.32781081227482],[105.08260457371732,14.22721161891464],[105.2961912485039,14.126582704500002],[105.61758972731019,14.054594593066724],[105.79773275968087,13.993443174629009],[105.99175551852343,13.889328561738772],[106.10370162448046,13.91539629550342],[106.12129393901584,13.960206706838244],[106.13449206171732,13.99382441563442],[106.138725429433,14.039003270151698],[106.14354425790205,14.090430210821426],[106.0455953191632,14.387116903354189],[106.43255863772114,14.515303060615604],[106.55778029879687,14.46428545565967],[106.72597793063281,14.306491456941409],[106.82145994222037,14.329557761365754],[106.84143044641657,14.315947710171523],[107.38697365112833,14.55689789165046],[107.29674819430468,14.176478944734377],[107.30970290621875,13.878046594575686],[107.51459029635546,13.421952806428713],[107.45781997164843,13.065914712861819],[107.48226455172656,12.583323083833498],[107.38450149020312,12.354075990632815],[107.21138289889453,12.226013742402834],[106.94189742526171,12.14185007663135],[106.52295211276171,11.942454896882815],[106.28805068453906,11.83942373843555],[105.84254744967578,11.5827070102251],[105.73684981783984,11.391499124482912],[105.83406356295703,11.201510988191409],[106.09004500826953,11.00609739871387],[106.10337356051562,10.917234979585452],[106.02707961520312,10.796079240754885],[105.71722701510546,10.883181177095217],[105.49370864352343,10.888218484834475],[105.22408584078906,10.784976564363284],[104.81260207614062,10.547488771394534],[104.52181533297656,10.444123826936526],[104.38717940768359,10.314412675813479],[104.27201369723437,10.39871271701221],[104.16030410250781,10.519180856660647],[104.00306228121875,10.537899576143069],[103.83095076998828,10.473997674897952],[103.73876479586718,10.492859445527834],[103.60692122897265,10.473509393647952],[103.52486709078906,10.524168573335452],[103.58845809420703,10.66408022494678],[103.67030623873828,10.765905939058108],[103.65232375582812,10.880223833040041],[103.52488997897265,11.05784185977344],[103.40011886080859,11.038512788728518],[103.19204238375781,10.904642663911623],[103.03959182223437,10.897970758394045],[102.96258834323046,11.367944322541994],[102.67077926119921,12.03772410006885],[102.73594954928515,12.116983972505373],[102.68822673110765,12.260197412700272],[102.75206225406839,12.39814782165346],[102.38500481459738,13.437746114096646],[102.43457320651171,13.53806646914844],[102.66785601981368,13.850966322103071],[102.93571651420376,14.149798677668697],[103.47134477871685,14.353721834522734]]]},"properties":{"name":"Cambodia","role":"land"}},{"type":"Feature","geometry":{"type":"Polygon","coordinates":[[[104.38717940768359,10.314412675813479],[104.52181533297656,10.444123826936526],[104.81260207614062,10.547488771394534],[105.22408584078906,10.784976564363284],[105.49370864352343,10.888218484834475],[105.71722701510546,10.883181177095217],[106.02707961520312,10.796079240754885],[106.10337356051562,10.917234979585452],[106.09004500826953,11.00609739871387],[106.7043943735039,10.448421083406252],[106.7486067148125,10.067325197175784],[106.65627578219531,9.743097864106936],[106.48202804049609,9.552120767549319],[106.33506301364062,9.520029626802248],[106.22927382907031,9.55157621951465],[106.11839583834765,9.335317216829104],[105.92659285983203,9.188765130952639],[105.69075301608203,9.124719224885744],[105.50307754000781,9.029017053560061],[105.2084226938164,8.653525911287112],[105.0256834360039,8.51970537753467],[104.90707686862109,8.474970422700686],[104.7424803110039,8.493669115022463],[104.77762130221484,8.881320558503909],[104.82237533053515,9.4722972735918],[104.89044478854296,9.694809518770022],[104.98728469332812,9.822088800386233],[104.97852614840625,9.980911813691897],[104.76486495455859,10.177400194124026],[104.4278059335625,10.284679017976565],[104.38717940768359,10.314412675813479]]]},"properties":{"name":"Cochin China","role":"land"}},{"type":"Feature","geometry":{"type":"Polygon","coordinates":[[[106.09004500826953,11.00609739871387],[105.83406356295703,11.201510988191409],[105.73684981783984,11.391499124482912],[105.84254744967578,11.5827070102251],[106.28805068453906,11.83942373843555],[106.52295211276171,11.942454896882815],[106.94189742526171,12.14185007663135],[107.21138289889453,12.226013742402834],[107.38450149020312,12.354075990632815],[107.48226455172656,12.583323083833498],[107.45781997164843,13.065914712861819],[107.51459029635546,13.421952806428713],[107.30970290621875,13.878046594575686],[107.29674819430468,14.176478944734377],[107.38697365112833,14.55689789165046],[107.46341231783984,14.996761880830569],[107.43399337252734,15.256977640107912],[107.33807662448046,15.45328577609424],[107.09975722750781,15.667821489290041],[107.06714156588671,15.79464491458301],[107.16857436617968,15.992103181794924],[107.10751632174609,16.169568620637698],[106.94634536227343,16.30833014102344],[106.63819411715625,16.484338365510744],[106.42635634860156,16.718055330232424],[106.16977218112109,17.129317842439455],[105.41265395602343,18.083745561555666],[105.09863570651171,18.431155763582034],[104.81215957125781,18.721570573762698],[104.52772048434375,18.935790620759768],[103.89931014498828,19.313087068513674],[103.88008407076953,19.535207353547854],[104.00476363619921,19.70102270694141],[104.1445799203789,19.746285997346682],[104.3584699960625,19.715789400056643],[104.48754409274218,19.7419448718584],[104.60505965670703,19.825173936799807],[104.71968368014453,19.97187765689258],[104.71581557711718,20.200439058259768],[104.32407668551562,20.63627775760059],[104.12909224948046,20.939910493806643],[104.01119521578906,20.977319322541994],[103.83613875826953,20.900102220491213],[103.60706618746875,20.68288382144336],[103.47791579684375,20.65673216433887],[103.26622298678515,20.744395814851565],[102.99293807467578,20.939632020906252],[102.84287551364062,21.249883256868166],[102.69068435153125,21.668059907869143],[102.44640639742968,21.939666353181643],[102.17058852633593,22.198381029084963],[101.96785262545703,22.533715806916994],[102.18545058688281,22.636575303987307],[102.41698745211718,22.695058427766604],[102.5703611703789,22.689601503328127],[102.83884719332812,22.513383470491213],[102.985056910125,22.469791017488284],[103.24778274020312,22.655440889314455],[103.39727309664843,22.707110963777346],[104.11500075778125,22.730329118684573],[104.47811416110156,22.78323134036426],[104.63144210299609,22.85396345706348],[104.94455245455859,23.103391252473635],[105.17943099459765,23.25078161807422],[105.31343368014453,23.296004854158205],[105.59397414645312,23.037318788484377],[105.94114211520312,22.9314037189043],[106.23813918551562,22.90773542971973],[106.58803084811328,22.928811632112307],[106.694529566375,22.834197603181643],[106.71983626803515,22.662929140046877],[106.5073957773125,22.325194917634768],[106.55055526217578,22.09053763003711],[106.67344191989062,21.92616995425586],[107.09811690768359,21.649287782625002],[107.37752822360156,21.574723802522463],[107.78662398776171,21.526309572175784],[107.87561324557421,21.462068162874026],[107.78977492770312,21.402537904695315],[107.41781142672656,21.185786806062502],[107.46579268893359,20.976270280793948],[107.3743391366875,20.88079222293262],[106.80704024752734,20.905006013826174],[106.74624923190234,20.815949998811526],[106.77157119235156,20.638139329866213],[106.38092330416796,20.11008795352344],[106.28142837008593,20.046357713655276],[106.0416746469414,19.937850557283205],[105.96486953219531,19.880523286775393],[105.84338668307421,19.702409349397463],[105.70696547946093,19.282880388215823],[105.53258040866015,18.84421118350391],[105.65331557711718,18.742835603669924],[105.86413100680468,18.489196382478518],[106.36444381198046,18.007497392610354],[106.39383986910937,17.66453894229297],[106.43306258639453,17.55027922244434],[106.62225631198046,17.32835539431934],[107.11497024020312,16.95461042971973],[107.69201949557421,16.37142714114551],[107.80916884860156,16.28274305911426],[108.09534743746875,16.2515884265459],[108.23614791354296,16.080380998567385],[108.36306289157031,15.623269639924807],[108.49894240817187,15.363107286409182],[108.78612044772265,15.090558610872073],[108.91776565035937,14.792262636140627],[109.07114699801562,14.170025430635256],[109.30712417086718,12.906332574800295],[109.17454055270312,12.709093652681155],[109.0684309335625,12.48651274295215],[109.09094527682421,12.118089281038088],[109.04842666110156,11.933768831208987],[109.07335189303515,11.635222040132327],[109.06130507907031,11.590727411226077],[108.89730361422656,11.342598520234866],[108.69589522799609,11.145221315339846],[108.58152297457812,11.087793909028811],[108.35281661471484,11.042831026033205],[108.16427901705859,10.966188989595217],[107.93872359713671,10.806869111970705],[107.67287734469531,10.526755891755862],[107.41204360446093,10.367358766511721],[107.26571944674609,10.347982011750979],[107.03562453707812,10.436424814180178],[106.77315810641406,10.639172159150881],[106.7043943735039,10.448421083406252],[106.09004500826953,11.00609739871387]]]},"properties":{"name":"Đại Việt","role":"land"}},{"type":"Feature","geometry":{"type":"Polygon","coordinates":[[[92.50995162448046,22.110425554231448],[92.77779677828906,22.04213484378223],[92.892283472625,21.97929724307422],[93.00463393649218,22.037112794832034],[93.12766555270312,22.202924333528323],[93.31801380381486,21.729974911573056],[94.70239163457208,20.015983311587938],[95.36161917302789,18.0383006962205],[95.16385091149115,17.64276417314701],[94.46530891062856,17.64281138984915],[94.4204588266289,18.140813432649416],[94.05371383151171,19.061149202302737],[93.96558669528125,19.19435652346973],[93.8390379281914,18.95269163699512],[93.69466689547656,19.009553514436526],[93.45794204196093,19.174213014558596],[93.67500594576953,19.250913225129885],[93.81499770602343,19.257560335115237],[93.72381881198046,19.594037614778323],[93.33432296237109,20.025172792390627],[93.2484846445,20.03769262881641],[93.06563094576953,19.99283369632129],[92.89442733248828,20.1131664142168],[92.93328383883593,20.31016882510547],[92.92148116549609,20.37367209048633],[92.82709792575,20.424287401155276],[92.662791285125,20.404885850862307],[92.40335372408984,20.613961778596682],[92.17629531344531,20.886634431794924],[92.12366774996875,20.996430955842776],[92.23697188815234,21.149966798738284],[92.59760573825,21.387023530916018],[92.50995162448046,22.110425554231448]]]},"properties":{"name":"Arakan","role":"land"}},{"type":"Feature","geometry":{"type":"Polygon","coordinates":[[[74.421436349163,14.375454283976262],[74.15313195022648,14.849504684560506],[74.3916598294187,14.918372851029417],[74.4436586337142,14.831708177203584],[74.53032330754003,14.831708177203584],[74.5996550466007,14.675711764317088],[74.52100792615431,14.600171128791427],[74.58232211183552,14.502382416665423],[74.421436349163,14.375454283976262]]]},"properties":{"name":"Goa","role":"land"}},{"type":"Feature","geometry":{"type":"Polygon","coordinates":[[[142.86388686617968,53.34086950869922],[143.0569105478203,53.06198462100391],[143.138865503875,52.856246553376955],[143.14329055270312,52.5112377032793],[143.03341201266406,52.31218679995899],[142.94488051852343,51.96111258120899],[142.9439192148125,51.61730536075],[143.07418349703906,51.26762732119922],[143.34070876559375,50.88577612491016],[143.63314345797656,50.23497732730274],[144.03820327242968,49.50883825869922],[144.53988173922656,48.75332220645313],[143.97294143160937,49.05807837100391],[143.59835341891406,49.233619295076174],[143.15282729586718,49.25887259097461],[142.85399917086718,49.127696596101565],[142.6461439462578,48.65752371402149],[142.52662185153125,48.16206320376758],[142.48990920504687,47.90160330386524],[142.61463454684375,47.459598146394534],[142.99332717379687,46.95366247744922],[143.2364759775078,46.86326178164844],[143.44480422457812,46.57174261660938],[143.303416285125,46.01119955630664],[143.0042982431328,46.577350221589846],[142.6147718759453,46.71281012149219],[142.51378920992968,46.699622713044924],[142.327342066375,46.56305655093555],[142.18766311129687,46.322913728669924],[141.8983412118828,45.91478308291797],[141.70838454684375,46.13979300113086],[141.6228285165703,46.55804022403125],[141.90938857516406,47.07343252749805],[141.73180678805468,47.47119101138477],[141.81064895114062,47.675616823152346],[142.03646377047656,47.95928152652149],[141.97751906832812,48.284747682527346],[141.76781753024218,48.70146902652149],[141.73958877047656,48.807288728669924],[141.92135146578906,48.943133912996096],[142.04911330660937,49.35470923037891],[142.08281997164843,49.70768316836719],[142.08507827242968,50.30426748843555],[142.15287307223437,50.89004477115039],[142.11239150485156,51.21959265323047],[142.01658156832812,51.43059118838672],[141.6432142587578,51.813087068513674],[141.5981703134453,52.21667440982227],[141.81145766696093,52.62804373355274],[141.84099868258593,52.96002157779102],[141.689646753875,53.165721498445315],[141.767039332,53.27226599307422],[142.21412185153125,53.29970511050586],[142.67486098727343,53.540172182039065],[142.86388686617968,53.34086950869922]]]},"properties":{"name":null,"role":"land"}},{"type":"Feature","geometry":{"type":"Polygon","coordinates":[[[94.46530891062856,17.64281138984915],[95.16385091149115,17.64276417314701],[95.36161917302789,18.0383006962205],[94.70239163457208,20.015983311587938],[93.31801380381486,21.729974911573056],[93.12766555270312,22.202924333528323],[93.00463393649218,22.037112794832034],[92.892283472625,21.97929724307422],[92.77779677828906,22.04213484378223],[92.50995162448046,22.110425554231448],[92.52880671826715,22.595253060605188],[92.26613214237429,22.94548582846233],[92.17857395041001,23.427055884265904],[92.04723666246358,23.689730460158763],[91.91589937451715,23.51461407623019],[91.82834118255286,23.558393172212334],[91.82834118255286,23.733509556140906],[91.47810841469573,24.08374232399805],[91.25921293478501,24.12752141998019],[91.30299203076714,24.346416899890905],[91.56566660666,24.346416899890905],[91.52188751067787,25.003103339623053],[91.74078299058858,25.003103339623053],[91.43432931871358,25.26577791551591],[91.47810841469573,25.484673395426626],[91.56566660666,25.70356887533734],[91.43432931871358,25.791127067301623],[91.56566660666,26.053801643194483],[91.43432931871358,26.097580739176628],[90,25.9662434512302],[90,26.360255315069487],[91.54683397020176,26.2851075494896],[92.40146027198651,26.58422675511426],[94.32436945100218,26.88334596073892],[94.83714523207304,27.56704700216672],[95.4781149584116,27.908897522880622],[97.34041884860156,28.18211515994434],[97.34068587741015,28.23923262210254],[97.47846511325,28.392329774812502],[97.60302260836718,28.41209562869434],[97.82999709567187,28.28646048159961],[98.00866225680468,28.090755067781252],[98.11807540377734,27.68520125003223],[98.21602157076953,27.546138368562502],[98.34509566744921,27.527837358430666],[98.57173446139453,27.54182966800098],[98.63722518405078,27.478742204622073],[98.72535994967578,26.736657701448244],[98.73374465426562,26.34318121524219],[98.57541182955859,25.955068193391604],[98.38228896578906,25.63022192569141],[98.10718062838671,25.393762193635744],[97.88796523532031,25.27188452334766],[97.80182174166796,25.18251761050586],[97.52405074557421,24.799996934846682],[97.55812362155078,24.59066542239551],[97.63116744479296,24.273633562043948],[97.53085616549609,24.01274450869922],[97.53059676608203,23.89210470767383],[97.69524711923407,23.879622433915735],[98.19617514571422,21.60848326484582],[97.77346431080174,21.36643335326134],[97.37243095460272,20.779832287303815],[97.27488230039214,18.503621734320777],[97.37346938571093,18.44939573855762],[97.70602706393359,18.051280580476565],[97.73726180514453,17.968904100374026],[97.78759292086718,17.575469575837893],[97.90217879733203,17.512631975129885],[98.39312270602343,17.083663545564455],[98.45952895602343,16.937985979036135],[98.7500715585625,16.469729982332034],[98.82361129244921,16.317746721223635],[98.73598006686328,16.209258638337893],[98.53294661959765,16.1064468249834],[98.47556594332812,16.004500947908205],[98.57976821383593,15.471605859712405],[98.50286391696093,15.382237039521975],[98.1370344491875,15.189550958589358],[98.21724227389453,15.018537126497073],[98.48691848239062,14.372261606172366],[98.72998336276171,14.157741151765627],[99.00300887545703,13.886227212861819],[99.09447005709765,13.670798860505862],[99.13364699801562,13.372485719636721],[99.09527877291796,13.086422525361819],[99.09757522067187,12.972101770356936],[99.31733230075,12.439803682283205],[99.58108809908984,11.888709627107424],[99.54658797701953,11.755106531099123],[99.09185317477343,11.053625665620608],[98.63720229586718,10.288574777559084],[98.59324172457812,10.120483003572268],[98.43165114840625,10.201866708711428],[98.39786056002734,10.563940607026858],[98.60528090914843,10.862991891816897],[98.68356612643359,11.085537515596194],[98.73837569674609,11.435081087068362],[98.86735061129687,11.645017229036135],[98.63706496676562,11.6572337970293],[98.59017470797656,11.695243440583987],[98.58831313571093,11.822311960176272],[98.67653945407031,12.0512128696001],[98.59676650485156,12.737181268647952],[98.48591903170703,13.111775957063479],[98.19888595065234,13.644810281709475],[97.97914412936328,14.235167108491702],[97.82298568209765,14.61600836367969],[97.74229720553515,15.009702287629885],[97.66407302340625,15.790937028840823],[97.61144545992968,16.095754228547854],[97.59611037692187,16.34982069583301],[97.57322219332812,16.4450698718584],[97.41847518405078,16.482848726228518],[97.35199264010546,16.527171693757815],[97.21499160250781,16.93980749698047],[96.9830808969414,17.244233690217776],[96.88161757907031,17.345660768464846],[96.77038100680468,17.332707963899416],[96.73407271823046,16.88796003909473],[96.66289809664843,16.69722708316211],[96.46924880465625,16.512576662019534],[95.7137937875664,16.15521391482715],[95.55232528170703,15.875349603608889],[95.32981399020312,15.677930437043948],[95.2229719491875,15.804764352754397],[95.22019484957812,16.00168951602344],[95.12479690035937,15.995128236726565],[94.97264388522265,15.835991464570803],[94.82800582369921,15.842039667085452],[94.75341323336718,15.937169633821291],[94.81927779635546,16.21047171206836],[94.5397215219414,16.133636079744143],[94.4155989023125,16.076203905061526],[94.30408767184375,15.94890459628467],[94.1443586679375,16.0057388171709],[94.1433592172539,16.21537932010059],[94.39200118502734,16.90835913272266],[94.46485427340625,17.26426275821094],[94.46530891062856,17.64281138984915]]]},"properties":{"name":"Burma","role":"land"}},{"type":"Feature","geometry":{"type":"Polygon","coordinates":[[[80.45975783785937,15.773146234468264],[80.48413732629336,16.167540532033808],[79.81598840485645,16.347426780112976],[80.20145893645467,16.75859534715108],[80.50983536173325,16.75859534715108],[80.7154196452523,17.092669807869534],[80.94670196421123,17.503838374907637],[80.99809803509099,17.940704977385618],[81.33217249580944,18.069195154585024],[81.58915285020827,18.50606175706301],[82.38579194884458,20.227830131535054],[83.00254479940173,20.56190459225351],[83.25952515380055,20.895979052971967],[83.74778782715829,21.075865301051138],[84.44163478403509,21.075865301051138],[85.1132078500664,19.442306123689455],[84.90661910494921,19.18141134829883],[84.65877059420703,18.933131776765627],[84.26272872408984,18.455840669587893],[83.98768142184375,18.20749434085254],[83.68471816500781,18.08344992251758],[83.3813963266289,17.71067961306934],[83.0769758554375,17.500392518953127],[82.54642013033984,17.226087175325198],[82.35399917086718,17.085914216951174],[82.26742080172656,16.857019029573244],[82.23458388766406,16.647302232698244],[82.08141616305468,16.46274145694141],[81.78898147067187,16.32870253177051],[81.59676650485156,16.30287703128223],[81.36909774264453,16.34686430545215],[81.2531004281914,16.22591169925098],[81.08790114840625,15.826792322114748],[80.96311477145312,15.723398767427248],[80.73596480807421,15.837270341829104],[80.45975783785937,15.773146234468264]]]},"properties":{"name":"Circars","role":"land"}},{"type":"Feature","geometry":{"type":"Polygon","coordinates":[[[78.62102975690198,12.261439145171853],[78.08137101266448,12.0558548616528],[77.64450441018649,12.312835216051614],[77.61880637474661,12.698305747649833],[77.4903161975472,12.698305747649833],[77.18193977226863,12.62121164133019],[76.48809281539184,12.749701818529598],[76.41099870907219,12.980984137488528],[76.64228102803112,13.443548775406391],[76.9506574533097,13.572038952605798],[78.10706904810435,13.494944846286156],[78.49253957970258,13.62343502348556],[78.7238218986615,13.597736988045678],[78.92940618218056,13.058078243808172],[78.7238218986615,12.955286102048648],[78.51823761514245,12.518419499570665],[78.62102975690198,12.261439145171853]]]},"properties":{"name":"Ambur","role":"land"}},{"type":"Feature","geometry":{"type":"Polygon","coordinates":[[[76.24837566157197,10.103524527432205],[76.07506087741015,10.553955636934084],[75.65175155123828,11.423489175752444],[75.59069678092534,11.517517622081254],[76.04183296609584,11.465875307234091],[76.28250853187278,11.259215763016481],[76.41099870907219,10.976537373177788],[76.84786531155017,10.899443266858142],[77.04830998798124,10.498553913995995],[76.24837566157197,10.103524527432205]]]},"properties":{"name":"Malabar","role":"land"}},{"type":"Feature","geometry":{"type":"Polygon","coordinates":[[[76.24837566157197,10.103524527432205],[77.04830998798124,10.498553913995995],[77.0791476305091,10.43687862894028],[77.56741030386685,10.282690416300992],[77.67020244562637,10.154200239101586],[77.59310833930672,9.84582381382301],[77.28473191402816,9.43465524678491],[77.15624173682875,9.357561140465265],[76.87356334699005,9.43465524678491],[76.46720982073163,9.41012571747114],[76.38528731783984,9.747702203706545],[76.24837566157197,10.103524527432205]]]},"properties":{"name":"Cochin","role":"land"}},{"type":"Feature","geometry":{"type":"Polygon","coordinates":[[[76.46720982073163,9.41012571747114],[76.87356334699005,9.43465524678491],[77.15624173682875,9.357561140465265],[77.28473191402816,9.43465524678491],[77.6445044101865,9.383259175905142],[77.4903161975472,9.151976856946215],[77.54171226842696,8.638016148148589],[77.73392654400604,8.177286614507493],[77.48439315280078,8.028187356904787],[77.34137252291796,8.053283296541018],[76.70353225192187,8.706356607393069],[76.66238692721484,8.884175859407229],[76.53785994967578,9.11899908633594],[76.46720982073163,9.41012571747114]]]},"properties":{"name":"Travancore","role":"land"}},{"type":"Feature","geometry":{"type":"Polygon","coordinates":[[[76.04183296609584,11.465875307234091],[75.59069678092534,11.517517622081254],[75.21094039401171,12.102367959932131],[74.9617414804375,12.876961313203616],[74.73362258395312,13.683358751252932],[74.421436349163,14.375454283976262],[74.92168469252037,14.299889454794029],[75.47682144127786,12.99972041254706],[75.91416593592686,11.958242545982891],[76.04183296609584,11.465875307234091]]]},"properties":{"name":"Kanara","role":"land"}},{"type":"Feature","geometry":{"type":"Polygon","coordinates":[[[81.3450215135294,6.607871348397966],[81.05641434733707,6.473188004174882],[80.78640485875758,6.574180418416448],[80.07855673535745,7.744494187697722],[80.03442170609546,8.124055439350963],[80.11151581241509,8.329639722870013],[80.29140206049426,8.303941687430132],[80.41989223769367,8.432431864629539],[80.5226843794532,8.869298467107521],[80.72826866297224,8.792204360787878],[80.72826866297224,8.175451510230726],[81.13943723001034,8.175451510230726],[81.16513526545023,7.584396695113456],[81.39641758440916,7.276020269834881],[81.3450215135294,6.607871348397966]]]},"properties":{"name":"Kandy","role":"land"}},{"type":"Feature","geometry":{"type":"Polygon","coordinates":[[[79.81598840485645,16.347426780112976],[80.48413732629336,16.167540532033808],[80.45975783785937,15.773146234468264],[80.3002195688164,15.64574297519092],[80.16343215426562,15.391318880037112],[80.0894041391289,15.175155244783205],[80.08706954440234,14.946433626130862],[80.16166213473437,14.254099451020998],[80.16971877535937,13.89198549838428],[80.07589248141406,13.669416986421389],[80.2018366912248,13.491685502285232],[79.9573275997758,13.289360562767104],[79.93162956433592,13.03238020836829],[79.9573275997758,12.82679592484924],[79.77744135169664,12.544117535010544],[79.77744135169664,12.312835216051614],[79.86674412719772,11.969091013849939],[79.76935103854296,11.730975709871096],[79.71073440035937,11.444942079500002],[79.73182967623828,11.152719102815432],[79.82626632174609,10.358728013948244],[79.78994277438281,10.250633798555178],[79.30626967867968,10.255945764497561],[79.2224836679375,10.192222200349612],[79.07228377780078,9.759851060823244],[78.92660811862109,9.492679201082034],[78.93772414645312,9.435519777253909],[79.15964797457812,9.277156434968752],[78.79764846285937,9.130231462434573],[78.66012862643359,9.123585306123537],[78.31383803805468,8.995764337495608],[78.18113234957812,8.81121214480762],[78.13577559908984,8.499774537996096],[78.06494430026171,8.385257326082034],[77.89976027926562,8.257814966157717],[77.73392654400604,8.177286614507493],[77.54171226842696,8.638016148148589],[77.4903161975472,9.151976856946215],[77.6445044101865,9.383259175905142],[77.74729655194602,9.537447388544434],[78.46684154426269,10.077106132781942],[78.51823761514245,10.334086487180755],[78.41544547338293,10.950839337737907],[78.41544547338293,11.182121656696838],[78.77521796954127,11.79887450725399],[78.62102975690198,12.261439145171853],[78.51823761514245,12.518419499570665],[78.7238218986615,12.955286102048648],[78.92940618218056,13.058078243808172],[79.21208457201925,13.160870385567698],[79.4176688555383,13.39215270452663],[79.49476296185794,13.880415377884372],[79.4176688555383,14.497168228441524],[79.03219832394008,15.268109291637963],[79.03219832394008,15.730673929555827],[79.46906492641807,15.859164106755236],[79.81598840485645,16.347426780112976]]]},"properties":{"name":"Carnatic","role":"land"}},{"type":"Feature","geometry":{"type":"Polygon","coordinates":[[[79.86674412719772,11.969091013849939],[79.77744135169664,12.312835216051614],[79.77744135169664,12.544117535010544],[79.9573275997758,12.82679592484924],[79.93162956433592,13.03238020836829],[79.9573275997758,13.289360562767104],[80.2018366912248,13.491685502285232],[80.31988051852343,13.333213411287112],[80.31345656832812,13.104481302217287],[80.22375777682421,12.831091485933108],[79.86674412719772,11.969091013849939]]]},"properties":{"name":"Madras","role":"land"}},{"type":"Feature","geometry":{"type":"Polygon","coordinates":[[[77.60114200804944,14.496280052354162],[76.96350647102963,14.702752511960576],[77.3361279849079,14.985430901799269],[77.59310833930672,15.088223043558795],[78.0299749417847,15.088223043558795],[78.13276708354422,15.01112893723915],[78.20986118986387,14.702752511960574],[78.08137101266446,14.574262334761169],[77.60114200804944,14.496280052354162]]]},"properties":{"name":"Gooty","role":"land"}},{"type":"Feature","geometry":{"type":"Polygon","coordinates":[[[80.99809803509099,17.940704977385618],[80.94670196421123,17.503838374907637],[80.7154196452523,17.092669807869534],[80.50983536173325,16.75859534715108],[80.20145893645467,16.75859534715108],[79.81598840485645,16.347426780112976],[79.46906492641807,15.859164106755236],[79.03219832394008,15.730673929555827],[79.03219832394008,15.268109291637963],[79.4176688555383,14.497168228441524],[79.49476296185794,13.880415377884372],[79.4176688555383,13.39215270452663],[79.21208457201925,13.160870385567698],[78.92940618218056,13.058078243808172],[78.7238218986615,13.597736988045678],[78.49253957970258,13.62343502348556],[78.31265333162341,14.265885909482593],[77.60114200804944,14.496280052354162],[78.08137101266446,14.574262334761169],[78.20986118986387,14.702752511960574],[78.13276708354422,15.01112893723915],[78.0299749417847,15.088223043558795],[77.59310833930672,15.088223043558795],[77.3361279849079,14.985430901799269],[76.96350647102963,14.702752511960576],[76.70652611663081,14.728450547400456],[76.57803593943142,14.8055446537201],[76.14116933695342,14.8055446537201],[76.42384772679212,15.113921078998676],[76.50094183311177,15.936258213074877],[76.78362022295046,16.37312481555286],[76.70652611663081,17.19546194962906],[76.88641236470998,17.503838374907637],[77.37467503806774,17.60663051666716],[77.52886325070702,17.915006941945737],[77.88863574686536,17.99210104826538],[77.94003181774512,18.249081402664196],[77.73444753422606,18.428967650743363],[77.88863574686536,18.814438182341583],[77.81154164054571,19.199908713939802],[78.1199180658243,19.277002820259447],[78.24840824302369,19.508285139218376],[78.55678466830227,19.482587103778496],[78.55678466830227,19.713869422737428],[78.81376502270109,19.868057635376715],[78.99365127078025,19.76526549361719],[79.22493358973918,19.893755670816596],[79.37912180237848,19.713869422737428],[79.91878054661598,19.868057635376715],[79.86738447573622,19.636775316417783],[80.04727072381539,19.636775316417783],[80.07296875925526,19.482587103778496],[80.32994911365408,19.456889068338615],[80.3042510782142,19.071418536740396],[80.48413732629336,18.58315586338265],[80.79251375157195,18.428967650743363],[80.7154196452523,18.146289260904666],[80.99809803509099,17.940704977385618]]]},"properties":{"name":"Nizam's Dominions","role":"land"}},{"type":"Feature","geometry":{"type":"Polygon","coordinates":[[[46.31084794664972,4],[47.47859871002002,5.57122602497283],[49.04607299288867,6.416338048890871],[48.94951537570117,5.990390382722659],[48.791811976042965,5.704107366517825],[48.47157958468554,5.20143374057178],[48.078196558562496,4.666824422792239],[47.562138037411636,4],[46.31084794664972,4]]]},"properties":{"name":"Zanzibar","role":"land"}},{"type":"Feature","geometry":{"type":"Polygon","coordinates":[[[40,14.514241012202051],[40.38988402804492,14.905787073091311],[40.630530390349605,14.925351701692385],[40.739138636199215,14.919243417695803],[41.341250452605465,14.34232386203174],[41.70525649508593,13.930100999788088],[41.76108840426562,13.885752283052248],[42.07897857150195,13.86101397128467],[42.35708144625781,13.467672906831545],[42.35496428927539,13.270696245149416],[42.40844253024218,13.175496660188479],[42.63643935641406,13.093382440522952],[43.33047774752734,12.434074006990237],[43.458682093230465,12.224659524873537],[43.474822077361324,12.097622476533694],[43.42193129977343,12.046670518831057],[43.25913909396289,11.96371515841846],[43.06184676608203,11.918821893647952],[42.80995849093554,11.778485856965823],[42.55533126315234,11.568253122285647],[42.668772730437496,11.511313043550295],[40.493945141402975,9.860048391667512],[40.371407359497425,10.472737301195316],[40,10.519163221132494],[40,14.514241012202051]]]},"properties":{"name":"Awsa","role":"land"}},{"type":"Feature","geometry":{"type":"Polygon","coordinates":[[[40,10.519163221132494],[40.371407359497425,10.472737301195316],[40.493945141402975,9.860048391667512],[41.84186074236416,8.757208354517452],[42.94470077951422,6.919141625934017],[42.57708743379753,5.816301588783965],[41.7193229604586,4.713461551633905],[42.82216299760866,4.590923769728338],[43.31459947238227,4],[40,4],[40,10.519163221132494]]]},"properties":{"name":"Oromo","role":"land"}},{"type":"Feature","geometry":{"type":"Polygon","coordinates":[[[43.31459947238227,4],[42.82216299760866,4.590923769728338],[41.7193229604586,4.713461551633905],[42.57708743379753,5.816301588783965],[42.94470077951422,6.919141625934017],[41.84186074236416,8.757208354517452],[40.493945141402975,9.860048391667512],[42.668772730437496,11.511313043550295],[42.95914748629687,11.53735788913135],[43.10357192477343,11.53131254763965],[43.36809447726367,11.45563467593555],[43.788584742156246,10.941863618806643],[44.05242446383593,10.662847124055666],[44.1615476938164,10.491522394136233],[44.28083709200976,10.396465860322756],[44.448210749236324,10.428605638459963],[44.8451528879082,10.416754327729983],[45.012576136199215,10.448878847078127],[45.27015975436328,10.57016047091846],[45.64631560763476,10.761600099519534],[45.909365686980465,10.832064233735842],[46.08827880343554,10.787970148042483],[46.43031218966601,10.667977891877932],[46.677344355193355,10.700275979951662],[46.92915633639453,10.846961580232424],[47.27975753268359,11.101879678682131],[47.39071181735156,11.159307084993166],[47.59234145602343,11.140673242524905],[47.80731872042773,11.096666894868655],[47.996157679167965,11.116128526643557],[48.53374389132617,11.333325944856448],[48.66335204562304,11.320887170747561],[48.9702749582207,11.232596956208987],[49.30350020846484,11.246025644258303],[49.64723494967578,11.329372011140627],[50.0808706613457,11.476436220125002],[50.48606780490039,11.775948129609866],[50.69729140719531,11.947959505037112],[50.96874907931445,11.87865313144092],[51.18070510348437,11.777448259309573],[51.24701598605273,11.65686472506885],[51.06053451022265,11.243457399324221],[51.070254358855465,10.989321313813967],[51.12975982150195,10.70987757296924],[51.055666956511715,10.506385408357424],[50.88675979098437,10.277283273652834],[50.85270598849414,9.597323022798342],[50.77938369235156,9.368420206025881],[50.210825953093746,8.35053213687305],[49.83185485324023,7.993881784395022],[49.77715209445117,7.853968225435061],[49.8229246469414,7.695211969331545],[49.42104629000781,6.989027105287356],[49.04607299288867,6.416338048890871],[47.47859871002002,5.57122602497283],[46.31084794664972,4],[43.31459947238227,4]]]},"properties":{"name":null,"role":"land"}},{"type":"Feature","geometry":{"type":"Polygon","coordinates":[[[48.5536489816582,29.99462278933887],[48.54736236056445,30.048701845125002],[48.38981536349414,30.149411760286135],[48.08126357516406,30.395333848909182],[48.11039260348437,30.49075850100879],[48.106963190642574,30.668550096467776],[48.033457789031246,30.87770804019336],[47.68874648532031,30.882104478791994],[47.67329314669726,31.0280776843584],[47.6981687875664,31.28859480471973],[47.786936792937496,31.568513475374026],[47.793040308562496,31.797170244172854],[47.74243834933398,31.90484007449512],[47.61200622042773,32.03110846133594],[47.2636099191582,32.30219229312305],[47.067576441374996,32.39632757754688],[46.508486780730465,32.81228216739063],[46.26843169650195,32.823627077058596],[46.12398436984179,32.77201422305469],[46.089934382048824,32.84167440982227],[46.105105433074215,33.21007116885547],[45.64643767794726,33.639293275789065],[45.50621322116015,33.797252260164065],[45.505007776824215,33.87979467959766],[45.56502059420703,34.27382620425586],[45.67085174044726,34.61730917544727],[46.18439391574023,35.05844458194141],[45.99489882907031,35.40087088199024],[46.00066283663867,35.515426240876955],[46.21102050265429,35.7838207110918],[45.73042205294726,35.832042299226565],[45.38811400851367,35.925574861482424],[45.358653101531246,36.014503084138674],[45.10513595065234,36.50318869204883],[44.79458907565234,37.13180502505664],[44.78417113741992,37.270370088533205],[44.66005996188281,37.28615912051563],[44.47119048556445,37.45463141055469],[44.42675307711718,37.64417990298633],[44.491763147917965,37.754344545320315],[44.300913843718746,37.80425222964649],[44.20520690402148,37.8674274310625],[44.361460718718746,38.16555746646289],[44.46447661837695,38.29198034854297],[44.44704345187304,38.384933076814455],[44.31755736788867,38.476363740876955],[44.229075464812496,38.481631837800784],[44.12827971896289,38.702918611482424],[44.18318465670703,38.871539674714846],[44.06482604464648,39.173289857820315],[44.08210662325976,39.29454763980274],[44.344885859099605,39.41442068667774],[44.34892943820117,39.609481416658205],[44.45294860324023,39.67275198550586],[44.637278589812496,39.66220434756641],[46.647902115687344,38.960674756993214],[49.041419062224605,39.14466818423633],[49.020144495574215,39.00638159366016],[49.05205825289843,38.931922517732424],[48.945681604949215,38.836185060457034],[48.988230738249996,38.71917685122852],[48.824954065886715,38.3095775470293],[48.80918792208789,37.98856695742969],[48.744780573455074,37.72701605410938],[48.837229761687496,37.51097448916797],[49.05953124484179,37.397559724763674],[49.475806269255855,37.291610322908205],[49.84801391085742,37.26821478457813],[50.03871444186328,37.22470434756641],[50.25221160372851,36.894786439851565],[50.56095412692187,36.68642767520313],[51.4170408578789,36.455691896394534],[51.79552367648242,36.432349763826174],[51.993052515593746,36.45890387149219],[52.60216430148242,36.576881013826174],[53.139014277068355,36.64352758975391],[53.79965499362109,36.67903860659961],[53.98448852023242,36.78191336245899],[54.06743911227343,36.94152411075],[57.31370916933642,36.82905954775894],[58.125604156031926,36.444477711955805],[60.46580794772265,33.716441713289065],[60.50892547091601,33.672252260164065],[60.84135344943164,33.566207490876955],[60.8530874582207,33.48375662417774],[60.555369410124996,33.063094697908205],[60.54009536227343,32.993175111726565],[60.654212030974605,32.50499304385547],[60.72947982272265,31.92770918460254],[60.79381469210742,31.578881822541994],[60.82045653781054,29.833345018342776],[61.69366896598325,29.137422831696203],[64.04389129589131,28.325527845000693],[66.92825506441484,28.1118712695545],[66.30008986910937,25.494687639192385],[65.76880172213671,25.309339128450198],[65.21567061862109,25.270059190706057],[64.85119155367968,25.20576437564258],[64.4249754281914,25.17311628909473],[64.23826125582812,25.210826478914065],[64.12006667575,25.312226854280276],[64.05922225436328,25.40103491397266],[63.650332483855465,25.336646638826174],[63.40352538546679,25.164601884797854],[63.01806167086718,25.157439790681643],[62.44957259616015,25.1625991687334],[61.81326583346484,25.05325659366016],[61.34399321993945,25.026860795930666],[60.85827544650195,25.095714174226565],[60.75223067721484,25.18442877383594],[60.479590448943355,25.29820593448047],[60.29817870577929,25.32323607058887],[59.65458587130664,25.321876131013674],[59.302092585173824,25.34019621463184],[59.03145888766406,25.307866655305666],[58.74442580660937,25.535960756257815],[58.36867812594531,25.54787977786426],[57.900454554167965,25.540891252473635],[57.805090937224605,25.64833029361133],[57.464880976287105,25.70479353518848],[57.32798293551562,25.787087999299807],[57.254771265593746,25.793286882356448],[57.24507049044726,26.018462739900393],[57.112402948943355,26.076190553621096],[57.06634047946093,26.30746801944141],[56.93497756442187,26.464543901399416],[56.929087671843746,26.75186689944629],[56.79043105563281,26.97391279788379],[56.68355086764453,26.96835669131641],[56.66781905612109,27.049895845369143],[56.43094924410937,27.106566987947268],[55.89973357638476,27.10480459781055],[55.80531981906054,27.005092225984377],[55.42489913424609,26.96310766787891],[55.34008696993945,26.79935225100879],[55.09812835177539,26.73744162173633],[54.92553237399218,26.53802641482715],[54.75987533053515,26.41062506289844],[54.6460562082207,26.39131888003711],[54.064944300261715,26.70138319583301],[53.63393691500781,26.74793966861133],[53.380679163542965,26.909589372590823],[52.89083388766406,27.052323900178713],[52.77987197360156,27.187848649934573],[52.63377669772265,27.314601503328127],[52.41038802584765,27.580957017854494],[51.961550745574215,27.776948533967776],[51.611304316130855,27.82704123111133],[51.350134882537105,28.0361343249834],[50.796755823699215,29.01329382510547],[50.702456507292965,29.133781038240237],[50.704722437468746,29.40060766787891],[50.359839472380855,29.74293478579883],[50.1323728891289,30.06642874331836],[49.71784881075976,30.002053819612307],[49.51097396334765,30.020675264314455],[49.45236495455859,30.07772596927051],[49.321360621062496,30.102862916902346],[49.235083613005855,30.223380647615237],[49.2222280832207,30.47745855899219],[49.020171198455074,30.43257101626758],[48.94572356661914,30.387942872957034],[48.8013296457207,30.08272513003711],[48.713843378630855,29.99996145816211],[48.5536489816582,29.99462278933887]]]},"properties":{"name":"Persia","role":"land"}},{"type":"Feature","geometry":{"type":"Polygon","coordinates":[[[57.31370916933642,36.82905954775894],[54.06743911227343,36.94152411075],[53.98521712741015,37.51772650332813],[53.87986281832812,38.02535589785938],[53.937327417937496,38.15944632144336],[53.937327417937496,38.5712962970293],[54.07141784152148,38.89694555850391],[54.03310683688281,38.992721162751955],[53.774504694548824,39.136390291169924],[53.67872527560351,39.251327119783205],[53.5829458566582,39.318370424226565],[53.2094107004082,39.40457113833789],[53.31476500949023,39.56739767642383],[53.37223342379687,39.519507966951174],[53.54463485201953,39.53866156192188],[53.79366210421679,39.49077185244922],[53.812815699187496,39.54824026675586],[53.66914657076953,39.644019685701174],[53.55421355685351,39.65359839053516],[53.51590255221484,39.77811010928516],[53.688303980437496,39.97924765200977],[53.506323847380855,39.99840124698047],[53.36265471896289,39.9600902423418],[53.19025329074023,39.9600902423418],[53.04658416232226,39.99840124698047],[52.98911574801562,39.93135794253711],[52.84545043429492,40.18038138003711],[52.82629302462695,40.46771963687305],[52.90291503390429,40.56349905581836],[52.96996215304492,40.822101198152346],[53.056162867156246,41.05197104068164],[53.180674585906246,40.84125479312305],[53.257300409880855,40.764632783845705],[53.43927672824023,40.80294378848438],[53.61168197116015,40.745479188875],[53.649992975798824,40.87956961245899],[53.76492598971484,40.869990907625],[53.84155181368945,40.640121065095705],[54.10973266085742,40.67843206973438],[54.22466567477343,40.726321779207034],[54.41622451266406,40.659278474763674],[54.45453551730273,40.71674307437305],[54.387488398162105,40.80294378848438],[54.3683348031914,40.89872320742969],[54.45453551730273,40.91788061709766],[54.50242522677539,40.850833497957034],[54.60778335055468,40.81252249331836],[54.81849578341601,40.87956961245899],[54.828074488249996,40.98492392154102],[54.75144866427539,41.13817175479297],[54.35875609835742,41.38719519229297],[54.16719726046679,41.482974611238284],[54.11930755099414,41.779891572908205],[54.023528132048824,41.85651358218555],[54.023528132048824,42.048072420076174],[53.98521712741015,42.10553701968555],[53.73619368991015,42.1342731341875],[53.4584341379082,42.09596212954883],[53.266875300017574,42.086383424714846],[53.06574157199023,42.028915010408205],[52.9795408578789,41.904403291658205],[52.94122985324023,41.77031286807422],[52.998694452849605,41.68411215396289],[52.931651148406246,41.37762030215625],[52.85502532443164,41.38719519229297],[52.692202601042965,41.53086432071094],[52.68262389620898,41.69369085879688],[52.55927184542773,41.75783880801563],[52.600745234099605,41.93767889590625],[52.51981643160937,42.072555147126955],[52.58275893649218,42.1894489154375],[52.672678980437496,42.279368959382815],[52.73562148532031,42.42324026675586],[52.75360778292773,42.558116517976565],[52.8345327707207,42.64803656192188],[52.76259902438281,42.755939088777346],[52.58275893649218,42.82787283511524],[52.37594893893359,42.80089529605274],[52.295020136443355,42.87283285708789],[52.07022384127734,42.82787283511524],[51.98030379733203,42.90880163760547],[51.8813963266289,43.05266913028125],[51.737525019255855,43.17855414004688],[51.42280868014453,43.1695628985918],[51.458777460662105,43.38536795230274],[51.36885741671679,43.55621298404102],[51.260954889861324,43.61016424746875],[51.17103484591601,43.71806677432422],[50.99119857272265,44.077743135408205],[50.955229792205074,44.20362814517383],[50.703459772673824,44.257579408601565],[50.388743433562496,44.29354818911914],[50.32580092867968,44.365481935457034],[50.33479217013476,44.563304506257815],[50.40672591647265,44.61725576968555],[50.54160598239062,44.64423330874805],[50.874304804412105,44.62624701114063],[51.332888636199215,44.482379518464846],[51.57567122897265,44.55431326480274],[51.48575118502734,44.62624701114063],[51.18902114352343,44.770118318513674],[51.09910109957812,44.87802084536914],[51.21599486788867,45.039874635652346],[51.34188369235156,45.0578571185625],[51.37784865817187,45.17475088687305],[51.51272872408984,45.37257345767383],[51.62962249240039,45.354590974763674],[51.845427546111324,45.43551596255664],[51.99829009493945,45.38156469912891],[52.60973647555468,45.39955099673633],[53.059329065886715,45.33660467715625],[53.284129175749996,45.327613435701174],[53.059329065886715,45.4534984454668],[52.84352401217578,45.5074535235918],[52.8345327707207,45.6423297748125],[53.05033782443164,45.831161104158205],[53.14924910983203,45.95704611392383],[53.20320037325976,46.190833650544924],[53.257151636687496,46.316722475007815],[53.12227538546679,46.496558748201174],[53.16723159274218,46.58647497744922],[53.284129175749996,46.676395021394534],[53.185217890349605,46.86522635074024],[53.0233641000664,46.91917761416797],[52.55578521212695,46.982120119050784],[52.37594893893359,46.874217592195315],[52.14215758761523,46.83824881167774],[51.93534759005664,46.89220007510547],[51.79147628268359,47.00909384341602],[51.36885741671679,47.09002264590625],[51.772891832392816,47.46211314585126],[51.387096734969816,48.1051049748896],[51.90149019820049,49.39108863296629],[51.12990000335448,50.419875559427624],[51.387096734969816,51.062867388465975],[55.245047709199866,51.70585921750431],[58.33140848858389,50.934269022658306],[58.845801951814565,52.47744941235032],[59.1029986834299,53.63483470461934],[64.45706092306274,53.581263759332735],[64.68741246443645,54.272318383453886],[72.99162219065806,55.306613460119024],[74.92059767777309,54.14922816785001],[78.64995028619546,50.80567065685063],[81.47911433396416,50.29127719361997],[84.26729348120226,49.20458447323215],[83.1155357743337,48.283178307737295],[85.38290436843612,48.14771216790478],[81.21984354753005,46.56178423613104],[79.15159574123706,46.600807779646],[79.2451171875,46.645166015624994],[79.22197265624999,46.72041015625],[79.08417968750001,46.810107421874996],[78.99082031250003,46.7486328125],[78.8681640625,46.798730468749994],[78.76093750000001,46.723828125],[78.63027343750002,46.746972656249994],[78.47646484375002,46.624609375],[78.35878906250002,46.6234375],[78.29707031250001,46.468554687499996],[78.13632812500003,46.594921875],[77.85996093750003,46.647851562499994],[77.69003906250003,46.658642578125],[77.26601562500002,46.611376953124996],[77.1748046875,46.555957031249996],[77.08242187500002,46.624609375],[76.66835937500002,46.673388671874996],[76.49628906250001,46.635546875],[76.40517578125002,46.662255859374994],[76.29765624999999,46.752880859375],[76.203125,46.780029296875],[75.82587890625001,46.81806640625],[75.4267578125,46.7375],[75.20058593750002,46.7587890625],[75.08867187500002,46.813623046874994],[74.93935546875002,46.81679687499999],[74.62539062500002,46.752099609374994],[74.52421875000002,46.622949218749994],[74.27978515625,46.47021484375],[74.0943359375,46.42783203125],[73.94951171875002,46.288378906249996],[73.98183593750002,46.186376953125],[73.77490234375,46.206494140625],[73.6455078125,46.15],[73.6626953125,46.062353515625],[73.73710937500002,46.012744140624996],[73.55986328125002,45.816357421875],[73.5318359375,45.734179687499996],[73.44365234375002,45.65703125],[73.46523437500002,45.582470703125],[73.61474609375,45.513330078124994],[73.6626953125,45.43564453125],[73.83974609375002,45.2638671875],[73.98066406250001,45.20419921875],[74.0171875,45.012939453125],[74.10384883457186,44.991042496725946],[76.47870398685941,38.28192426079301],[78.42297882341971,37.72641716463293],[77.30769149959062,36.85469833681248],[76.48725024987725,36.64958802438414],[75.59843889602112,36.75214318059831],[74.81218269837915,36.95725349302665],[74.42760086257601,37.4700292740975],[72.84654220427423,37.85461110990064],[70.9606199594414,38.34712942691211],[70.8914289804375,38.37221487613086],[70.71880629977343,38.364886842683596],[64.86112769697297,38.86947984327002],[61.2289659143878,39.830934432777866],[57.31370916933642,36.82905954775894]]]},"properties":{"name":"central Asian khanates","role":"land"}},{"type":"Feature","geometry":{"type":"Polygon","coordinates":[[[66.30008986910937,25.494687639192385],[66.92825506441484,28.1118712695545],[67.44413347727269,28.726012237242415],[68.08384129589429,28.17417839348457],[68.66305540846919,27.709331481087585],[69.14936952559323,27.319041239720327],[69.43653260629665,27.08857919033072],[69.9935231458741,24.04568827978698],[68.84771403588621,23.97300268396334],[68.21621811683215,23.508155728997924],[68.07217696627734,23.675187669709963],[68.04699996432421,23.764070115999026],[67.69232467135546,23.81415518374805],[67.48602584323046,23.92806013675098],[67.31589034518359,24.092885576204104],[67.20423415621875,24.588166795686526],[67.15359786471484,24.65159185977344],[66.99953750094531,24.714782319978518],[66.70171645602343,24.75227888675098],[66.65421584567187,24.783935152009768],[66.64811233004687,24.90462454409961],[66.70050338229296,25.114379487947268],[66.62050918063281,25.31748541446094],[66.43233016451953,25.488610826448244],[66.30008986910937,25.494687639192385]]]},"properties":{"name":"Sindh","role":"land"}},{"type":"Feature","geometry":{"type":"Polygon","coordinates":[[[79.83821686130435,7.81597091101397],[79.83217147311328,8.103148065522952],[79.72417739352343,8.416576944307131],[79.80870345553515,8.647491060212893],[79.6746321054375,8.804930292085452],[79.70579055270312,8.930883966401858],[79.89601424655078,8.92038782687549],[80.05261519869921,9.113884530977053],[80.07652572116015,9.279133401826662],[80.17807296237109,9.445190034822268],[80.10958388766406,9.686597429231448],[80.34759810885546,9.47033079715137],[80.66241744479296,9.29945620150928],[80.7676267953789,9.121781907991213],[81.01491836032031,8.772848688081545],[81.09344008883593,8.626881204561037],[81.04907515963671,8.47429522128467],[81.06007674655078,8.410785280183596],[81.32613662203906,8.25886782260303],[81.4459715219414,7.928720079377932],[81.8048582406914,7.313169561342043],[81.86616805514453,7.084561429933352],[81.77901748141406,6.753964982942385],[81.59991744479296,6.448580347017092],[81.43387893160937,6.270314298585696],[81.2026853891289,6.079191289857668],[80.85180190524218,5.951348863557619],[80.56289962252734,5.931666456178469],[80.34107497653125,5.969314657167239],[80.22215560397265,6.058007322267336],[80.12766555270312,6.216660104707522],[80.0167723031914,6.49599989505176],[79.85409072360156,7.061153493837161],[79.83872512301562,7.353393636659426],[79.83821686130435,7.81597091101397]],[[81.3450215135294,6.607871348397966],[81.39641758440916,7.276020269834881],[81.16513526545023,7.584396695113456],[81.13943723001034,8.175451510230726],[80.72826866297224,8.175451510230726],[80.72826866297224,8.792204360787878],[80.5226843794532,8.869298467107521],[80.41989223769367,8.432431864629539],[80.29140206049426,8.303941687430132],[80.11151581241509,8.329639722870013],[80.03442170609546,8.124055439350963],[80.07855673535745,7.744494187697722],[80.78640485875758,6.574180418416448],[81.05641434733707,6.473188004174882],[81.3450215135294,6.607871348397966]]]},"properties":{"name":"Ceylon (Dutch)","role":"land"}},{"type":"Feature","geometry":{"type":"Polygon","coordinates":[[[81.448679957,30.40275152774219],[81.57261184176562,30.372994981721682],[81.65574935397265,30.454833589509768],[82.14168075045703,30.36555441470508],[82.20093825778125,30.090262971833987],[82.59117415866015,29.97121962161426],[82.91757491549609,29.703366838411135],[83.12975600680468,29.606641374543948],[83.19741347750781,29.666164003328127],[83.40201095065234,29.539681993440432],[83.69781020602343,29.182548128083987],[83.76889327487109,29.25694616885547],[84.08839705905078,29.309030137971682],[84.21853927096484,29.234632097200198],[84.29831222018359,29.06350477786426],[84.26696303805468,28.937020860627932],[84.92027572116015,28.535241685823244],[85.06985000094531,28.646850191072268],[85.21659377535937,28.639407716707034],[85.13804915866015,28.46083792300586],[85.14416793307421,28.341794572786135],[85.56481460055468,28.312036119416994],[85.72918990573046,28.341794572786135],[85.97204879244921,28.11858519168262],[86.03566268405078,27.910255037263674],[86.14223769625781,27.954904161409182],[86.13785079440234,28.11858519168262],[86.44574264010546,27.947461687043948],[86.56804946383593,27.984662614778323],[86.60393813571093,28.133468233064455],[86.78721145114062,28.133468233064455],[87.07065871676562,28.006982408479494],[87.21436599215625,27.843293748811526],[87.5965071054375,27.873056016877932],[87.74962142428515,27.820973955110354],[87.90232375582812,27.947461687043948],[88.21383956393359,27.865617357209963],[88.16182424717722,27.74135000362828],[88.07058242282031,27.523368440583987],[88.03892806491015,27.1290298327959],[88.23191359957812,26.757009111360354],[88.09216597994921,26.444518648103518],[87.94073775729296,26.46684416385059],[87.63218978366015,26.407317720369143],[87.51009658297656,26.444518648103518],[87.349314722625,26.38499792666797],[87.16964248141406,26.437078081086916],[87.0493879648125,26.600764833406252],[86.7765379281914,26.46684416385059],[86.39541915377734,26.63052710147266],[86.07120803317187,26.697492204622073],[85.90053847750781,26.59332426638965],[85.75989058932421,26.704934678987307],[85.77540114840625,26.85373457522754],[85.63416579684375,26.883494935945315],[85.37141707858203,26.757009111360354],[85.09327987155078,26.876056276277346],[84.96470931491015,27.00254400821094],[84.66636184176562,27.069509111360354],[84.71129897555468,27.270391069368166],[84.64774611910937,27.374557100251955],[84.35837081393359,27.404315553621096],[84.13611129244921,27.53824385257129],[83.87434676608203,27.382001481965823],[83.65725234469531,27.50103911013965],[83.43074325045703,27.50103911013965],[83.39164260348437,27.404315553621096],[83.32403853854296,27.374557100251955],[83.18719771823046,27.46384008975391],[82.81183150729296,27.53824385257129],[82.72996047457812,27.716809831575198],[82.48791030367968,27.68705328555469],[82.02530959567187,27.954904161409182],[81.92122939547656,27.8805003985918],[81.80762789969579,27.942510143396223],[81.3623762460625,28.185552202180666],[81.22500899752734,28.423640809968752],[80.90857985934375,28.4906020984209],[80.60916427096484,28.70636709781055],[80.39947799166796,28.669168077424807],[80.11586287936328,28.840295396760744],[80.09826949557421,28.951900087312502],[79.70751607742709,29.359083225538036],[79.62116281471002,28.927316911952687],[79.44845628927588,28.797787017877077],[79.27574976384173,28.322844072933187],[79.01668997569053,28.322844072933187],[78.88716008161492,28.538727229725865],[79.05986660704906,29.74767290776486],[78.97351334433199,29.83402617048193],[78.32586387395395,29.83402617048193],[78.02362745444421,30.265792484067283],[77.68770230697845,30.366570028307013],[78.13132266157702,30.776987895259385],[76.28800519660592,31.135291980049352],[76.95159948399552,31.71204275113335],[78.76073468239645,31.540865820556718],[78.80533126315234,31.347673021272463],[78.89426711520312,31.31791266055469],[79.10879043063281,31.45927771182422],[79.28126052340625,31.347673021272463],[79.6285887094414,30.968219362214846],[79.79214004000781,31.020301423982424],[80.27717879733203,30.759891115144534],[80.22518447360156,30.596202455476565],[80.56510451754687,30.484597764924807],[80.63441756686328,30.514360032991213],[81.02130416354296,30.246511064485354],[81.12931350192187,30.05306204409961],[81.2639875741875,30.03074225039844],[81.38832381686328,30.17210539431934],[81.448679957,30.40275152774219]]]},"properties":{"name":"Nepal","role":"land"}},{"type":"Feature","geometry":{"type":"Polygon","coordinates":[[[129.715515,28.451107],[129.511932,28.294998],[129.368561,28.116108],[129.157745,28.234993],[129.25665300000014,28.320831],[129.574982,28.461662],[129.715515,28.451107]]]},"properties":{"name":null,"role":"land"}},{"type":"Feature","geometry":{"type":"Polygon","coordinates":[[[129.963013,29.957218000000125],[129.92358400000012,29.983883],[129.94165,30],[129.963013,29.957218000000125]]]},"properties":{"name":null,"role":"land"}},{"type":"Feature","geometry":{"type":"Polygon","coordinates":[[[129.89636200000018,29.87416500000012],[129.923309,29.824997],[129.877167,29.83083],[129.89636200000018,29.87416500000012]]]},"properties":{"name":null,"role":"land"}},{"type":"Feature","geometry":{"type":"Polygon","coordinates":[[[130.906097,30.354717000000107],[130.869415,30.469715],[130.94720500000017,30.570274],[130.945251,30.683331000000123],[131.039703,30.831108],[131.084686,30.805832],[131.074402,30.689163],[130.9696960000001,30.390553],[130.906097,30.354717000000107]]]},"properties":{"name":null,"role":"land"}},{"type":"Feature","geometry":{"type":"Polygon","coordinates":[[[130.558594,30.236382000000106],[130.440247,30.252777],[130.387207,30.397217],[130.510803,30.458885000000123],[130.671906,30.373329000000126],[130.649414,30.28777700000012],[130.558594,30.236382000000106]]]},"properties":{"name":null,"role":"land"}},{"type":"Feature","geometry":{"type":"Polygon","coordinates":[[[121.734711,25.138885],[121.881653,25.114719],[121.999153,25.01083],[121.913879,24.959995],[121.81694000000016,24.847775],[121.799713,24.756664],[121.843597,24.606384],[121.839706,24.476383000000112],[121.780548,24.426384],[121.74498000000017,24.286385],[121.60498,24.080551],[121.596367,23.899998],[121.536926,23.70138500000013],[121.453049,23.327221],[121.355553,23.087498],[121.25916300000017,22.899998],[121.168053,22.762497],[121.079437,22.70916],[120.969711,22.568329],[120.878593,22.341385000000116],[120.88247700000011,22.039440000000127],[120.824158,21.927773000000116],[120.698318,21.945827],[120.674988,22.181938],[120.573036,22.366108],[120.416901,22.482502],[120.328598,22.519444],[120.199707,22.786942],[120.163879,22.953606],[120.049149,23.060829],[120.055542,23.153049],[120.148331,23.327221],[120.11554,23.631386],[120.1933140000001,23.781109],[120.278702,23.889069],[120.4272,24.149998],[120.471909,24.193045],[120.558868,24.385273],[120.642761,24.47916],[120.697746,24.60083],[120.871597,24.73999],[120.921097,24.875828],[121.00166300000012,25.001663],[121.19470200000012,25.109997000000135],[121.384987,25.157497],[121.4805530000001,25.271942],[121.610809,25.2575],[121.734711,25.138885]]]},"properties":{"name":null,"role":"land"}},{"type":"Feature","geometry":{"type":"Polygon","coordinates":[[[128.900818,32.643051],[128.741913,32.589157],[128.610229,32.61166400000013],[128.649414,32.777771],[128.813293,32.792496],[128.900818,32.643051]]]},"properties":{"name":null,"role":"land"}},{"type":"Feature","geometry":{"type":"Polygon","coordinates":[[[123.870819,24.252499],[123.718323,24.277222],[123.678864,24.316109],[123.767212,24.41444],[123.92192100000011,24.371109],[123.870819,24.252499]]]},"properties":{"name":null,"role":"land"}},{"type":"Feature","geometry":{"type":"Polygon","coordinates":[[[125.356369,24.776665],[125.252213,24.737774],[125.261932,24.878883],[125.356369,24.776665]]]},"properties":{"name":null,"role":"land"}},{"type":"Feature","geometry":{"type":"Polygon","coordinates":[[[124.26165800000012,24.457497],[124.22971300000017,24.338329],[124.121918,24.344997],[124.077766,24.419994],[124.26165800000012,24.457497]]]},"properties":{"name":null,"role":"land"}},{"type":"Feature","geometry":{"type":"Polygon","coordinates":[[[128.252777,26.63888500000013],[127.94637300000011,26.451107],[127.83582300000012,26.41944100000012],[127.778587,26.23666],[127.813026,26.155552000000114],[127.714157,26.081665],[127.65277100000014,26.083054],[127.639977,26.208607000000143],[127.743874,26.306942],[127.7211,26.436108],[127.800537,26.442493],[127.958878,26.544441],[127.876373,26.620552],[127.954987,26.695827000000122],[128.023865,26.631107],[128.247192,26.839996],[128.33136,26.752499000000114],[128.252777,26.63888500000013]]]},"properties":{"name":null,"role":"land"}},{"type":"Feature","geometry":{"type":"Polygon","coordinates":[[[126.76193200000012,26.38694],[126.8099820000001,26.346943],[126.781097,26.29833200000013],[126.701927,26.348606],[126.76193200000012,26.38694]]]},"properties":{"name":null,"role":"land"}},{"type":"Feature","geometry":{"type":"Polygon","coordinates":[[[128.95108,27.67582700000014],[128.89721700000018,27.725826],[128.89886500000011,27.89777400000014],[128.96109,27.898605],[129.029968,27.774441000000138],[128.95108,27.67582700000014]]]},"properties":{"name":null,"role":"land"}},{"type":"Feature","geometry":{"type":"Polygon","coordinates":[[[128.609131,27.358887],[128.52359000000013,27.413609],[128.69635000000017,27.4486050000001],[128.609131,27.358887]]]},"properties":{"name":null,"role":"land"}},{"type":"Feature","geometry":{"type":"Polygon","coordinates":[[[129.992188,28.281666],[129.943024,28.32222],[130.0324710000001,28.35305],[129.992188,28.281666]]]},"properties":{"name":null,"role":"land"}},{"type":"Feature","geometry":{"type":"Polygon","coordinates":[[[129.33609000000013,28.075275],[129.219116,28.097775],[129.223846,28.183605],[129.3402400000001,28.110828],[129.33609000000013,28.075275]]]},"properties":{"name":null,"role":"land"}},{"type":"Feature","geometry":{"type":"Polygon","coordinates":[[[129.733032,29.609718],[129.70968600000015,29.651661],[129.75332600000013,29.64777400000014],[129.733032,29.609718]]]},"properties":{"name":null,"role":"land"}},{"type":"Feature","geometry":{"type":"MultiPolygon","coordinates":[[[[40,64.54050716530816],[40.322173151580074,64.4629321918047],[40.43979171237109,64.56356390567188],[40.46206191500781,64.75027807803517],[40.36595061740039,64.8579288348711],[40,65.13739976179053],[40,65.59366734590874],[40.681407007781246,65.79355963321095],[41.35424712618945,65.95517309756642],[41.62328246554492,66.06516607852345],[42.13344481906054,66.38788946719532],[42.21078780612109,66.41000708194142],[43.241431269255855,66.2508960589922],[43.87621978243945,66.01096685977345],[44.05284026583789,66.04050024600392],[44.12211135348437,66.26716192813282],[44.383608851042965,66.61201819033985],[44.36195281466601,66.90596350283985],[44.2191648813164,67.08982428164845],[43.83810714205859,67.16285284610157],[43.70359710177539,67.26593359561329],[44.21583465060351,67.71826513858204],[44.26107314547656,67.82963903994923],[44.1687498422539,68.09702643008595],[43.82216552218554,68.32731970401173],[43.85324386080859,68.46920355410938],[44.012026819792965,68.49190863223438],[44.66781142672656,68.3885913714922],[45.57964232882617,68.44253882022267],[45.86343673190234,68.38334997744923],[46.16195205172656,68.1081958636797],[46.439368280974605,67.90793951602345],[46.63406661471484,67.70051153750782],[45.46258071383593,67.63906439395313],[45.092505488005855,67.54207953067188],[44.87120727023242,67.3124194964922],[44.95714095553515,67.23135717959767],[45.38563445529101,67.09937628360157],[45.71535018405078,66.8496280536211],[46.07677749117968,66.76208075137501],[46.40205291232226,66.71860083194142],[46.97264007052539,66.7784610614336],[47.57118895968554,66.81631048770313],[47.706187281218746,66.89010962100392],[47.952918085662105,67.37729223819142],[48.08066085299609,67.56245764346485],[48.63532165011523,67.6523853168047],[49.18562987765429,67.83882483096485],[49.63012221774218,67.93619116397267],[50.4958982797539,68.15346869082813],[51.13895705660937,68.2663989886797],[51.83080962618945,68.40938147158985],[52.244875940886715,68.54455908389454],[52.33738234957812,68.33572729678517],[52.46266845187304,68.29867132754688],[52.719729456511715,68.35138281436329],[52.9387693735039,68.47117956729298],[53.00575164279101,68.68056830020313],[53.17943480929492,68.75574835391407],[53.50243285616992,68.81625708194142],[53.88911727389453,68.78699835391407],[53.80839446505664,68.60726507754688],[53.78207686862109,68.3384204730547],[53.39590743502734,68.30042608828907],[53.316844019499996,68.13638647647267],[53.62573913058398,68.04768713565235],[54.37974837741015,68.16070898623829],[54.575957331267574,68.16109045596485],[54.752295527068355,68.04978521914845],[54.99598601779101,68.20653112979298],[55.12649825533984,68.40060766787892],[55.335391077605465,68.48309668155079],[55.72289184054492,68.53610571475392],[56.19510177096484,68.56686743350392],[56.54026320895312,68.55256994815235],[57.02422622164843,68.44890936465626],[57.36369231661914,68.45701941104298],[57.52586654147265,68.49463995547657],[57.959197077361324,68.70476111026173],[58.40928939303515,68.83285864444142],[58.77038100680468,68.85600622744923],[59.19904998263476,68.77440985293751],[59.3458738656914,68.69986303897267],[59.06195739230273,68.49748571963673],[59.119788202849605,68.39309271426563],[59.501860651580074,68.28942450137501],[59.76234725436328,68.29738958926563],[59.89204696139453,68.40200384707813],[59.92537597140429,68.58127173037892],[60.07908919772265,68.61895330996876],[60.51208404025195,68.58985479922657],[60.7562742563164,68.67254980655079],[60.93412307223437,68.8150821551836],[60.98595717867968,69.00259741397267],[60.36923507174609,69.4676929339922],[60.84873488864062,69.71004065127735],[61.030039820281246,69.74060400576954],[62.28127196749804,69.70512732119923],[62.85394957980273,69.61560400576954],[63.41231826266406,69.54873999209767],[63.92324355563281,69.45921667666798],[64.87299636325,69.22766455264454],[65.35536483248828,69.18344458194142],[66.58425429782031,68.8855396136797],[68.2154035898125,68.20135077090626],[68.48788741549609,68.22421606631642],[69.0026121469414,68.69536932559376],[69.10895064791796,68.83031042666798],[68.69183639010546,68.81454809756642],[68.5117674203789,68.83668097110157],[68.25765517672656,68.94111975283985],[68.09354690035937,69.13594397158985],[68.10592940768359,69.42932470889454],[67.77870467623828,69.55685003848438],[66.88444045504687,69.62308081241017],[66.79896834811328,69.74374731631642],[66.96485427340625,69.95582159610157],[67.27720168551562,70.07055243106251],[67.42175582369921,70.2234302386797],[67.3982420297539,70.59850653262501],[67.28530410250781,70.70580633731251],[66.77481368502734,70.73557623477345],[66.67020705660937,70.8661304339922],[66.7528878102826,71],[72.52325489515547,71],[72.67970565280078,70.82351263614063],[72.77420333346484,70.45523413272267],[72.69588759860156,70.35557898135548],[72.43689254244921,70.18696936221485],[72.55148604830859,69.65626104922657],[72.52553084811328,69.06907995791798],[72.64349654635546,68.80691107364063],[72.84616378268359,68.63523443789845],[73.30861190280078,68.51655157657032],[73.39364913424609,68.38238867373829],[73.175242457,68.16592749209767],[72.98776534518359,67.79414709658985],[72.8376951547539,67.6456485614336],[72.48502639254687,67.43782385440235],[71.93047622164843,67.15627630801563],[71.6471433969414,67.06732519717579],[71.39950087985156,66.94906958194142],[71.54405501803515,66.71412237735157],[70.83993056735156,66.55140265078907],[70.12074569186328,66.71882208438282],[69.79152205905078,66.75493200869923],[69.35537246188281,66.73943670840626],[69.0847654672539,66.68753393741017],[69.17261031588671,66.54828985782032],[69.43512252291796,66.4242359027422],[69.76729873141406,66.32971533389454],[70.47356704196093,66.23597296328907],[70.98342421969531,66.20038946719532],[71.25953200778125,66.22281225772267],[71.79433730563281,66.15806158633595],[72.2088117929375,66.17345770450001],[72.42107680758593,66.33466681094532],[72.55741408785937,66.4959903583086],[73.1654539438164,66.64375647158985],[73.69016555270312,66.86506994815235],[73.81080916842578,66.99035223575001],[73.98450759371875,67.26336248965626],[74.35252669772265,67.40435370059376],[74.74171737155078,67.68622168155079],[74.77064803561328,67.84936865420704],[74.6693601938164,68.10174902530079],[74.39512923678515,68.34698828311329],[74.50497725924609,68.59347876162892],[74.91630080660937,68.70638617129688],[75.53720382174609,68.77486761660938],[76.32775405367968,68.77634008975392],[76.66087630709765,68.67222174258595],[77.03982070407031,68.46377142520313],[77.10788253268359,68.11375006289845],[76.95493606051562,67.65331610293751],[77.09069350680468,67.52774389834767],[77.50477889498828,67.43239935489063],[78.08904555758593,67.41131170840626],[78.47786239108203,67.47854193301563],[78.53574660739062,67.6118350848711],[78.30457595309375,67.69286688418751],[77.94601729830859,67.77371557803517],[77.68886092623828,67.75840338321095],[77.4832258554375,67.80251654239063],[77.51418593844531,67.97325476260548],[77.97751906832812,68.14512213321095],[78.00718215426562,68.25683935733204],[77.90906051119921,68.32369574160938],[77.63582900485156,68.81619604678517],[77.40597823580859,68.93561895938282],[77.02994826754687,68.97991522403126],[76.53798964938281,69.08405645938282],[75.59802535494921,69.2100025043047],[74.90170577487109,69.08100470157032],[74.31795791110156,69.16254004092579],[73.91452315768359,69.15427740664845],[73.90792373141406,69.27452429385548],[73.65407851657031,69.756465517],[73.79099563082812,70.05221136660938],[74.12222579440234,70.36587866397267],[74.24957564791796,70.57294806094532],[74.18918899020312,70.67260321231251],[73.84613261264789,71],[77.78717601188791,71],[78.10473159274218,70.84130438418751],[78.60852340182421,70.84992560000782],[78.51977058488731,71],[82.14978334602762,71],[82.10357192477343,70.85644110293751],[82.04561141451953,70.41893347354298],[82.19571975192187,70.35798224063282],[82.50152877291796,70.71113165469532],[82.6754637094414,70.84212835879688],[82.80373671969531,70.81927832217579],[83.07590774020312,70.58175238223438],[83.03633407076953,70.24492987246876],[83.37072280367968,70.33726080508595],[83.67697432955859,70.46026190371876],[83.65711501559375,70.59817083926563],[83.57093337496875,70.65170630069142],[83.50470260104296,70.81292303653126],[83.33416675651912,71],[129.75330354099106,71],[130.17171767672656,70.8153491839922],[130.77927688082812,70.678340517],[131.05480483492968,70.68650396914845],[131.41268447360156,70.86376532168751],[131.57196053767836,71],[151.55364152699536,71],[151.6448469491875,70.89377935977345],[151.8990736337578,70.73301275821095],[152.13401320895312,70.66443213076954],[152.79058364352343,70.68098791690235],[153.40442946871875,70.72815283389454],[155.04923537692187,70.93854864688282],[156.04317763766406,70.98655279727345],[157.39641860446093,70.92751654239063],[158.0779524179375,70.86731299014454],[158.40867141207812,70.81418951602345],[158.93413833102343,70.62346991153126],[159.22921279391406,70.54745062442188],[159.46557143649218,70.39498480410938],[159.62790969332812,70.21980627627735],[159.57267287692187,69.99896582217579],[159.44381240328906,69.76456030459767],[159.67295363864062,69.65192755313282],[160.39239028414843,69.61560400576954],[160.68160537203906,69.57847937198048],[160.67403701266406,69.27026709170704],[160.86234572848437,69.08311804385548],[161.17081740817187,69.15864904971485],[161.41610244235156,69.35423620791798],[161.96099379977343,69.52816351504688],[163.0382337900078,69.5452075824297],[163.72240737399218,69.67448767276173],[164.05369094332812,69.66003759951954],[164.31817153414843,69.46485479922657],[164.63646987399218,69.41282232852345],[165.3301496835625,69.40657385440235],[166.30924514254687,69.37832983584767],[166.70035842379687,69.4316593036211],[167.32007888278125,69.65857275576954],[168.09997085055468,69.23150213809376],[168.59241774996875,69.11246069522267],[168.98606399020312,68.9633975848711],[169.11321547946093,68.78420599551563],[169.38860610446093,68.71748694033985],[170,68.7707944026007],[170,59.87941740575813],[169.87749770602343,59.87456091494922],[169.61364272555468,60.0122028216875],[169.4557142587578,60.296268068269534],[169.1541242929375,60.434642396882815],[168.67075637301562,60.45457800479297],[168.21090224703906,60.43286093325977],[167.10398391207812,60.27102621646289],[166.86841872653125,60.17341574283008],[166.26851943453906,59.83327826114063],[166.02721694430468,59.70872076602344],[165.9449720712578,59.77061041446094],[166.20342544039843,60.352637849763674],[165.95633986910937,60.31051596255664],[165.77999404391406,60.35411413760547],[165.41538527926562,60.11518820376758],[164.93296340426562,59.96187552066211],[164.88157180270312,59.7341380939043],[164.58460524996875,59.66465338321094],[164.44190505465625,59.74018820376758],[164.32805922946093,59.96072729678516],[164.11052993258593,60.07820852847461],[163.76682570895312,59.88375815005664],[163.38868239840625,59.814063631013674],[163.10639480075,59.579173646882815],[163.04290297946093,59.46200140567188],[163.09977248629687,59.35886725039844],[163.25451186617968,59.29037436099414],[162.83521560153125,59.05590780825977],[162.7534437509453,58.96646460147266],[162.90740493258593,58.891280733064455],[162.61590102633593,58.73296316714649],[162.22001174410937,58.48553045840625],[161.93841079196093,58.25918539615039],[161.80436233004687,58.101722322419924],[161.79993728121875,57.862735353425784],[161.98922255953906,57.719852052644534],[162.20365432223437,57.67936285586719],[162.82566359957812,57.70098074527149],[163.07837966403125,57.62649878116016],[163.1278333993828,57.55162390323047],[162.9320326181328,57.37424048037891],[162.59327224215625,57.169540010408205],[162.512400660125,57.033492647126955],[162.6128187509453,56.80288275332813],[162.74430373629687,56.599708162263674],[163.0979719491875,56.55972632022266],[163.1722669931328,56.38381537051563],[163.16599563082812,56.10649832339649],[163.00907424410937,55.944068513826174],[162.77128127535937,55.91659506411914],[162.55463698825,56.01072271914844],[162.5471906991875,56.10531576724414],[162.721873316375,56.342349611238284],[162.52181533297656,56.34873541446094],[162.317576441375,56.24010046573047],[161.86132338961718,55.86087378116016],[161.60943129977343,55.55691488833789],[161.50274184664843,55.287372194246096],[161.64737990817187,54.985091768220705],[161.93853286227343,54.8451000079668],[162.0082044931328,54.738223634675784],[161.87586501559375,54.56412848086719],[161.56661513766406,54.42324026675586],[161.13636306246875,54.409068666414065],[160.837595972625,54.448566041902346],[160.68291762789843,54.448279939607424],[160.40430739840625,54.36758764834766],[159.93114760836718,54.08635672183399],[159.69506362399218,53.85922583194141],[159.63321975192187,53.70584448428516],[159.6834974618828,53.57943304629688],[159.90476516207812,53.40018042178516],[159.89686110934375,53.240577302888674],[159.59176162203906,53.133624635652346],[159.31981948336718,53.1264720782793],[158.78814223727343,52.95936544986133],[158.46136001071093,52.82596167178516],[158.4316664071953,52.713084779695315],[158.46236709078906,52.58713873477344],[158.38950637301562,52.20268591494922],[158.25802138766406,52.01712378116016],[157.8977766366875,51.6660228595293],[157.20952895602343,51.22900351138477],[156.82464126071093,51.00411947818164],[156.69637587985156,50.957748018220705],[156.56373122653125,51.234359346345705],[156.47469619235156,51.60382040591602],[156.36185744723437,51.91423758120899],[156.33323195895312,52.271556459382815],[156.175242457,52.609256349519534],[156.03809646090625,52.7814899310625],[155.9418440195,53.19308050723438],[155.71079543551562,53.8049388751543],[155.7074690195,54.064952455476565],[155.63807204684375,54.31840857119922],[155.63018325289843,54.465350709871096],[155.58306411227343,54.552074037507815],[155.46520522555468,54.91977270694141],[155.45347121676562,55.27581366153125],[155.5056867929375,55.63962133975391],[155.62757399996875,56.26791723819141],[155.70299819430468,56.36959799380664],[156.23583510836718,56.75682791324024],[156.55787185153125,56.94747122378711],[156.81467727145312,57.260570131257815],[156.87765029391406,57.362742982820315],[156.77685073336718,57.580455385164065],[157.51116469821093,57.74545248599414],[157.9616957040703,57.88275869937305],[158.32625869235156,58.02682074160938],[159.10428908785937,58.424884401277346],[159.39269545992968,58.61035116763477],[159.58628371676562,58.802676759675784],[159.649119410125,58.953746400789065],[160.4519300790703,59.3538890704668],[160.84424880465625,59.554244600251955],[161.53524306735156,59.941688142732424],[161.70084670504687,60.07350882144336],[161.81792739352343,60.26799353213672],[162.3811292978203,60.463573060945315],[163.329295191375,60.694949708894534],[163.44480422457812,60.8902660235918],[163.79265883883593,61.128192506746096],[163.8313703866875,61.23308905215625],[163.57572463473437,61.33047064395313],[163.9422865243828,61.73741491885547],[163.92588332614062,61.955001436189455],[164.00829604586718,62.130897127107424],[164.27720168551562,62.22288092227344],[165.05478957614062,62.25954397769336],[165.2857160898125,62.28813513369922],[165.0671644540703,62.435687623933596],[164.13767531832812,62.53265341372852],[163.34025100192187,62.411300264314455],[162.99024489840625,62.32608374209766],[163.00915053805468,62.17827948184375],[162.71056655367968,61.763187013582034],[162.74877456149218,61.608985506013674],[162.23524001559375,61.509925447419924],[161.53577712496875,61.18681677432422],[160.64498427828906,60.71775396914844],[160.118845972625,60.56362494082813],[160.0071058603203,60.591250978425784],[160.07699111422656,60.737586580232424],[160.23559096774218,60.94700964541797],[159.81551650485156,60.981082521394534],[159.74351027926562,61.09963568301563],[159.85686782321093,61.3024974689043],[160.05623916110156,61.51285132022266],[160.14934829196093,61.660167299226565],[160.11825087985156,61.75127752871875],[159.96580031832812,61.76504095645313],[159.45463088473437,61.56075247378711],[159.23105910739062,61.546310029939455],[159.10642531832812,61.70729025454883],[158.841258082,61.78396948428516],[158.118357691375,61.71947439761524],[157.09798720797656,61.633399568513674],[156.82523635348437,61.56281241031055],[156.42315200289843,61.401004396394534],[156.3811750741875,61.205081544832034],[156.41843703707812,61.12132986636524],[155.85076430758593,60.88296850772266],[155.66668227633593,60.77804144473438],[155.73389724215625,60.55536612124805],[155.151804957,60.394351564363284],[154.69332412203906,60.199019990876955],[154.31565383395312,59.983348451570315],[154.09215835055468,59.77587851138477],[153.94297316989062,59.56882818789844],[153.94446853121875,59.396678529695315],[154.1817884775078,59.3007770404375],[154.75280288180468,59.28121908755664],[154.90589431246875,59.102767549470705],[154.38708022555468,59.03995092959766],[153.92443374117968,58.922347627595705],[153.45414260348437,58.948916994050784],[153.13988784274218,59.01012381167774],[152.82833388766406,58.947738252595705],[152.50420669039843,58.76871832461719],[152.19124892672656,58.925941072419924],[151.69065383395312,58.75345953555469],[151.35448745211718,58.691119752839846],[151.1354017587578,58.73182638736133],[151.00748733004687,58.7933421954668],[151.0561781259453,58.923812471345705],[151.78330520114062,59.03504904361133],[151.85726455172656,59.05581244082813],[151.52360061129687,59.343944154695315],[151.1402082773125,59.43957098575],[150.66341689547656,59.431800447419924],[150.27865127047656,59.362247072175784],[150.12006667575,59.38945349307422],[149.72957900485156,59.59532888980274],[149.38030532321093,59.60845526309375],[149.04528335055468,59.5871539935625],[148.72844985446093,59.476337037996096],[148.74720290621875,59.29743155093555],[148.63029006442187,59.19402655215625],[148.4160871835625,59.09739264102344],[147.91918471774218,59.26147421450977],[147.35222915133593,59.232886873201174],[146.99962905367968,59.19095953555469],[146.30735305270312,59.285953126863284],[146.05396560153125,59.25107153506641],[145.95696547946093,58.98285635562305],[145.65258315524218,58.975406251863284],[145.51279738864062,59.03694876284961],[145.49566176852343,59.208751283601565],[145.40413955172656,59.325503908113284],[144.84569838961718,59.28319510074024],[144.38981154879687,59.309859834626955],[143.82409194430468,59.29501303286914],[143.30285170992968,59.26652868838672],[142.8458509775078,59.272525392488284],[142.35776809176562,59.14095648379688],[141.92383864840625,58.940894685701174],[141.59083083590625,58.72753103824024],[141.34955886325,58.500865541414065],[140.99425795992968,58.3906322345293],[140.58739760836718,58.23931082339649],[140.49984267672656,58.17075689883594],[140.02874282321093,57.64412649722461],[139.29383376559375,57.3361774310625],[138.86675551852343,57.12446554751758],[138.34592727145312,56.8042064532793],[137.60193923434375,56.24034842105274],[137.22909072360156,55.98272284121875],[136.5212660165703,55.58989294619922],[136.11939528903125,55.42064627261524],[135.26954177340625,55.02874334903125],[134.98522475680468,54.85393484683399],[134.89373305758593,54.71992453189258],[134.9020033212578,54.55941732974414],[135.0945082040703,54.432784639314455],[135.31255629977343,54.413165651277346],[135.72582534274218,54.407264314607424],[136.19642165621875,54.47499807925586],[136.4916029306328,54.45549353213672],[136.3435316415703,53.887828432039065],[136.3506574960625,53.70121344180469],[136.48705581149218,53.65484198184375],[136.770213160125,53.695357881501955],[137.04065993746875,53.86247976870899],[137.38286879977343,53.80980642886524],[137.1217298837578,53.58943899722461],[137.0713148446953,53.48947104068164],[137.23923781832812,53.45651587100391],[136.16079852341954,53.020625426272936],[135.27304949287273,53.020625426272936],[134.6812168058415,52.94664634039403],[134.2373422905681,53.46449994154634],[133.4235723459002,52.650729996878425],[133.12765600238458,52.650729996878425],[132.38786514359558,52.35481365336282],[132.01796971420106,52.42879273924172],[131.13022068365424,53.90837445681975],[130.53838799662302,53.90837445681975],[130.90828342601753,55.239998002639986],[130.3904298248652,56.05376794730791],[129.20676445080278,56.86753789197583],[128.83686902140826,56.645600634339125],[128.17105724849816,56.71957972021803],[126.91341278855683,56.49764246258132],[126.54351735916231,56.49764246258132],[124.91597746982647,56.20172611906572],[124.54608204043197,56.275705204944614],[124.10220752515855,56.275705204944614],[123.51037483812735,56.423663376702414],[122.69660489345942,55.97978886142901],[121.9568140346704,55.905809775550104],[121.73487677703369,55.38795617439779],[121.29100226176028,55.092039830882186],[121.21702317588138,54.722144401487675],[120.92110683236578,54.50020714385097],[121.06906500412359,54.27826988621427],[120.92110683236578,53.834395370940854],[121.66089769115479,53.76041628506195],[121.67482689332648,53.357142464010835],[121.18775466403125,53.31972845645313],[120.91705611666796,53.258617006257815],[120.70224288424609,53.184520326570315],[120.16528609713671,52.83050116153125],[119.99654677828906,52.703815065339846],[119.94269088229296,52.59101828189258],[120.31287673434375,52.62606009097461],[120.56357100924609,52.61416205020313],[120.77311233004687,52.47634466739063],[120.8210935922539,52.36420401187305],[120.74595168551562,52.00712927432422],[120.1289778085625,51.73335989566211],[119.85977462252734,51.488074861482424],[119.55948165377734,51.13756521792774],[119.37221053561328,50.893287263826174],[119.18234542330859,50.70172079654102],[119.13661483248828,50.589854799226565],[119.16393569430468,50.524356447175784],[119.32166579684375,50.36770971866016],[119.34646132907031,50.23013266177539],[119.29120162448046,50.124984346345705],[118.94031051119921,49.972457490876955],[117.84202102145312,49.633800111726565],[117.4905271860039,49.58627661319141],[116.984080347625,49.844562135652346],[116.56601241549609,50.005626283601565],[116.2861814828789,49.99759253116016],[115.7336912485039,49.864032350496096],[115.34658339938281,49.94032248111133],[115.19365981539843,49.998336397126955],[114.8555403085625,50.22592505069141],[114.52263930758593,50.296275697664065],[114.098338160125,50.27434881778125],[113.57440474948046,50.05522497744922],[113.2346906991875,49.83119162173633],[113.03313735446093,49.65389975161914],[112.76120284518359,49.53502234073047],[112.52449325045703,49.462020479158205],[111.37829116305468,49.31900366397266],[110.19990828951953,49.24101599307422],[109.42404464205859,49.2955394610918],[109.01690200289843,49.40423163028125],[108.42351821383593,49.518477998689455],[108.05832198580859,49.68619116397266],[107.54907515963671,49.827098451570315],[107.26836684664843,49.97579535098438],[106.66849807223437,50.313521944001955],[106.322947535125,50.416690431550784],[105.6824217172539,50.42641790957813],[105.1551008554375,50.443309389070315],[104.79693892916796,50.4085765704668],[103.68075850924609,50.16643484683399],[103.37787154635546,50.21730764956836],[102.63903335055468,50.4561839923418],[102.44960311373828,50.60624273867969],[102.26568892916796,50.808997713044924],[102.18423751315234,51.0256420001543],[102.18224624117968,51.26922567935352],[102.11743453463671,51.36111029239063],[101.77236464938281,51.42517050357227],[101.01121047457812,51.671710573152346],[99.75820449313281,51.902694307283205],[99.29542067965625,51.946490846589846],[98.91755965670703,52.03695639224414],[97.61011347639456,52.14809611108723],[97.31938973459386,52.826451508622185],[95.86577102559038,53.79553064795783],[95.18741562805542,53.79553064795783],[93.56736071988496,52.34885104654265],[92.59101829536783,52.400237489938284],[91.96526701967714,51.56936022315105],[90,51.56936022315105],[85.60147253617254,48.23097623180438],[85.38290436843612,48.14771216790478],[83.1155357743337,48.283178307737295],[84.26729348120226,49.20458447323215],[81.47911433396416,50.29127719361997],[78.64995028619546,50.80567065685063],[74.92059767777309,54.14922816785001],[72.99162219065806,55.306613460119024],[64.68741246443645,54.272318383453886],[64.45706092306274,53.581263759332735],[59.1029986834299,53.63483470461934],[58.845801951814565,52.47744941235032],[58.33140848858389,50.934269022658306],[55.245047709199866,51.70585921750431],[51.387096734969816,51.062867388465975],[51.12990000335448,50.419875559427624],[51.90149019820049,49.39108863296629],[51.387096734969816,48.1051049748896],[51.772891832392816,47.46211314585126],[51.36885741671679,47.09002264590625],[51.11708358248828,47.06304510684375],[50.82035354098437,46.91917761416797],[50.63152221163867,46.91018255801563],[50.27184966525195,46.68538626284961],[49.94814208468554,46.55950125308399],[49.72334578951953,46.53252371402149],[49.534514460173824,46.54151877017383],[49.31320479830859,46.35268744082813],[49.23778441866992,46.262767396882815],[49.05794433077929,46.13688238711719],[48.83314803561328,46.082931123689455],[48.83314803561328,45.92107733340625],[48.770205530730465,45.885108552888674],[48.63532927950976,45.97502859683399],[48.30262664279101,45.76821478457813],[47.87101653536914,45.67829855533008],[47.67319777926562,45.75023230166797],[47.60126403292773,45.66031225772266],[47.6552114816582,45.54341848941211],[47.556304010955074,45.4534984454668],[47.39445022067187,45.17475088687305],[47.169653925505855,44.86003836245899],[46.87292006930468,44.68019827456836],[46.80997756442187,44.53633078189258],[46.84594634493945,44.44641073794727],[46.99880507907031,44.356490694001955],[47.142676386443355,44.3385082110918],[47.223601374236324,44.20362814517383],[47.33150771578906,44.185645662263674],[47.56529525241015,43.84395559878711],[47.53831771334765,43.67311056704883],[47.49336150607226,43.58319052310352],[47.19483867485455,43.37586314463319],[47.24856164173707,42.78491050892555],[48.22371258025433,41.4711466998491],[47.98832610568164,41.218944154695315],[47.81812957247851,41.197669588044924],[47.61601928195117,41.261493287996096],[47.35008529147265,41.30404242129688],[47.35008529147265,41.442325197175784],[47.22243789157031,41.56997641177539],[46.91395858248828,41.75080832095508],[46.850134882537105,41.83590658755664],[46.66929915866015,41.81463202090625],[46.55577758273242,41.878455720857424],[46.49910262545703,41.96355398745899],[46.28635695895312,41.98482855410938],[46.041697535124996,42.04865225406055],[45.75448897799609,42.25076254458789],[45.86086181124804,42.47414740176563],[45.8076773019707,42.5379711017168],[45.47791961154101,42.54860647769336],[45.29708388766406,42.676253877595705],[45.20135024508593,42.676253877595705],[45.03115371188281,42.771991334871096],[44.9779653879082,42.771991334871096],[44.871592554656246,42.66561850161914],[44.78649428805468,42.729442201570315],[44.6694822641289,42.76135214419727],[44.509924921599605,42.76135214419727],[44.414187464324215,42.729442201570315],[44.2971792550957,42.612430177644534],[44.169531855193355,42.612430177644534],[44.052519831267574,42.55924566836719],[43.95678618868945,42.59115561099414],[42.87842467745898,41.54550512881641],[42.69377807101367,41.5637164935625],[42.35151961764453,41.40158041568164],[42.25010970553515,41.368968568757815],[42.02903655490039,41.39981039615039],[41.48396209200976,41.436542116121096],[41.52111342867968,41.46583517642383],[41.666113886443355,41.72915228457813],[41.6804685922539,41.793338380769534],[41.65183547457812,42.120643220857424],[41.502722773162105,42.608478151277346],[41.40974334200976,42.78824194522266],[41.12255385836718,43.019088350251955],[40.969336542693355,43.07665976138477],[40.55709365328906,43.14658697696094],[40.251616510955074,43.268184267],[40,43.44739514472878],[40,64.54050716530816]],[[109.76035156250003,55.77353515625],[109.57558593750002,55.771484375],[109.19345703125003,55.535595703125],[109.21328125000002,55.40537109375],[109.17109375000001,55.193701171875],[109.052734375,55.027587890625],[108.91689453125002,54.951025390625],[108.93251953125002,54.897753906249996],[108.78574218750003,54.672314453125],[108.5927734375,54.492480468749996],[108.47285156250001,54.2767578125],[108.36181640625,54.173095703125],[108.22353515625002,53.976123046874996],[108.06240234375002,53.84921875],[107.626953125,53.61103515625],[107.53466796875,53.43896484375],[107.071875,53.241259765624996],[106.78037109375003,53.044580078125],[106.88095703125003,52.973095703125],[106.75742187500003,52.869287109375],[106.45156250000002,52.656494140625],[106.05996093750002,52.5119140625],[105.85976562500002,52.38671875],[105.56962890624999,52.108349609375],[105.16513671875003,51.905908203125],[104.81201171875,51.87021484375],[104.53652343750002,51.78408203125],[104.13251953125001,51.769482421875],[103.79072265625001,51.731738281249996],[103.8173828125,51.634033203125],[104.15644531250001,51.535449218749996],[104.39003906250002,51.49970703125],[104.826171875,51.489794921874996],[105.06484375000002,51.5572265625],[105.43505859375,51.614453125],[105.79765624999999,51.70107421875],[105.96738281250003,51.77421875],[106.1865234375,51.9564453125],[106.28066406250002,52.169140625],[106.31386718750002,52.32314453125],[106.49726562500001,52.383105468749996],[106.751953125,52.31650390625],[106.84306640624999,52.35634765625],[106.93818359375001,52.474560546875],[107.38662109375002,52.64794921875],[107.57851562500002,52.701171875],[107.76308593750002,52.7138671875],[107.94765625000002,52.780322265624996],[108.00703125000001,52.83701171875],[108.23398437500003,52.945703125],[108.33476562499999,53.0375],[108.30224609375,53.109423828124996],[108.66123046875003,53.30166015625],[108.76767578125003,53.281298828124996],[108.93105468750002,53.344384765625],[108.98906249999999,53.450341796875],[108.92060546875001,53.565576171875],[108.61855468750002,53.582421875],[108.8359375,53.807275390625],[108.994140625,53.86875],[109.06074218750001,53.83095703125],[109.00888671875003,53.667773437499996],[109.19941406250001,53.659960937499996],[109.1982421875,53.792626953125],[109.24375,53.868603515625],[109.50009765625003,54.06142578125],[109.5537109375,54.1740234375],[109.49570312500003,54.262109375],[109.48974609375,54.38037109375],[109.54414062500001,54.6291015625],[109.60703125000003,54.676074218749996],[109.76484375000001,55.0396484375],[109.74394531249999,55.13955078125],[109.79052734375,55.329736328125],[109.85722656249999,55.445556640625],[109.86074218750002,55.5748046875],[109.95537109374999,55.672216796875],[109.76035156250003,55.77353515625]]],[[[40,67.91508451403061],[40.826052698699215,67.66004522891407],[40.973391565886715,67.53437384219532],[40.95082763156054,67.33465918155079],[41.01687148532031,67.20186194033985],[41.20882705172656,67.06946142764454],[41.2552976938164,66.93697699160938],[41.14697173556445,66.7822681293047],[40.83637908419726,66.56139715762501],[40.34514907321093,66.3186450824297],[40,66.20811400256713],[40,67.91508451403061]]],[[[56.71228137176327,71],[57.2506590219414,70.81779821963673],[57.23775390109179,70.69104345889454],[56.05858519991992,70.73096808047657],[55.678801569548824,70.7071948871172],[55.26625350436328,70.56052740664845],[54.998293909636715,70.52167090030079],[54.694060358611324,70.74377020450001],[54.52245238741992,70.75885351748829],[54.03161147555468,70.71947821231251],[53.72863677462695,70.76506384463673],[53.714697870818355,70.92670019717579],[53.98699738155315,71],[56.71228137176327,71]]],[[[106.9625,53.02333984375],[106.99501953125002,53.106591796875],[107.58408203125003,53.28330078125],[107.74443359374999,53.399072265625],[107.76679687500001,53.267041015625],[107.43779296874999,53.1025390625],[107.31386718750002,53.06796875],[106.9625,53.02333984375]]]]},"properties":{"name":"Russian Empire","role":"other","label":"Оросын эзэнт гүрэн","labelAt":[100,55]}},{"type":"Feature","geometry":{"type":"MultiPolygon","coordinates":[[[[137.33492568453906,37.27354010196094],[137.11817458590625,37.14577444644336],[137.01377395114062,37.03735312075977],[136.98302749117968,36.83360632510547],[137.04532912692187,36.668258272126955],[137.17620376071093,36.64306601138477],[137.27591994723437,36.69418676944141],[137.46403029879687,36.85367926211719],[137.57181838473437,36.89208181949024],[138.31724074801562,37.205508790925784],[138.49203017672656,37.301349245027346],[138.69896987399218,37.44820364566211],[138.856150660125,37.735057435945315],[139.19793227633593,37.92043264956836],[139.35387710055468,38.067237459138674],[139.4398451181328,38.18843802066211],[139.5039320321953,38.417884431794924],[139.74572280367968,38.679584108308596],[139.74141982516406,38.743297182039065],[139.89608291110156,38.99850424380664],[139.96793654879687,39.208968721345705],[140.03008559664843,39.48317679019336],[140.01108840426562,39.69351156802539],[139.8621321054375,39.7824664935625],[139.80463698825,39.89074667544727],[139.910349878875,39.98660620303516],[139.98502639254687,40.114619813875],[139.91515639742968,40.574954591707034],[140.15972426852343,40.729014955476565],[140.38640883883593,40.98550375552539],[140.4728041025078,40.98567923159961],[140.5671644540703,40.82583197207813],[140.65697768649218,40.72361334414844],[140.79334548434375,40.749488435701174],[141.15255263766406,40.86541708560352],[141.07664016207812,41.10213812442188],[140.93682387789843,41.114661775544924],[140.77450087985156,41.255225740388674],[141.08701613864062,41.44161947818164],[141.2857923837578,41.371539674714846],[141.43688491305468,41.26935537906055],[141.44829848727343,41.17971380801563],[141.44120315035937,40.78918036075],[141.46714309176562,40.51408728213672],[141.56624892672656,40.45671804995899],[141.6756086679375,40.31622274966602],[141.9981184335625,39.67198904605274],[141.99851516207812,39.44887884707813],[141.88782790621875,39.12996634097461],[141.56858352145312,38.78520926089649],[141.46709731539843,38.58749350161914],[141.49639419039843,38.42189749331836],[141.09665969332812,38.261844240144534],[140.9505873056328,38.12141378970508],[140.8722181650078,37.91744955630664],[140.88086989840625,37.73915060611133],[140.92322829684375,37.62462195010547],[140.9822035165703,37.268199525789065],[140.9639387460625,36.95626028628711],[140.65560439547656,36.61831244082813],[140.54662612399218,36.28722342105274],[140.5554457040703,35.96914251895313],[140.64475539645312,35.83575399966602],[140.8342542978203,35.67712362857227],[140.55686477145312,35.543006502107424],[140.39493850192187,35.409122072175784],[140.31661513766406,35.033816896394534],[139.8301039071953,34.835982881501955],[139.78809646090625,34.96284445376758],[139.92046645602343,35.26190146060352],[140.00289443453906,35.497359834626955],[139.91370681246875,35.55441244693164],[139.68267348727343,35.44583090396289],[139.42260268649218,35.165511690095705],[139.2086439462578,35.16507299991016],[139.05291274508593,35.024886690095705],[139.02283767184375,34.68834265323047],[138.86382583102343,34.56743200869922],[138.7794447275078,34.57994803042774],[138.7498274179375,34.649703584626955],[138.75103286227343,34.92264898867969],[138.6837416025078,34.99233969302539],[138.45016005953906,34.902991853669924],[138.29520705660937,34.76302679629688],[138.14905837496875,34.52788122744922],[137.7591810556328,34.55247076602344],[137.24822524508593,34.48160894961719],[137.04178908785937,34.728736482576174],[136.73385146578906,34.874087892488284],[136.61693862399218,34.759601198152346],[136.50706008395312,34.51817663760547],[136.71134475192187,34.40433844180469],[136.8985853525078,34.258731447175784],[136.7668714853203,34.16959723086719],[136.39376357516406,34.111705385164065],[136.19922927340625,34.00339087100391],[135.9909925790703,33.72367437930469],[135.75567153414843,33.34231527896289],[135.44600966891406,33.506724916414065],[135.19150832614062,33.601417146638674],[135.06292251071093,33.69002493472461],[135.0569563241875,33.76618918033008],[134.96924880465625,34.13417013736133],[135.01397231539843,34.20409353824024],[135.23673537692187,34.350535951570315],[135.31702712496875,34.47131308169727],[135.286814722625,34.59819372744922],[135.2057142587578,34.617084108308596],[134.93567946871875,34.54035147281055],[134.78246596774218,34.552737794832034],[134.4273176523125,34.628177247957034],[134.21349624117968,34.57061728091602],[134.02172378024218,34.46866949649219],[133.82529738864062,34.38574179263477],[133.5891371103203,34.44237478824024],[132.8477278085625,34.263133607820315],[132.48118117770312,34.12908514590625],[132.38665297946093,34.268539033845705],[132.18348220309375,34.28717001529102],[131.99730971774218,34.09000738711719],[131.99495986422656,33.80434378238086],[131.65487197360156,33.911563478425784],[131.39416030367968,33.93642386050586],[130.89904311617968,33.90366705508594],[130.7793226571953,33.966903291658205],[130.81162551364062,34.11931189151172],[130.89232924899218,34.24644049258594],[131.1097669931328,34.24053534121875],[131.33410170992968,34.29177435489063],[131.67228225192187,34.50195273013477],[132.66285232028125,35.380626283601565],[132.78869155367968,35.38724859805469],[132.98076919039843,35.444869600251955],[133.00620559176562,35.25414999575977],[133.22861770114062,35.31183584781055],[133.80405715426562,35.42748221011524],[134.22356704196093,35.453773103669924],[134.75583938082812,35.531173311189455],[135.15697768649218,35.646468721345705],[135.18804458102343,35.443011842683596],[135.35766128024218,35.32253988833789],[135.43247512301562,35.36083944888477],[135.72710708102343,35.45048101992969],[135.92803481539843,35.603519044832034],[135.92652419528125,35.76252707095508],[135.97788527926562,35.97254904361133],[136.18726638278125,36.202003084138674],[136.50152114352343,36.463512025789065],[136.66849807223437,36.66749533267383],[136.64042190035937,37.17027624698047],[136.72185805758593,37.265933595613284],[136.81084731539843,37.31068380923633],[137.3096418710625,37.43265112491016],[137.33492568453906,37.27354010196094]]],[[[132.42185500582812,32.929183565095705],[132.34257033785937,33.10677298159961],[132.1211195321953,33.34754904361133],[132.44994643649218,33.51961477847461],[132.5793714853203,33.64049490542774],[132.78431228121875,33.90752371402149],[132.96868422946093,33.793643556550784],[133.24547866305468,33.80055960269336],[133.4629164071953,33.883521638826174],[133.60300734957812,34.03615912051563],[133.80564406832812,34.17622336001758],[134.01023391207812,34.18933065982227],[134.15267470797656,34.11345633120899],[134.54041579684375,34.012698732332034],[134.6097669931328,33.898578248933596],[134.56475356539843,33.841346345857424],[134.51912978610156,33.65081747622852],[134.38769057711718,33.54264410586719],[133.99859145602343,33.14826925845508],[133.91749099215625,33.24331625552539],[133.72689345797656,33.37623556704883],[133.51652053317187,33.39485128970508],[133.24097732028125,33.299056611970705],[133.15415481051562,33.21636541934375],[133.04386428317187,32.99394568057422],[132.96967605075,32.765262208894534],[132.90069106539843,32.66990240664844],[132.6987562509453,32.54885824771289],[132.567576441375,32.63746603579883],[132.46705153903125,32.75788076968555],[132.42185500582812,32.929183565095705]]],[[[130.67454055270312,31.211490236238284],[130.73246291598437,31.478250108674807],[130.58191970309375,31.528737626985354],[130.4744367929375,31.439628206208987],[130.40439895114062,31.229978166536135],[130.2329359384453,31.026460252717776],[130.08626845797656,31.121388994172854],[130.06011489352343,31.216558061555666],[130.2051496835625,31.426370225862307],[130.21932509860156,31.559724412874026],[130.05887893160937,31.972062669709963],[130.13494399508593,32.02300222964649],[130.44396499117968,32.2839313373125],[130.48116591891406,32.34749945254688],[130.4965315195,32.557017885164065],[130.2573957773125,32.91203650088672],[130.10752395114062,32.93077810855274],[130.03458693942187,32.810000978425784],[129.84591201266406,32.587421022371096],[129.73372939547656,32.637984834626955],[129.63033584078906,32.86631353946094],[129.46087172946093,32.9865795001543],[129.34337905367968,33.15138968081836],[129.52804091891406,33.297774873689455],[129.85825637301562,33.26036795230274],[130.17615798434375,33.33719976992969],[130.31766799410937,33.54698904605274],[130.42656997164843,33.674171052888674],[130.64440444430468,33.70000036807422],[130.85947707614062,33.675059877351565],[130.97111037692187,33.50388678164844],[131.09250930270312,33.427962861970705],[131.2860365243828,33.390262208894534],[131.5687513681328,33.48606451602344],[131.6698255868828,33.30853231997852],[131.41355422457812,33.111217103914065],[131.59562209567187,33.003665529207034],[131.79528335055468,32.80728491397266],[131.83098891696093,32.69308813662891],[131.56299880465625,32.432246767],[131.45362380465625,32.247928224519534],[131.40685561617968,32.082774721101565],[131.31928542575,31.51120527835254],[131.21062758883593,31.35226973147754],[131.04879287203906,31.275754533723635],[130.95968154391406,31.193025194124026],[130.74401381930468,30.887834154084963],[130.57931045016406,30.906545244172854],[130.55413344821093,30.9699779376543],[130.67454055270312,31.211490236238284]]],[[[140.12449172457812,41.792152009919924],[140.09969619235156,41.94597204776172],[139.85248855075,42.03524740786914],[139.77720168551562,42.11205252261524],[139.7117414804375,42.47759588809375],[139.97396377047656,42.65139731021289],[140.20896438082812,42.728900514558596],[140.4998274179375,42.896407686189455],[140.51682570895312,43.057002626375],[140.3735609384453,43.185191713289065],[140.498240503875,43.320357881501955],[140.59891799410937,43.32699164004688],[140.8965559335625,43.13482626529102],[141.06417373141406,43.09662588687305],[141.30364516696093,43.187030397371096],[141.30192092379687,43.7204662189043],[141.50669387301562,43.804454408601565],[141.7094221445,43.9141918048418],[141.74268630465625,44.2487865314043],[141.74572280367968,44.62856634707813],[141.566599878875,44.96956595034961],[141.5227766366875,45.18263205142383],[141.59742263278125,45.27972372622852],[141.87533095797656,45.43542440982227],[142.53904250582812,44.84265097232227],[143.02050307711718,44.46368368716602],[143.50817397555468,44.15576132388477],[143.790232691375,44.02764471621875],[144.0281019540703,43.95092733950977],[144.61382583102343,43.84276159854297],[144.7504377695,43.88161429019336],[145.13999465426562,44.17828329654102],[145.34859755953906,44.19799002261524],[145.20989516696093,44.03688772769336],[145.05938247164843,43.78576620669727],[145.14857009371875,43.599498353914065],[145.35955337008593,43.32998999209766],[145.44813064059375,43.169559083894534],[144.99468520602343,42.937442384675784],[144.75416091403125,42.86632879825],[144.59018996676562,42.85958441348438],[144.37011245211718,42.949046693757815],[144.16639235934375,42.94222601504688],[144.00284865817187,42.8776927814043],[143.8479261728203,42.77464636416797],[143.50858596285937,42.42098196597461],[143.33037856539843,42.19610556216602],[143.21375564059375,41.92653997989063],[143.03350356539843,41.958228670076174],[142.8423109384453,42.066852174714846],[141.9281263681328,42.50126226992969],[141.72100356539843,42.53934820742969],[141.39690688571093,42.51944311709766],[140.92962172946093,42.25545843692188],[140.86069777926562,42.39004477115039],[140.69352248629687,42.55014380069141],[140.54087356051562,42.53700216861133],[140.22344497164843,42.363109193757815],[140.24552443942187,42.22844275088672],[140.76766494235156,42.0050121173418],[141.01946547946093,41.870860658601565],[141.15503982028125,41.74934347720508],[140.9792738290703,41.65285452456836],[140.84342483004687,41.63976248355274],[140.70597365817187,41.69716986270313],[140.58887771090625,41.677711091951174],[140.4428968759453,41.53642996402149],[140.26859572848437,41.32467230410938],[140.1124525400078,41.27311285586719],[140.01261428317187,41.38180883975391],[139.97774795016406,41.50346716494922],[140.12449172457812,41.792152009919924]]],[[[148.476349,45.2586060000001],[148.28524800000014,45.220825000000104],[148.04803500000014,45.09638200000012],[147.96414200000015,45.01166500000011],[147.622742,44.897217],[147.548035,44.812492],[147.291077,44.66693900000013],[147.22525,44.561935],[147.021088,44.5075],[146.948853,44.4086],[146.846924,44.47693600000014],[146.940796,44.554436],[147.09829700000012,44.619438],[147.163025,44.692215],[147.111908,44.793884],[147.227173,44.836105],[147.47995,44.974709],[147.504974,45.043884],[147.656372,45.075272],[147.7833250000001,45.197487],[147.894989,45.229988000000105],[147.857727,45.343048],[147.959961,45.419159],[148.051636,45.24943500000012],[148.312195,45.267212],[148.558868,45.45916],[148.700806,45.520828],[148.858856,45.467491],[148.839966,45.34665700000011],[148.718842,45.30777],[148.591919,45.318886],[148.476349,45.2586060000001]]],[[[146.488861,44.425552],[146.508331,44.358047],[146.329681,44.291664],[146.091919,44.236107],[145.940247,44.1280440000001],[145.779419,43.928604],[145.6574710000001,43.89971900000012],[145.575256,43.817497],[145.56192,43.661377],[145.437469,43.716934],[145.407471,43.829437],[145.74469,44.051659],[145.75943,44.111382000000106],[145.892487,44.25],[145.973846,44.287773],[146.078033,44.463608000000136],[146.20135500000015,44.49943500000012],[146.359955,44.42083],[146.488861,44.425552]]],[[[146.904968,43.839989],[146.682739,43.707771],[146.610504,43.806656],[146.84274300000016,43.874992],[146.904968,43.839989]]]]},"properties":{"name":"Japan","role":"land"}},{"type":"Feature","geometry":{"type":"MultiPolygon","coordinates":[[[[149.533875,45.582771],[149.481079,45.60833],[149.667755,45.85083],[149.856903,45.92305],[149.929138,46.00750000000011],[150.34274300000016,46.2116620000001],[150.498566,46.19249],[150.425537,46.118881],[150.221893,46.001938],[150.198853,45.932495],[150.026917,45.82666000000012],[149.981628,45.833603],[149.69247400000017,45.638603],[149.533875,45.582771]]],[[[154.161377,48.912491],[154.2271730000001,48.882767],[154.063293,48.742767],[153.98800700000015,48.779991],[154.161377,48.912491]]],[[[154.743286,49.586105],[154.882172,49.547493000000145],[154.79025300000012,49.42999300000014],[154.834961,49.345825000000104],[154.71579,49.263885],[154.593903,49.291031],[154.600525,49.36721],[154.70303300000012,49.48082],[154.743286,49.586105]]],[[[152.087357,46.977882000000136],[152.01303100000018,46.888885],[151.8688350000001,46.866386],[152.216919,47.171661],[152.277191,47.12999],[152.087357,46.977882000000136]]],[[[155.483307,50.119438],[155.357452,50.053047],[155.208588,50.080826],[155.247742,50.301384],[155.449127,50.36805],[155.638031,50.3780440000001],[155.765533,50.463882000000126],[155.896942,50.698601],[156.022217,50.767494],[156.116364,50.74749],[156.15304600000013,50.524994],[155.892761,50.263611],[155.795258,50.188881],[155.6185610000001,50.183052],[155.483307,50.119438]]],[[[156.168854,50.741379],[156.341064,50.851105],[156.49411,50.842491],[156.4902340000001,50.756104],[156.4008480000001,50.625641],[156.19830300000012,50.670273],[156.168854,50.741379]]],[[[155.44775400000015,50.897774],[155.63916,50.92083],[155.620789,50.806099],[155.480804,50.828049],[155.44775400000015,50.897774]]]]},"properties":{"name":"Kuril Islands","role":"land"}},{"type":"Feature","geometry":{"type":"MultiPolygon","coordinates":[[[[124.13388350924609,39.843143068269534],[124.30433181246875,40.08068045230274],[124.49109939059375,40.27958258242969],[124.72513106783984,40.42769964785938],[125.41501143893359,40.69969900699024],[125.87949660739062,40.945026002839846],[126.16551497897265,41.189437471345705],[126.47417739352343,41.651507936433596],[126.64752486666796,41.710025392488284],[126.84932998141406,41.71752890200977],[126.97237685641406,41.539107881501955],[127.19430068453906,41.42522390933399],[127.42280868014453,41.35615500064258],[127.86146071871875,41.37772711367969],[128.09849074801562,41.44936331363086],[128.07813552340625,41.50039251895313],[127.84928420504687,41.844546876863284],[127.86077407321093,41.99816855044727],[127.98404983004687,42.10763891787891],[128.16028884371875,42.13420446963672],[128.3099623056328,42.07742270083789],[128.51363662203906,42.05294378848438],[128.75553420504687,42.060645662263674],[129.03454116305468,42.17738302798633],[129.46447280367968,42.416610322908205],[129.5681867929375,42.73739584536914],[129.74045852145312,42.89849432559375],[129.85425857028125,42.956790529207034],[129.9656019540703,42.957393251375],[130.22588637789843,42.65130194278125],[130.35991958102343,42.45350607486133],[130.43509963473437,42.27675970645313],[129.82471755465625,41.861365877107424],[129.6412611337578,41.65584906192188],[129.59070876559375,41.46990545840625],[129.63106826266406,41.277789674714846],[129.56141189059375,41.07268866153125],[129.47782424410937,40.682025514558596],[129.17704299410937,40.63022192569141],[129.014842066375,40.52752264590625],[128.44658950289843,40.065867982820315],[128.2362318368828,39.96959265323047],[127.93131545504687,39.95622595401172],[127.67152694186328,39.86643560977344],[127.55238631686328,39.76415976138477],[127.44079879244921,39.62365683169727],[127.27688888033984,39.2216869220293],[127.40455916842578,39.07533987613086],[127.95601943453906,38.69407232852344],[128.26961771441506,38.42048735938179],[128.36355600000013,38.625244],[128.641083,38.11721],[128.858002,37.859436],[129.049988,37.685822],[129.066376,37.62443500000012],[129.342468,37.257217],[129.362488,37.150024],[129.433594,37.058884],[129.427765,36.878876],[129.474976,36.774437],[129.416931,36.616661000000136],[129.450531,36.506386],[129.439148,36.40638000000013],[129.38192700000013,36.308563],[129.386902,36.036018],[129.463013,35.994713000000104],[129.583862,35.988884],[129.486633,35.683327],[129.43942300000015,35.475822],[129.347473,35.344994],[129.281097,35.30082700000014],[129.237488,35.18990300000013],[129.136932,35.11221300000011],[128.978577,35.084991],[128.73495500000013,35.092766],[128.57275400000015,35.169991],[128.477173,35.05387900000011],[128.501373,35.008331],[128.451904,34.845543],[128.3355100000001,34.871376],[128.329132,34.949432],[128.203857,34.88832900000011],[128.05609100000015,34.930824],[128.0205380000001,34.986382],[127.86387600000012,34.940269],[127.767403,34.96028100000012],[127.576393,34.88694],[127.638603,34.81415600000014],[127.773613,34.84388000000013],[127.747757,34.727486],[127.640823,34.616936],[127.554153,34.656097],[127.567757,34.766663],[127.52249100000017,34.856941],[127.41832000000011,34.81860400000011],[127.363876,34.75138900000013],[127.48580900000013,34.641937],[127.50998700000014,34.578606],[127.389427,34.4711],[127.315262,34.443604],[127.242203,34.569443],[127.352768,34.692764],[127.21666000000016,34.707497],[127.00972000000013,34.602219],[126.98552700000016,34.526382],[126.896942,34.449158],[126.800812,34.46305100000012],[126.772491,34.582771],[126.60027300000013,34.30027],[126.478317,34.345268],[126.463318,34.484718],[126.288307,34.590271],[126.266937,34.683327],[126.328323,34.7347180000001],[126.41748,34.595825],[126.620247,34.624161],[126.494141,34.750549],[126.634987,34.782211],[126.539978,34.873047],[126.51053600000012,34.775551],[126.371368,34.789162],[126.433594,34.963608],[126.318047,34.932213],[126.24832200000014,35.110275],[126.359711,35.06916],[126.45887800000014,35.090546],[126.360527,35.180275],[126.37831100000017,35.31221000000011],[126.49165300000016,35.50972],[126.479431,35.639992],[126.632202,35.736938],[126.75193800000011,35.778328],[126.80108600000017,35.861664],[126.61998000000017,35.888603],[126.67363000000012,36.00470700000011],[126.544418,36.136406],[126.464432,36.574715],[126.5269320000001,36.598602],[126.49720800000011,36.72387700000013],[126.347488,36.73999],[126.18609600000013,36.67027300000012],[126.12359600000013,36.70916000000011],[126.19166600000017,36.819885],[126.184418,36.878326],[126.286102,36.959991],[126.32083100000011,36.8780440000001],[126.499153,37.049721],[126.61998000000017,36.9727630000001],[126.76138300000014,36.969986],[126.823318,36.913879],[126.846367,36.752495000000124],[126.99220300000013,36.91082],[126.921654,36.916939],[126.752777,37.04860700000012],[126.77304100000015,37.118599],[126.661102,37.156097],[126.658867,37.248604000000114],[126.766098,37.231934],[126.65637200000015,37.411102],[126.67442300000016,37.488045],[126.62915,37.591377000000136],[126.418869,37.59249100000011],[126.20971969088671,37.75405081363086],[126.05250075778125,37.60090597720508],[125.9090071054375,37.51145514102344],[125.74116805514453,37.78495367617969],[125.56173995455859,37.835548006013674],[125.26937392672656,37.484683595613284],[125.18160537203906,37.656444154695315],[125.07696059664843,37.77087362857227],[124.76971724948046,37.935855470613284],[124.69365981539843,38.13954123111133],[124.73619368991015,38.2797809466875],[124.92935470065234,38.46493872256641],[125.26861098727343,38.56758078189258],[125.29374221285937,38.68870123477344],[125.02792647799609,38.81562002749805],[125.21087935885546,39.211165986970705],[125.296092066375,39.36432608218555],[125.20653823336718,39.48528250308399],[124.92233565768359,39.61860617251758],[124.68842605075,39.60537680240039],[124.54809096774218,39.541339479402346],[124.44284347018359,39.5730052814043],[124.20898726901171,39.738326631501955],[124.13388350924609,39.843143068269534]]],[[[126.599426,33.23333000000014],[126.330833,33.225548],[126.261108,33.193878],[126.170532,33.262497],[126.183594,33.352776],[126.31749,33.452774],[126.633614,33.531662],[126.793053,33.550827],[126.898041,33.52332300000012],[126.941093,33.45388],[126.843048,33.308327],[126.599426,33.23333000000014]]],[[[126.17970300000013,34.35110500000013],[126.10192900000015,34.424995],[126.23887600000012,34.569992],[126.33499100000017,34.539993],[126.382751,34.471931],[126.346939,34.40470900000014],[126.17970300000013,34.35110500000013]]],[[[127.962196,34.798332],[128.075531,34.79999500000014],[128.044434,34.69499200000013],[127.85720800000013,34.723877],[127.82222000000013,34.843048],[127.879967,34.92943600000012],[127.962196,34.798332]]],[[[128.743011,34.788048],[128.594116,34.697769],[128.604126,34.80915800000014],[128.526093,34.80582400000014],[128.501923,34.887497],[128.71109000000013,34.976654],[128.754425,34.882767],[128.743011,34.788048]]],[[[126.42109700000015,36.399437],[126.33582300000012,36.438599],[126.32527200000015,36.559715],[126.378593,36.586105],[126.42109700000015,36.399437]]]]},"properties":{"name":"Korea","role":"other","label":"Чосон","labelAt":[127.38,38.54]}},{"type":"Feature","geometry":{"type":"Polygon","coordinates":[[[88.23191359957812,26.757009111360354],[88.03892806491015,27.1290298327959],[88.07058242282031,27.523368440583987],[88.16182424717722,27.74135000362828],[89.67198807878634,28.197480002650515],[89.78482768138501,28.022591386473323],[91.30052225054807,27.99734349172114],[92.17030536273745,26.98732044282419],[91.0642740656503,26.75261632213409],[90,26.778745256379885],[90,26.71859510989551],[89.83439162692187,26.685449205354494],[89.40531447848437,26.790891252473635],[89.153758082,26.827533327058596],[88.86752608737109,26.908403001741213],[88.60182180866893,26.640441529355197],[88.23191359957812,26.757009111360354]]]},"properties":{"name":"Bhutan","role":"land"}},{"type":"Feature","geometry":{"type":"Polygon","coordinates":[[[81.80762789969579,27.942510143396223],[81.92122939547656,27.8805003985918],[82.02530959567187,27.954904161409182],[82.48791030367968,27.68705328555469],[82.72996047457812,27.716809831575198],[82.81183150729296,27.53824385257129],[83.18719771823046,27.46384008975391],[83.32403853854296,27.374557100251955],[83.39164260348437,27.404315553621096],[83.43074325045703,27.50103911013965],[83.65725234469531,27.50103911013965],[83.87434676608203,27.382001481965823],[83.94290513811924,26.999430116408774],[84.19704777485292,26.712420700381973],[84.45343566538834,26.370570179668075],[84.11158514467444,26.07145097404341],[82.91446775459261,26.519849993783517],[82.80920741454393,26.151438803613154],[82.59868673444657,25.888287953491464],[82.96709792461694,25.57250693334544],[82.96709792461694,24.99357506307773],[82.71161806362147,25.22090434213421],[82.48779517128342,25.47321256279409],[82.06048202039105,25.6014065080618],[81.41951229405248,26.199644919311126],[81.12848296558191,26.426001063677127],[81.80762789969579,27.942510143396223]]]},"properties":{"name":"Oudh","role":"land"}},{"type":"Feature","geometry":{"type":"Polygon","coordinates":[[[78.49253957970258,13.62343502348556],[78.10706904810435,13.494944846286156],[76.9506574533097,13.572038952605798],[76.64228102803112,13.443548775406391],[76.41099870907219,12.980984137488528],[76.48809281539184,12.749701818529598],[77.18193977226863,12.62121164133019],[77.4903161975472,12.698305747649833],[77.61880637474661,12.698305747649833],[77.64450441018649,12.312835216051614],[78.08137101266448,12.0558548616528],[78.62102975690198,12.261439145171853],[78.77521796954127,11.79887450725399],[78.41544547338293,11.182121656696838],[78.41544547338293,10.950839337737907],[78.51823761514245,10.334086487180755],[78.46684154426269,10.077106132781942],[77.74729655194602,9.537447388544434],[77.6445044101865,9.383259175905142],[77.28473191402816,9.43465524678491],[77.59310833930672,9.84582381382301],[77.67020244562637,10.154200239101586],[77.56741030386685,10.282690416300992],[77.0791476305091,10.43687862894028],[77.04830998798124,10.498553913995995],[76.84786531155017,10.899443266858142],[76.41099870907219,10.976537373177788],[76.28250853187278,11.259215763016481],[76.04183296609584,11.465875307234091],[75.91416593592686,11.958242545982891],[75.47682144127786,12.99972041254706],[74.92168469252037,14.299889454794029],[74.99146157749091,14.28934933314509],[75.2662029212023,14.61945853012778],[75.65290666359569,14.65135644108081],[76.14116933695342,14.8055446537201],[76.57803593943142,14.8055446537201],[76.70652611663081,14.728450547400456],[76.96350647102963,14.702752511960576],[77.60114200804944,14.496280052354162],[78.31265333162341,14.265885909482593],[78.49253957970258,13.62343502348556]]]},"properties":{"name":"Mysore","role":"land"}},{"type":"Feature","geometry":{"type":"Polygon","coordinates":[[[68.21621811683215,23.508155728997924],[68.84771403588621,23.97300268396334],[69.9935231458741,24.04568827978698],[69.43653260629665,27.08857919033072],[69.14936952559323,27.319041239720327],[71.70186531467282,27.85167418358403],[73.1114899968972,29.460687102847587],[73.31704623297901,29.69531880564162],[76.09665990634313,29.662684149596977],[76.10877320767288,29.668043140499524],[80.18731322497865,25.656227400213513],[80.05211021119689,25.47321256279409],[78.59924549816282,24.832242836455528],[75.39439686647,22.695677081993654],[74.75342714013144,22.695677081993654],[72.74505533093728,23.72122864413535],[71.76223508388482,23.72122864413535],[70.31022170504687,22.828643403962893],[70.0459471078789,22.777261339143557],[69.66488936862109,22.789163194612307],[69.10719588717578,22.898904405549807],[68.79081252535937,23.028724275544924],[68.37294295748828,23.326415620759768],[68.21621811683215,23.508155728997924]]]},"properties":{"name":"Rajputs","role":"land"}},{"type":"Feature","geometry":{"type":"Polygon","coordinates":[[[74.421436349163,14.375454283976262],[74.58232211183552,14.502382416665423],[74.52100792615431,14.600171128791427],[74.5996550466007,14.675711764317088],[74.53032330754003,14.831708177203584],[74.4436586337142,14.831708177203584],[74.3916598294187,14.918372851029417],[74.15313195022648,14.849504684560506],[73.84143355807421,15.390475831941409],[73.57273391207812,16.037927232698244],[73.40928939303515,16.558538042024416],[73.06422713717578,18.031716905549807],[72.85335067233203,19.244680009797854],[72.78251174410937,19.94968756289844],[72.75949386080859,20.057649217561526],[72.86443618258593,20.311982713655276],[73.10968306979296,20.687320314363284],[73.1128645273125,20.827090822175784],[72.93113234957812,20.95375784488086],[72.76573470553515,21.150355897859377],[72.71466353854296,21.436120592073244],[72.6659422250664,21.848943315461916],[72.69562056979296,22.128535829500002],[72.31904891451953,22.11503180117969],[72.2329817148125,22.01955183596973],[72.12713912448046,21.8287425860918],[72.13103774508593,21.746179185823244],[72.25569442233203,21.632083497957034],[72.28899672946093,21.549569688752932],[72.25619796237109,21.352563463166994],[72.12086013278125,21.155339799836916],[71.89442733248828,20.989677034333987],[71.52892592867968,20.823730073884768],[71.30259231051562,20.772426210359377],[71.02444747408984,20.657476030305666],[70.8550520273125,20.650762163118166],[70.467478785125,20.77700003238086],[70.20994857272265,20.94797857852344],[69.75222304782031,21.398070894197268],[69.12606337985156,21.9685073718584],[68.89417556246875,22.285655580476565],[69.0142317148125,22.30496748538379],[69.49224379977343,22.248809419587893],[69.76916793307421,22.287507615999026],[69.96852401217578,22.351457200959963],[70.17620376071093,22.478955827668948],[70.41056350192187,22.752622209504885],[70.38064864596484,22.860560975984377],[70.31022170504687,22.828643403962893],[71.76223508388482,23.72122864413535],[72.74505533093728,23.72122864413535],[74.75342714013144,22.695677081993654],[75.39439686647,22.695677081993654],[78.59924549816282,24.832242836455528],[80.05211021119689,25.47321256279409],[80.18731322497865,25.656227400213513],[80.47552567051203,26.046360374221646],[80.89574291113775,25.332705985781526],[82.91173640166392,24.454229199167393],[83.49966092807294,24.65333973736416],[83.49339962486032,24.625163872907365],[83.65129013493333,24.414643192810015],[84.44074268529839,24.309382852761342],[84.44074268529839,25.046205233102064],[84.8617840454931,25.098835403126404],[85.33545557571213,24.888314723029055],[85.33545557571213,24.309382852761342],[85.7038667658825,24.467273362834355],[85.96701761600417,24.20412251271267],[85.96701761600417,23.888341492566646],[86.31687004266325,23.495369977803136],[86.74926742158648,22.846773909418307],[86.874836882944,21.587289581001645],[86.81869796237109,21.186534486726565],[86.7961912485039,21.13566931338672],[86.84421065768359,20.875316225007815],[86.92611220797656,20.69125898929004],[86.77521041354296,20.46860083194141],[86.63785079440234,20.31910666079883],[86.63238051852343,20.20364721866016],[86.11916640719531,19.806542955354494],[85.90894607028125,19.723508439973635],[85.71477797946093,19.697682939485354],[85.37910750826953,19.60537489505176],[85.1132078500664,19.442306123689455],[84.44163478403509,21.075865301051138],[83.74778782715829,21.075865301051138],[83.25952515380055,20.895979052971967],[83.00254479940173,20.56190459225351],[82.38579194884458,20.227830131535054],[81.58915285020827,18.50606175706301],[81.33217249580944,18.069195154585024],[80.99809803509099,17.940704977385618],[80.7154196452523,18.146289260904666],[80.79251375157195,18.428967650743363],[80.48413732629336,18.58315586338265],[80.3042510782142,19.071418536740396],[80.32994911365408,19.456889068338615],[80.07296875925526,19.482587103778496],[80.04727072381539,19.636775316417783],[79.86738447573622,19.636775316417783],[79.91878054661598,19.868057635376715],[79.37912180237848,19.713869422737428],[79.22493358973918,19.893755670816596],[78.99365127078025,19.76526549361719],[78.81376502270109,19.868057635376715],[78.55678466830227,19.713869422737428],[78.55678466830227,19.482587103778496],[78.24840824302369,19.508285139218376],[78.1199180658243,19.277002820259447],[77.81154164054571,19.199908713939802],[77.88863574686536,18.814438182341583],[77.73444753422606,18.428967650743363],[77.94003181774512,18.249081402664196],[77.88863574686536,17.99210104826538],[77.52886325070702,17.915006941945737],[77.37467503806774,17.60663051666716],[76.88641236470998,17.503838374907637],[76.70652611663081,17.19546194962906],[76.78362022295046,16.37312481555286],[76.50094183311177,15.936258213074877],[76.42384772679212,15.113921078998676],[76.14116933695342,14.8055446537201],[75.65290666359569,14.65135644108081],[75.2662029212023,14.61945853012778],[74.99146157749091,14.28934933314509],[74.92168469252037,14.299889454794029],[74.421436349163,14.375454283976262]]]},"properties":{"name":"Maratha Confederacy","role":"land"}},{"type":"Feature","geometry":{"type":"Polygon","coordinates":[[[66.92825506441484,28.1118712695545],[64.04389129589131,28.325527845000693],[61.69366896598325,29.137422831696203],[60.82045653781054,29.833345018342776],[60.79381469210742,31.578881822541994],[60.72947982272265,31.92770918460254],[60.654212030974605,32.50499304385547],[60.54009536227343,32.993175111726565],[60.555369410124996,33.063094697908205],[60.8530874582207,33.48375662417774],[60.84135344943164,33.566207490876955],[60.50892547091601,33.672252260164065],[60.46580794772265,33.716441713289065],[58.125604156031926,36.444477711955805],[57.31370916933642,36.82905954775894],[61.2289659143878,39.830934432777866],[64.86112769697297,38.86947984327002],[70.71880629977343,38.364886842683596],[70.8914289804375,38.37221487613086],[70.9606199594414,38.34712942691211],[72.84654220427423,37.85461110990064],[74.42760086257601,37.4700292740975],[74.81218269837915,36.95725349302665],[75.59843889602112,36.75214318059831],[76.48725024987725,36.64958802438414],[77.30769149959062,36.85469833681248],[78.42297882341971,37.72641716463293],[79.1654354230952,37.170910068472836],[79.3203364402937,35.675314040349534],[79.61945564591836,34.13698669713698],[79.93363518350596,32.68692729288654],[73.1387165240688,35.988163516630806],[69.66305923012604,32.42773409356749],[67.82561268128882,29.180154146785437],[67.44413347727269,28.726012237242415],[66.92825506441484,28.1118712695545]]]},"properties":{"name":"Afghanistan","role":"land"}},{"type":"Feature","geometry":{"type":"Polygon","coordinates":[[[69.14936952559323,27.319041239720327],[68.66305540846919,27.709331481087585],[70.74936250926856,29.282573254721953],[73.1114899968972,29.460687102847587],[71.70186531467282,27.85167418358403],[69.14936952559323,27.319041239720327]]]},"properties":{"name":"Bahawalpur","role":"land"}},{"type":"Feature","geometry":{"type":"Polygon","coordinates":[[[92.50995162448046,22.110425554231448],[92.59760573825,21.387023530916018],[92.23697188815234,21.149966798738284],[92.12366774996875,20.996430955842776],[91.94604781588671,21.362578950837893],[91.84590438326953,21.908670030549807],[91.57107070407031,22.543313585237307],[91.41017440280078,22.720834337190432],[91.08137801608203,22.561330400422854],[90,22.560958467439455],[90,21.930253587678713],[89.86968520602343,22.13322790713672],[89.796336207,21.832069002107424],[89.67017653903125,21.719838701204104],[89.57895186862109,21.70058210940723],[89.4566145273125,21.94171293826465],[89.23388198336718,21.65538176150684],[89.07225326022265,21.77433928103809],[88.99476912936328,21.62947615237598],[89.02553847750781,21.546960435823244],[88.88093856295703,21.51488646121387],[88.7234602304375,21.53995283694629],[88.65697768649218,21.857440553621096],[88.56759932955859,21.89536627383594],[88.45388320407031,21.73631437869434],[88.37705520114062,21.577336870149416],[88.29957107028125,21.551770769075198],[88.24792769869921,21.596122346833987],[88.12160781344531,21.86265143008594],[88.05304244479296,21.93874128909473],[87.86748794039843,21.696960054353518],[87.64071944674609,21.563081346467776],[87.19423964938281,21.384255968049807],[86.93719771823046,21.288428865388674],[86.81869796237109,21.186534486726565],[86.874836882944,21.587289581001645],[86.74926742158648,22.846773909418307],[86.31687004266325,23.495369977803136],[85.96701761600417,23.888341492566646],[85.96701761600417,24.20412251271267],[85.7038667658825,24.467273362834355],[85.33545557571213,24.309382852761342],[85.33545557571213,24.888314723029055],[84.8617840454931,25.098835403126404],[84.44074268529839,25.046205233102064],[84.44074268529839,24.309382852761342],[83.65129013493333,24.414643192810015],[83.49339962486032,24.625163872907365],[83.49966092807294,24.65333973736416],[82.91173640166392,24.454229199167393],[80.89574291113775,25.332705985781526],[80.47552567051203,26.046360374221646],[80.18731322497865,25.656227400213513],[76.10877320767288,29.668043140499524],[77.68770230697845,30.366570028307013],[78.02362745444421,30.265792484067283],[78.32586387395395,29.83402617048193],[78.97351334433199,29.83402617048193],[79.05986660704906,29.74767290776486],[78.88716008161492,28.538727229725865],[79.01668997569053,28.322844072933187],[79.27574976384173,28.322844072933187],[79.44845628927588,28.797787017877077],[79.62116281471002,28.927316911952687],[79.70751607742709,29.359083225538036],[80.09826949557421,28.951900087312502],[80.11586287936328,28.840295396760744],[80.39947799166796,28.669168077424807],[80.60916427096484,28.70636709781055],[80.90857985934375,28.4906020984209],[81.22500899752734,28.423640809968752],[81.3623762460625,28.185552202180666],[81.80762789969579,27.942510143396223],[81.12848296558191,26.426001063677127],[81.41951229405248,26.199644919311126],[82.06048202039105,25.6014065080618],[82.48779517128342,25.47321256279409],[82.71161806362147,25.22090434213421],[82.96709792461694,24.99357506307773],[82.96709792461694,25.57250693334544],[82.59868673444657,25.888287953491464],[82.80920741454393,26.151438803613154],[82.91446775459261,26.519849993783517],[84.11158514467444,26.07145097404341],[84.45343566538834,26.370570179668075],[84.19704777485292,26.712420700381973],[83.94290513811924,26.999430116408774],[83.87434676608203,27.382001481965823],[84.13611129244921,27.53824385257129],[84.35837081393359,27.404315553621096],[84.64774611910937,27.374557100251955],[84.71129897555468,27.270391069368166],[84.66636184176562,27.069509111360354],[84.96470931491015,27.00254400821094],[85.09327987155078,26.876056276277346],[85.37141707858203,26.757009111360354],[85.63416579684375,26.883494935945315],[85.77540114840625,26.85373457522754],[85.75989058932421,26.704934678987307],[85.90053847750781,26.59332426638965],[86.07120803317187,26.697492204622073],[86.39541915377734,26.63052710147266],[86.7765379281914,26.46684416385059],[87.0493879648125,26.600764833406252],[87.16964248141406,26.437078081086916],[87.349314722625,26.38499792666797],[87.51009658297656,26.444518648103518],[87.63218978366015,26.407317720369143],[87.94073775729296,26.46684416385059],[88.09216597994921,26.444518648103518],[88.23191359957812,26.757009111360354],[88.60182180866893,26.640441529355197],[88.86752608737109,26.908403001741213],[89.153758082,26.827533327058596],[89.40531447848437,26.790891252473635],[89.83439162692187,26.685449205354494],[90,26.71859510989551],[90,26.778745256379885],[91.0642740656503,26.75261632213409],[91.16184524020312,26.750220857576174],[90,26.360255315069487],[90,25.9662434512302],[91.43432931871358,26.097580739176628],[91.56566660666,26.053801643194483],[91.43432931871358,25.791127067301623],[91.56566660666,25.70356887533734],[91.47810841469573,25.484673395426626],[91.43432931871358,25.26577791551591],[91.74078299058858,25.003103339623053],[91.52188751067787,25.003103339623053],[91.56566660666,24.346416899890905],[91.30299203076714,24.346416899890905],[91.25921293478501,24.12752141998019],[91.47810841469573,24.08374232399805],[91.82834118255286,23.733509556140906],[91.82834118255286,23.558393172212334],[91.91589937451715,23.51461407623019],[92.04723666246358,23.689730460158763],[92.17857395041001,23.427055884265904],[92.26613214237429,22.94548582846233],[92.52880671826715,22.595253060605188],[92.50995162448046,22.110425554231448]]]},"properties":{"name":"Bundelkhand","role":"land"}},{"type":"Feature","geometry":{"type":"Polygon","coordinates":[[[68.66305540846919,27.709331481087585],[68.08384129589429,28.17417839348457],[67.44413347727269,28.726012237242415],[67.82561268128882,29.180154146785437],[69.66305923012604,32.42773409356749],[73.1387165240688,35.988163516630806],[79.93363518350596,32.68692729288654],[80.17496274207845,31.573107791782736],[81.448679957,30.40275152774219],[81.38832381686328,30.17210539431934],[81.2639875741875,30.03074225039844],[81.12931350192187,30.05306204409961],[81.02130416354296,30.246511064485354],[80.63441756686328,30.514360032991213],[80.56510451754687,30.484597764924807],[80.22518447360156,30.596202455476565],[80.27717879733203,30.759891115144534],[79.79214004000781,31.020301423982424],[79.6285887094414,30.968219362214846],[79.28126052340625,31.347673021272463],[79.10879043063281,31.45927771182422],[78.89426711520312,31.31791266055469],[78.80533126315234,31.347673021272463],[78.76073468239645,31.540865820556718],[76.95159948399552,31.71204275113335],[76.28800519660592,31.135291980049352],[78.13132266157702,30.776987895259385],[77.68770230697845,30.366570028307013],[76.10877320767288,29.668043140499524],[76.09665990634313,29.662684149596977],[73.31704623297901,29.69531880564162],[73.1114899968972,29.460687102847587],[70.74936250926856,29.282573254721953],[68.66305540846919,27.709331481087585]]]},"properties":{"name":"Sikhs","role":"land"}},{"type":"Feature","geometry":{"type":"Polygon","coordinates":[[[44.637278589812496,39.66220434756641],[44.669585260955074,39.75698813052539],[44.44808104952929,39.95989187808399],[43.81239226779101,40.01388128848438],[43.68453124484179,40.109115205720705],[43.66971877535937,40.2945514545],[43.85885909518359,40.66039236636524],[43.84727004489062,40.74996527285938],[43.47533706149218,41.08736761660938],[42.87842467745898,41.54550512881641],[43.95678618868945,42.59115561099414],[44.052519831267574,42.55924566836719],[44.169531855193355,42.612430177644534],[44.2971792550957,42.612430177644534],[44.414187464324215,42.729442201570315],[44.509924921599605,42.76135214419727],[44.6694822641289,42.76135214419727],[44.78649428805468,42.729442201570315],[44.871592554656246,42.66561850161914],[44.9779653879082,42.771991334871096],[45.03115371188281,42.771991334871096],[45.20135024508593,42.676253877595705],[45.29708388766406,42.676253877595705],[45.47791961154101,42.54860647769336],[45.8076773019707,42.5379711017168],[45.86086181124804,42.47414740176563],[45.75448897799609,42.25076254458789],[46.041697535124996,42.04865225406055],[46.28635695895312,41.98482855410938],[46.49910262545703,41.96355398745899],[46.55577758273242,41.878455720857424],[46.66929915866015,41.81463202090625],[46.850134882537105,41.83590658755664],[46.91395858248828,41.75080832095508],[47.22243789157031,41.56997641177539],[47.35008529147265,41.442325197175784],[47.35008529147265,41.30404242129688],[47.61601928195117,41.261493287996096],[47.81812957247851,41.197669588044924],[47.98832610568164,41.218944154695315],[48.22371258025433,41.4711466998491],[47.24856164173707,42.78491050892555],[47.19483867485455,43.37586314463319],[47.49336150607226,43.58319052310352],[47.56529525241015,43.601173006013674],[47.66420653781054,43.85294684024219],[47.73614028414843,43.86193808169727],[47.67319777926562,43.66411551089649],[47.57428649386523,43.502261720613284],[47.60126403292773,43.322425447419924],[47.6552114816582,43.27746542544727],[47.58327773532031,43.18754919619922],[47.56529525241015,43.007709108308596],[47.79009154757617,42.85484655948047],[47.8440428110039,42.62105902285938],[47.96992782076953,42.59408529849414],[48.22170165499804,42.279368959382815],[48.419524225798824,42.09053763003711],[48.50044921359179,41.92868383975391],[48.662303003874996,41.901710115388674],[48.683238062468746,41.83590658755664],[48.89249709567187,41.68698462100391],[48.998869928923824,41.516788087800784],[49.115881952849605,41.43168982119922],[49.24352935275195,41.29340323062305],[49.28607848605273,41.05938299746875],[49.3499021860039,40.9530101642168],[49.477549585906246,40.836001954988284],[49.60519698580859,40.761539064363284],[49.60519698580859,40.687076173738284],[49.80730346163867,40.58070334048633],[50.02005294283984,40.60197790713672],[50.190249476042965,40.57006796450977],[50.42426970919726,40.410506807283205],[50.46681884249804,40.26158484073047],[50.30725768527148,40.32540854068164],[50.12642577609179,40.346683107332034],[49.91368010958789,40.32540854068164],[49.849856409636715,40.2722240314043],[49.66902068575976,40.24031027408008],[49.57328322848437,40.17648657412891],[49.54137328585742,39.87864264102344],[49.44563582858203,39.655257783845705],[49.403086695281246,39.48506125064258],[49.49882415255664,39.37868841739063],[49.48818496188281,39.293590150789065],[49.339262995330074,39.28295096011524],[49.2754392953789,39.01702078433399],[49.17970565280078,39.14466818423633],[49.041419062224605,39.14466818423633],[46.647902115687344,38.960674756993214],[44.637278589812496,39.66220434756641]]]},"properties":{"name":"central Asian khanates","role":"land"}},{"type":"Feature","geometry":{"type":"Polygon","coordinates":[[[85.53184900593645,48.20445298219063],[85.60147253617254,48.23097623180438],[90,51.56936022315105],[91.96526701967714,51.56936022315105],[92.59101829536783,52.400237489938284],[93.56736071988496,52.34885104654265],[95.18741562805542,53.79553064795783],[95.86577102559038,53.79553064795783],[97.31938973459386,52.826451508622185],[97.61011347639456,52.14809611108723],[98.91755965670703,52.03695639224414],[99.29542067965625,51.946490846589846],[99.75820449313281,51.902694307283205],[101.01121047457812,51.671710573152346],[101.77236464938281,51.42517050357227],[102.11743453463671,51.36111029239063],[102.18224624117968,51.26922567935352],[102.18423751315234,51.0256420001543],[102.26568892916796,50.808997713044924],[102.44960311373828,50.60624273867969],[102.63903335055468,50.4561839923418],[103.37787154635546,50.21730764956836],[103.68075850924609,50.16643484683399],[104.79693892916796,50.4085765704668],[105.1551008554375,50.443309389070315],[105.6824217172539,50.42641790957813],[106.322947535125,50.416690431550784],[106.66849807223437,50.313521944001955],[107.26836684664843,49.97579535098438],[107.54907515963671,49.827098451570315],[108.05832198580859,49.68619116397266],[108.42351821383593,49.518477998689455],[109.01690200289843,49.40423163028125],[109.42404464205859,49.2955394610918],[110.19990828951953,49.24101599307422],[111.37829116305468,49.31900366397266],[112.52449325045703,49.462020479158205],[112.76120284518359,49.53502234073047],[113.03313735446093,49.65389975161914],[113.2346906991875,49.83119162173633],[113.57440474948046,50.05522497744922],[114.098338160125,50.27434881778125],[114.52263930758593,50.296275697664065],[114.8555403085625,50.22592505069141],[115.19365981539843,49.998336397126955],[115.34658339938281,49.94032248111133],[115.7336912485039,49.864032350496096],[116.2861814828789,49.99759253116016],[116.56601241549609,50.005626283601565],[116.68858920461969,49.95840255611305],[116.7,49.85],[117.1,48.5],[117.6,47.9],[118.6,47.9],[119.7,47.2],[119.9,46.7],[118.5,46.7],[117.4,46.4],[116,45.7],[114,44.9],[111.9,43.7],[110,42.6],[107.5,42.4],[105,41.6],[100.8,42.6],[96.4,42.8],[95.3,44],[93.5,44.9],[91,45.2],[90,45.7],[88.5,46.3],[87,46.9],[85.8,47.4],[85.53184900593645,48.20445298219063]]]},"properties":{"name":"Qing Empire","role":"realm","label":"Гадаад Монгол","labelAt":[102,46.6]}},{"type":"Feature","geometry":{"type":"Polygon","coordinates":[[[107.87561324557421,21.462068162874026],[107.78662398776171,21.526309572175784],[107.37752822360156,21.574723802522463],[107.09811690768359,21.649287782625002],[106.67344191989062,21.92616995425586],[106.55055526217578,22.09053763003711],[106.5073957773125,22.325194917634768],[106.71983626803515,22.662929140046877],[106.694529566375,22.834197603181643],[106.58803084811328,22.928811632112307],[106.23813918551562,22.90773542971973],[105.94114211520312,22.9314037189043],[105.59397414645312,23.037318788484377],[105.31343368014453,23.296004854158205],[105.17943099459765,23.25078161807422],[104.94455245455859,23.103391252473635],[104.63144210299609,22.85396345706348],[104.47811416110156,22.78323134036426],[104.11500075778125,22.730329118684573],[103.39727309664843,22.707110963777346],[103.24778274020312,22.655440889314455],[102.985056910125,22.469791017488284],[102.83884719332812,22.513383470491213],[102.5703611703789,22.689601503328127],[102.41698745211718,22.695058427766604],[102.18545058688281,22.636575303987307],[101.96785262545703,22.533715806916994],[101.66243270358203,22.392257295564455],[101.55436233004687,22.2836929187334],[101.53504470309375,22.137536607698244],[101.59694198092578,21.871224962190432],[101.69947341403125,21.70674093814258],[101.75289443453906,21.47212751956348],[101.7037840219414,21.31944426150684],[101.5841551156914,21.223506532625002],[101.23848250826953,21.259587846711916],[101.09374526461718,21.353993974641604],[100.94498733004687,21.549958787874026],[100.89465621432421,21.721107088044924],[100.61217025241015,21.535323701814455],[100.32079604586718,21.463782869294924],[100.20995620211718,21.5012222156084],[100.0402098031914,21.62087782473926],[99.88666823825,21.956513963655276],[99.75549605807421,22.12718351931934],[99.53885940035937,22.10688742251758],[99.31092360934375,22.105556093171877],[99.20855239352343,22.14940794558887],[99.15594008883593,22.307843767122073],[99.4835691781914,23.0208755359209],[99.46892837008593,23.14143332095508],[99.23398879489062,23.184506975129885],[98.98499587496875,23.151317201570315],[98.8939695688164,23.296832643464846],[98.76916030367968,24.08975752444629],[98.69875625094531,24.146489702180666],[98.48349288424609,24.138892732576174],[98.13675216158984,24.098785005525393],[97.76786330660937,23.89982946963672],[97.69524711923407,23.879622433915735],[97.53059676608203,23.89210470767383],[97.53085616549609,24.01274450869922],[97.63116744479296,24.273633562043948],[97.55812362155078,24.59066542239551],[97.52405074557421,24.799996934846682],[97.80182174166796,25.18251761050586],[97.88796523532031,25.27188452334766],[98.10718062838671,25.393762193635744],[98.38228896578906,25.63022192569141],[98.57541182955859,25.955068193391604],[98.73374465426562,26.34318121524219],[98.72535994967578,26.736657701448244],[98.63722518405078,27.478742204622073],[98.57173446139453,27.54182966800098],[98.34509566744921,27.527837358430666],[98.21602157076953,27.546138368562502],[98.11807540377734,27.68520125003223],[98.00866225680468,28.090755067781252],[97.82999709567187,28.28646048159961],[97.60302260836718,28.41209562869434],[97.47846511325,28.392329774812502],[97.34068587741015,28.23923262210254],[97.34041884860156,28.18211515994434],[95.4781149584116,27.908897522880622],[94.83714523207304,27.56704700216672],[94.32436945100218,26.88334596073892],[92.40146027198651,26.58422675511426],[91.54683397020176,26.2851075494896],[90,26.360255315069487],[91.16184524020312,26.750220857576174],[91.0642740656503,26.75261632213409],[92.17030536273745,26.98732044282419],[91.30052225054807,27.99734349172114],[89.78482768138501,28.022591386473323],[89.67198807878634,28.197480002650515],[88.16182424717722,27.74135000362828],[88.21383956393359,27.865617357209963],[87.90232375582812,27.947461687043948],[87.74962142428515,27.820973955110354],[87.5965071054375,27.873056016877932],[87.21436599215625,27.843293748811526],[87.07065871676562,28.006982408479494],[86.78721145114062,28.133468233064455],[86.60393813571093,28.133468233064455],[86.56804946383593,27.984662614778323],[86.44574264010546,27.947461687043948],[86.13785079440234,28.11858519168262],[86.14223769625781,27.954904161409182],[86.03566268405078,27.910255037263674],[85.97204879244921,28.11858519168262],[85.72918990573046,28.341794572786135],[85.56481460055468,28.312036119416994],[85.14416793307421,28.341794572786135],[85.13804915866015,28.46083792300586],[85.21659377535937,28.639407716707034],[85.06985000094531,28.646850191072268],[84.92027572116015,28.535241685823244],[84.26696303805468,28.937020860627932],[84.29831222018359,29.06350477786426],[84.21853927096484,29.234632097200198],[84.08839705905078,29.309030137971682],[83.76889327487109,29.25694616885547],[83.69781020602343,29.182548128083987],[83.40201095065234,29.539681993440432],[83.19741347750781,29.666164003328127],[83.12975600680468,29.606641374543948],[82.91757491549609,29.703366838411135],[82.59117415866015,29.97121962161426],[82.20093825778125,30.090262971833987],[82.14168075045703,30.36555441470508],[81.65574935397265,30.454833589509768],[81.57261184176562,30.372994981721682],[81.448679957,30.40275152774219],[80.17496274207845,31.573107791782736],[79.93363518350596,32.68692729288654],[79.61945564591836,34.13698669713698],[79.3203364402937,35.675314040349534],[79.1654354230952,37.170910068472836],[78.42297882341971,37.72641716463293],[76.47870398685941,38.28192426079301],[74.10384883457186,44.991042496725946],[74.13564453125002,45.070166015625],[74.1509765625,45.317285156249994],[74.08281250000002,45.35205078125],[74.1005859375,45.536865234375],[74.28945312500002,45.650634765625],[74.24531250000001,45.739501953125],[74.3033203125,45.789794921875],[74.253125,45.941650390625],[74.27802734375001,46.004052734374994],[74.54990234375,46.005908203124996],[74.77138671875002,46.1078125],[74.88808593750002,46.3765625],[75.09316406250002,46.460888671875],[75.21220703125002,46.426611328125],[75.44804687500002,46.498339843749996],[75.49160156250002,46.596484375],[75.611328125,46.507177734375],[75.86699218750002,46.53564453125],[76.03330078125003,46.511669921875],[76.23847656250001,46.5548828125],[76.74179687500003,46.531982421875],[76.85263671875003,46.49228515625],[77.10390625000002,46.454248046874994],[77.42929687500003,46.499658203124994],[77.56259765625003,46.435449218749994],[77.72578125000001,46.407128906249994],[77.86542968750001,46.428662109375],[78.017578125,46.342626953125],[78.16064453125,46.318652343749996],[78.31728515625002,46.349853515625],[78.40869140625,46.298828125],[78.46542968750003,46.392431640625],[78.71132812500002,46.396386718749994],[78.88984375000001,46.369921875],[79.02275390624999,46.4474609375],[79.09492187500001,46.581591796874996],[79.15159574123706,46.600807779646],[81.21984354753005,46.56178423613104],[85.38290436843612,48.14771216790478],[85.53184900593645,48.20445298219063],[85.8,47.4],[87,46.9],[88.5,46.3],[90,45.7],[91,45.2],[93.5,44.9],[95.3,44],[96.4,42.8],[100.8,42.6],[105,41.6],[107.5,42.4],[110,42.6],[111.9,43.7],[114,44.9],[116,45.7],[117.4,46.4],[118.5,46.7],[119.9,46.7],[119.7,47.2],[118.6,47.9],[117.6,47.9],[117.1,48.5],[116.7,49.85],[116.68858920461969,49.95840255611305],[116.984080347625,49.844562135652346],[117.4905271860039,49.58627661319141],[117.84202102145312,49.633800111726565],[118.94031051119921,49.972457490876955],[119.29120162448046,50.124984346345705],[119.34646132907031,50.23013266177539],[119.32166579684375,50.36770971866016],[119.16393569430468,50.524356447175784],[119.13661483248828,50.589854799226565],[119.18234542330859,50.70172079654102],[119.37221053561328,50.893287263826174],[119.55948165377734,51.13756521792774],[119.85977462252734,51.488074861482424],[120.1289778085625,51.73335989566211],[120.74595168551562,52.00712927432422],[120.8210935922539,52.36420401187305],[120.77311233004687,52.47634466739063],[120.56357100924609,52.61416205020313],[120.31287673434375,52.62606009097461],[119.94269088229296,52.59101828189258],[119.99654677828906,52.703815065339846],[120.16528609713671,52.83050116153125],[120.70224288424609,53.184520326570315],[120.91705611666796,53.258617006257815],[121.18775466403125,53.31972845645313],[121.67482689332648,53.357142464010835],[121.66089769115479,53.76041628506195],[120.92110683236578,53.834395370940854],[121.06906500412359,54.27826988621427],[120.92110683236578,54.50020714385097],[121.21702317588138,54.722144401487675],[121.29100226176028,55.092039830882186],[121.73487677703369,55.38795617439779],[121.9568140346704,55.905809775550104],[122.69660489345942,55.97978886142901],[123.51037483812735,56.423663376702414],[124.10220752515855,56.275705204944614],[124.54608204043197,56.275705204944614],[124.91597746982647,56.20172611906572],[126.54351735916231,56.49764246258132],[126.91341278855683,56.49764246258132],[128.17105724849816,56.71957972021803],[128.83686902140826,56.645600634339125],[129.20676445080278,56.86753789197583],[130.3904298248652,56.05376794730791],[130.90828342601753,55.239998002639986],[130.53838799662302,53.90837445681975],[131.13022068365424,53.90837445681975],[132.01796971420106,52.42879273924172],[132.38786514359558,52.35481365336282],[133.12765600238458,52.650729996878425],[133.4235723459002,52.650729996878425],[134.2373422905681,53.46449994154634],[134.6812168058415,52.94664634039403],[135.27304949287273,53.020625426272936],[136.16079852341954,53.020625426272936],[137.23923781832812,53.45651587100391],[137.9793958993828,53.464583955720705],[138.2340345712578,53.57158621402149],[138.40946486910937,53.80512198062305],[138.41680434664843,54.09191092105274],[139.37804702242968,54.080394350007815],[139.80591872653125,53.96114691348438],[140.10245803317187,53.80170401187305],[140.32129958590625,53.535647951082034],[140.70232680758593,53.2768627032793],[140.89365676364062,53.197433076814455],[141.12119582614062,53.051631532625],[141.0896711679375,52.98512228579883],[140.8281965585625,52.82524832339649],[141.03197768649218,52.72607382388477],[141.09054091891406,52.586864076570315],[140.93949416598437,52.26177176089649],[141.16062453707812,52.209205232576174],[141.25706008395312,52.10346182437305],[141.12632277926562,51.871619783357424],[140.73028090914843,51.441302858308596],[140.40453628024218,50.82738455386524],[140.32349685153125,50.51783712954883],[140.45699599703906,50.103988252595705],[140.37220290621875,49.691279970125],[140.32822707614062,49.35787924380664],[140.08100417575,48.50260504336719],[139.21370986422656,47.81061514468555],[139.04668715914843,47.615150056794924],[138.9492903085625,47.322425447419924],[138.68499282321093,47.13351400943164],[138.35157302340625,46.87316092105274],[138.24288466891406,46.710704408601565],[137.98462966403125,46.269290529207034],[137.72051528414843,45.996680818513674],[137.29691604098437,45.64631613345508],[136.49410537203906,44.96602972598438],[136.2850599618828,44.75304373355274],[136.17924025973437,44.54676779361133],[136.03397658785937,44.39840658755664],[135.69280532321093,44.22396811099414],[135.41475966891406,44.03683050723438],[135.15606215914843,43.72116430850391],[134.9624281259453,43.51504477115039],[134.56858352145312,43.21221502871875],[134.1389417978203,42.99295385928516],[133.31200698336718,42.77939184756641],[132.95279983004687,42.669540010408205],[132.82735732516406,42.86189993472461],[132.594431910125,42.899974428132815],[132.48473647555468,42.88049276919727],[132.33309462985156,42.96368368716602],[132.1817884775078,43.19463690371875],[131.88309768160937,43.071979127839846],[131.67460158785937,43.02660330386524],[131.86515334567187,43.290381990388674],[131.58420852145312,43.21272238345508],[131.35679152926562,42.99385031314258],[131.06461623629687,42.74924048037891],[130.43509963473437,42.27675970645313],[130.35991958102343,42.45350607486133],[130.22588637789843,42.65130194278125],[129.9656019540703,42.957393251375],[129.85425857028125,42.956790529207034],[129.74045852145312,42.89849432559375],[129.5681867929375,42.73739584536914],[129.46447280367968,42.416610322908205],[129.03454116305468,42.17738302798633],[128.75553420504687,42.060645662263674],[128.51363662203906,42.05294378848438],[128.3099623056328,42.07742270083789],[128.16028884371875,42.13420446963672],[127.98404983004687,42.10763891787891],[127.86077407321093,41.99816855044727],[127.84928420504687,41.844546876863284],[128.07813552340625,41.50039251895313],[128.09849074801562,41.44936331363086],[127.86146071871875,41.37772711367969],[127.42280868014453,41.35615500064258],[127.19430068453906,41.42522390933399],[126.97237685641406,41.539107881501955],[126.84932998141406,41.71752890200977],[126.64752486666796,41.710025392488284],[126.47417739352343,41.651507936433596],[126.16551497897265,41.189437471345705],[125.87949660739062,40.945026002839846],[125.41501143893359,40.69969900699024],[124.72513106783984,40.42769964785938],[124.49109939059375,40.27958258242969],[124.30433181246875,40.08068045230274],[124.13388350924609,39.843143068269534],[124.1040754648125,39.884784303621096],[123.91652968844531,39.80788382144336],[123.36642745455859,39.74938925357227],[123.03905776461718,39.67220266909961],[122.02749160250781,39.25575979800586],[121.74316695651171,39.08944662661914],[121.48840621432421,38.878604494050784],[121.2164793344414,38.75695761294727],[121.06533339938281,38.750281892732424],[121.12369826754687,38.865123353914065],[121.51177504977343,39.171859346345705],[121.66015151461718,39.33151587100391],[121.44896224459765,39.38210257144336],[121.28217605075,39.349891267732424],[121.21334365328906,39.4836383685625],[121.23940566500781,39.55383261294727],[121.66813186129687,39.905406557039065],[121.7889891000664,40.07807882876758],[122.03651717623828,40.26403769107227],[122.10791305026171,40.35372122378711],[122.08235457858203,40.488013826326174],[121.75361922701953,40.73695334048633],[121.42673018893359,40.86432608218555],[121.01060775241015,40.85068091006641],[120.78842452487109,40.683814607576174],[120.27274611910937,40.151771150544924],[120.11272719821093,40.08110388369922],[119.82381728610156,40.04216345401172],[119.54778579196093,39.93304403872852],[119.38549331149218,39.84343298526172],[119.21067336520312,39.63902624698047],[119.09059432467578,39.33910330386524],[118.97764113864062,39.22413595767383],[118.78126815280078,39.166358552888674],[118.55933669528125,39.172286592439455],[118.41243270358203,39.050880037263674],[118.27459243258593,38.999610506013674],[118.06992629489062,39.254188142732424],[117.91011336764453,39.26024206729297],[117.75288680514453,39.20253714175586],[117.57505324801562,38.91533621402149],[117.4395017953789,38.60277136416797],[117.47903731783984,38.44991644473438],[117.58946517428515,38.28448065371875],[117.84067061862109,38.16392096133594],[118.20027450045703,38.04361303897266],[118.74464705905078,38.06383474917774],[118.87524703463671,37.94942816348438],[118.8672590585625,37.707374177888674],[118.81164840182421,37.44613226504688],[118.83700087985156,37.20421560855274],[118.95460036715625,37.07711752505664],[119.28440383395312,37.04596670718555],[119.59885695895312,37.11661871524219],[119.94069961032031,37.3529125079668],[120.16939071139453,37.57625540347461],[120.41806319674609,37.67865713687305],[120.65811446627734,37.73646505923633],[120.7874021860039,37.70487555117969],[121.18977645358203,37.42548330874805],[121.43434432467578,37.336837373689455],[121.8948469491875,37.37596472354297],[122.05756667575,37.363563142732424],[122.26948836764453,37.30032309146289],[122.39285567721484,37.300574861482424],[122.28126815280078,36.982005678132815],[122.25558761080859,36.73369177432422],[121.84669784030078,36.86017569156055],[121.60988143405078,36.83422812075977],[120.85548690280078,36.584449373201174],[120.53731063326953,36.386519990876955],[120.50483230075,36.05556830020313],[120.26971724948046,35.98509558291797],[120.20366958102343,36.035865388826174],[120.19649032076953,36.15673788638477],[120.13933852633593,36.194800935701174],[119.91377547701953,36.143443666414065],[119.97557357272265,35.933597169832034],[119.90734389742968,35.76805838199024],[119.68883040866015,35.54497107119922],[119.06016066989062,35.0412670001543],[119.0032453866875,34.939471803621096],[119.02086165866015,34.691932283357424],[119.29992202242968,34.59093054385547],[119.97359755953906,34.13522299380664],[120.14943221530078,33.894332490876955],[120.3402815195,33.33605536075],[120.64058974703906,33.04462393374805],[120.71938613375781,32.84798391909961],[120.66086104830859,32.54311712832813],[120.73830703219531,32.46073492617969],[121.05076125582812,32.328048311189455],[121.23053267916796,32.06176718325977],[121.48366836032031,31.948009096101565],[121.60595992526171,31.827626787141604],[121.64503768405078,31.688027940706057],[121.62330916842578,31.618154130891604],[121.26826766451953,31.45233877749805],[121.49887374362109,31.28138693423633],[121.64023116549609,30.92612036319141],[121.63186934908984,30.792768083528323],[121.56893447360156,30.710101686433596],[121.32843306979296,30.690547548250002],[121.0354719491875,30.594703279451174],[120.60866836032031,30.346181474641604],[120.22693160494921,30.25015028567676],[119.94366744479296,30.1162181720293],[120.26755050143359,30.021649919465823],[120.43786147555468,29.99661024661426],[120.86273482760546,30.187980256990237],[121.08252242526171,30.213830553010744],[121.15524581393359,30.18857916446094],[121.39126876315234,29.92239721866016],[121.5652342172539,29.846555314973635],[121.77031997164843,29.834281526521487],[121.77436355075,29.76445349307422],[121.67039016207812,29.624536119416994],[121.49843886813281,29.522582612947268],[121.36191085299609,29.414350114778323],[121.41146377047656,29.344604097322268],[121.55819991549609,29.357616029695315],[121.64916518649218,29.319707475618166],[121.56675246676562,29.173480592683596],[121.43251326998828,28.836659990266604],[121.34583571871875,28.54437979312305],[121.35852340182421,28.385663591340823],[121.25970748385546,28.182250581697268],[121.16591170748828,28.124896608308596],[121.00856307467578,28.276980958894534],[120.94237807711718,28.213330827668948],[120.68650344332812,27.86989554019336],[120.50590041598437,27.590104661897463],[120.35180953463671,27.177013002351565],[120.08409408053515,26.985940538362307],[119.97135451754687,26.788837037996096],[119.85703566989062,26.706031404451174],[119.60071090182421,26.692800126985354],[119.428904566375,26.590831361726565],[119.55488875826953,26.2672134265459],[119.43603042086718,26.038339220002932],[119.47034743746875,25.77168234439258],[119.42860701998828,25.65092619510059],[119.33538344821093,25.530067048982424],[119.09585860690234,25.440650545076174],[119.02366927584765,25.313485704377932],[118.81294539889453,24.84941443057422],[118.53120711764453,24.69003637881641],[118.3456297250664,24.467338167146487],[118.12423995455859,24.530391298250002],[117.92490676364062,24.56172712893848],[117.796092066375,24.42171438784961],[117.84909347018359,24.047095857576174],[117.7532453866875,23.98338469119434],[117.40589431246875,23.690473161653323],[117.24540236910937,23.632972322419924],[116.96271041354296,23.556155763582034],[116.70913222750781,23.34602316470508],[116.45205977877734,23.250201784089846],[116.40389541110156,23.19928701968555],[116.4002180429375,22.983321748689455],[116.34061721285937,22.9133315906084],[116.08469680270312,22.88737829776172],[115.86004928073046,22.83609541507129],[115.70670608004687,22.638873659089846],[115.30879500826953,22.771407686189455],[115.18552688082812,22.745751939729494],[115.04353621920703,22.599364839509768],[114.84781173190234,22.510015092805666],[114.55874923190234,22.464948259309573],[114.53746322116015,22.674502931550784],[114.30387404879687,22.64860113711719],[113.98913863619921,22.55266722293262],[113.845164332,22.463439546541018],[113.71678451022265,22.482215486482424],[113.53598311862109,22.704146944001955],[113.4625730844414,22.77385290713672],[113.37662032565234,22.646646104768557],[113.41929152926562,22.570508562043948],[113.39908889254687,22.47519262881641],[113.37770369967578,22.16390760989551],[113.28367904147265,22.030330263093752],[113.09672072848437,21.979121767],[112.87131026705859,22.061215959504885],[112.81556228121875,21.934060655549807],[112.81533339938281,21.826074205354494],[112.74952224215625,21.756068788484377],[112.47251418551562,21.73007734866504],[112.30786422213671,21.678912721589846],[112.03952315768359,21.65928991885547],[111.83120254000781,21.754121385530276],[111.73399642428515,21.709455095247073],[111.53608230075,21.493072114900393],[111.43422225436328,21.461099229768557],[111.08559707125781,21.479402147249026],[110.74959853610156,21.37706335635547],[110.56641677340625,21.23057707400684],[110.36344436129687,21.24285276980762],[110.23882583102343,21.280696474031252],[110.20257094821093,21.096425615266604],[110.07242873629687,20.91828878970508],[110.0772199960625,20.867482744172854],[110.29317000826953,20.582110963777346],[110.41411879977343,20.52519568057422],[110.43365767916796,20.436297975496096],[110.2712889047539,20.315265260652346],[109.92825606783984,20.244672380403323],[109.7115965219414,20.56816252322559],[109.60293105563281,20.879180513337893],[109.60814956149218,21.057046495393557],[109.78676131686328,21.406783662751955],[109.77981856783984,21.482984147981448],[109.51607802828906,21.596772752717776],[109.41431716403125,21.56479414554004],[109.32187941989062,21.43120153994922],[109.11740401705859,21.39900930972461],[108.8130369516289,21.493642412141604],[108.55499556979296,21.823396287874026],[108.46664718112109,21.785104356721682],[108.45892623385546,21.708860002473635],[108.38727096041796,21.530852876619143],[108.2659406991875,21.47342451663379],[108.11670211276171,21.498511873201174],[107.87561324557421,21.462068162874026]]]},"properties":{"name":"Qing Empire","role":"ruler","label":"Чин улс","labelAt":[110,30]}},{"type":"Feature","geometry":{"type":"Polygon","coordinates":[[[108.68497756442187,19.295583330110354],[108.87368300875781,19.40395887942676],[109.19816115817187,19.684140764192385],[109.420115503875,19.659205995515627],[109.44225600680468,19.7354751452959],[109.55032638033984,19.913556657747073],[109.65765670260546,19.901086412385744],[109.91588118991015,19.800006471589846],[110.0606184335625,19.940053544954104],[110.25832656344531,19.940475069001955],[110.61735061129687,20.017461381868166],[110.88536361178515,19.706782899812502],[110.61250594576953,19.471187196687502],[110.42703536471484,19.22941931338672],[110.29871657809375,18.898843370393557],[110.36146834811328,18.765576921418948],[110.26251510104296,18.625627122834963],[110.13131240328906,18.587236009553713],[109.66907027682421,18.41473539920215],[109.42965224703906,18.096622072175784],[108.93858626803515,18.33060225100879],[108.6519270273125,18.482448183015627],[108.5604734750664,19.06029661746387],[108.57689956149218,19.18737181277637],[108.68497756442187,19.295583330110354]]]},"properties":{"name":"Qing Empire","role":"ruler"}},{"type":"Feature","geometry":{"type":"Polygon","coordinates":[[[104.1564678474937,14.350358614619132],[103.62135908537591,14.410834935182185],[103.47134477871685,14.353721834522734],[102.93571651420376,14.149798677668697],[102.66785601981368,13.850966322103071],[102.36026649911287,13.50781119865859],[102.38500481459738,13.437746114096646],[102.75206225406839,12.39814782165346],[102.68822673110765,12.260197412700272],[102.61214060120699,12.095773088301522],[102.52975753268359,12.148449502900881],[102.32390883883593,12.186125360444827],[101.91858199557421,12.585492692903323],[101.72353652438281,12.65496214480762],[101.58664229830859,12.661016069368166],[101.32911208590625,12.558820329622073],[101.15365889987109,12.609263025239748],[101.02302840670703,12.67251642794971],[100.8716307016289,12.67854269595508],[100.87124160250781,12.805599771455569],[100.95698073825,13.364850603059573],[100.90870955905078,13.447337709382815],[100.58545211276171,13.472054086641116],[100.47393325289843,13.509931169465823],[100.23968032321093,13.490372262910647],[100.04000380953906,13.394650064424319],[99.93033126315234,13.26100119204883],[100.02316573580859,12.994373880342287],[99.97711471041796,12.841794572786135],[99.83370498141406,12.523833833650393],[99.89526656588671,12.079245172456545],[99.76342299899218,11.780366502717776],[99.50129989108203,11.246126733735842],[99.18617537936328,10.489401422456545],[99.07134536227343,9.898278795198244],[99.11865523776171,9.371041856721682],[99.19562056979296,9.23778685183887],[99.29845717867968,9.161765657380862],[99.54617598971484,9.194064699128909],[99.7240476938164,9.257984720186037],[99.83726027926562,9.22645815463428],[99.8980207773125,9.067752443269534],[99.90211776217578,8.9216323718584],[99.8658933969414,8.711874566987795],[99.92937758883593,8.584942422822756],[100.0093489023125,8.49006613345508],[100.131541285125,8.53205069156055],[100.20770553073046,8.325048051790041],[100.30192092379687,7.886848531678957],[100.28748610934375,7.772442899659914],[100.34463027438281,7.440459810212893],[100.5396223398125,7.048657499269289],[100.61492446383593,6.97892864795093],[100.97531417330859,6.852635942415041],[101.21749404391406,6.802323423341555],[101.42795852145312,6.828196607545657],[101.55989364108203,6.739531599000735],[101.67956069430468,6.464325033143801],[101.97837356051562,6.219416700319094],[102.0738020273125,6.154240690187258],[102.03493789157031,6.002498708680911],[101.81225875338671,5.845058046296877],[101.76259902438281,5.586182676271243],[101.4729490610039,5.546331010774416],[101.4507551523125,5.761089406923098],[101.31174758395312,5.834561429933352],[101.18616774996875,5.708609662965578],[101.07635024508593,5.531262956575198],[100.98436263522265,5.568850599244875],[100.93139174899218,5.676552854493899],[101.0271482797539,5.855553708986086],[100.98412612399218,6.051787458375735],[100.86667922457812,6.159114442781252],[100.66530898532031,6.212420545533938],[100.61741164645312,6.422341428712649],[100.36036208590625,6.416622720674319],[100.1587400766289,6.340098463014407],[100.22198775729296,6.520606599763674],[100.15439895114062,6.603053174928469],[99.96908095797656,6.507349573091311],[99.83384231051562,6.538828454927248],[99.66299727877734,6.710008703187746],[99.61080459078906,6.938635431245608],[99.63965133151171,7.065781198457522],[99.571726832,7.262594781831545],[99.46808150729296,7.338616453126711],[99.29392531832812,7.319180093721194],[99.118601832,7.642843805269045],[99.02450850924609,7.871374689058108],[98.8894529672539,8.0172191485918],[98.74962142428515,8.086814485505862],[98.544627222625,8.264267526582522],[98.39026168307421,8.219458185151858],[98.2924070688164,8.15570791812305],[98.19523147067187,8.327052675203127],[98.1771726938164,8.600222192720217],[98.25056746920703,8.937120996431155],[98.5017576547539,9.719152055696291],[98.63262465914843,10.100653253511233],[98.59324172457812,10.120483003572268],[98.63720229586718,10.288574777559084],[99.09185317477343,11.053625665620608],[99.54658797701953,11.755106531099123],[99.58108809908984,11.888709627107424],[99.31733230075,12.439803682283205],[99.09757522067187,12.972101770356936],[99.09527877291796,13.086422525361819],[99.13364699801562,13.372485719636721],[99.09447005709765,13.670798860505862],[99.00300887545703,13.886227212861819],[98.72998336276171,14.157741151765627],[98.48691848239062,14.372261606172366],[98.21724227389453,15.018537126497073],[98.1370344491875,15.189550958589358],[98.50286391696093,15.382237039521975],[98.57976821383593,15.471605859712405],[98.47556594332812,16.004500947908205],[98.53294661959765,16.1064468249834],[98.73598006686328,16.209258638337893],[98.82361129244921,16.317746721223635],[98.7500715585625,16.469729982332034],[98.45952895602343,16.937985979036135],[98.39312270602343,17.083663545564455],[97.90217879733203,17.512631975129885],[97.78759292086718,17.575469575837893],[97.73726180514453,17.968904100374026],[97.70602706393359,18.051280580476565],[97.37346938571093,18.44939573855762],[97.27488230039214,18.503621734320777],[97.37243095460272,20.779832287303815],[97.77346431080174,21.36643335326134],[98.19617514571422,21.60848326484582],[97.69524711923407,23.879622433915735],[97.76786330660937,23.89982946963672],[98.13675216158984,24.098785005525393],[98.48349288424609,24.138892732576174],[98.69875625094531,24.146489702180666],[98.76916030367968,24.08975752444629],[98.8939695688164,23.296832643464846],[98.98499587496875,23.151317201570315],[99.23398879489062,23.184506975129885],[99.46892837008593,23.14143332095508],[99.4835691781914,23.0208755359209],[99.15594008883593,22.307843767122073],[99.20855239352343,22.14940794558887],[99.31092360934375,22.105556093171877],[99.53885940035937,22.10688742251758],[99.75549605807421,22.12718351931934],[99.88666823825,21.956513963655276],[100.0402098031914,21.62087782473926],[100.20995620211718,21.5012222156084],[100.32079604586718,21.463782869294924],[100.61217025241015,21.535323701814455],[100.89465621432421,21.721107088044924],[100.94498733004687,21.549958787874026],[101.09374526461718,21.353993974641604],[101.23848250826953,21.259587846711916],[101.5841551156914,21.223506532625002],[101.7037840219414,21.31944426150684],[101.75289443453906,21.47212751956348],[101.69947341403125,21.70674093814258],[101.59694198092578,21.871224962190432],[101.53504470309375,22.137536607698244],[101.55436233004687,22.2836929187334],[101.66243270358203,22.392257295564455],[101.96785262545703,22.533715806916994],[102.17058852633593,22.198381029084963],[102.44640639742968,21.939666353181643],[102.69068435153125,21.668059907869143],[102.84287551364062,21.249883256868166],[102.99293807467578,20.939632020906252],[103.26622298678515,20.744395814851565],[103.47791579684375,20.65673216433887],[103.60706618746875,20.68288382144336],[103.83613875826953,20.900102220491213],[104.01119521578906,20.977319322541994],[104.12909224948046,20.939910493806643],[104.32407668551562,20.63627775760059],[104.71581557711718,20.200439058259768],[104.71968368014453,19.97187765689258],[104.60505965670703,19.825173936799807],[104.48754409274218,19.7419448718584],[104.3584699960625,19.715789400056643],[104.1445799203789,19.746285997346682],[104.00476363619921,19.70102270694141],[103.88008407076953,19.535207353547854],[103.89931014498828,19.313087068513674],[104.52772048434375,18.935790620759768],[104.81215957125781,18.721570573762698],[105.09863570651171,18.431155763582034],[105.41265395602343,18.083745561555666],[106.16977218112109,17.129317842439455],[106.42635634860156,16.718055330232424],[106.63819411715625,16.484338365510744],[106.94634536227343,16.30833014102344],[107.10751632174609,16.169568620637698],[107.16857436617968,15.992103181794924],[107.06714156588671,15.79464491458301],[107.09975722750781,15.667821489290041],[107.33807662448046,15.45328577609424],[107.43399337252734,15.256977640107912],[107.46341231783984,14.996761880830569],[107.38697365112833,14.55689789165046],[106.84143044641657,14.315947710171523],[106.82145994222037,14.329557761365754],[106.51085277817286,14.541238916856427],[106.43255863772114,14.515303060615604],[106.0455953191632,14.387116903354189],[106.14354425790205,14.090430210821426],[106.138725429433,14.039003270151698],[106.13449206171732,13.99382441563442],[106.12129393901584,13.960206706838244],[105.86194105902777,13.97164700228271],[105.79773275968087,13.993443174629009],[105.61758972731019,14.054594593066724],[105.12732401848619,14.221020366583568],[105.08260457371732,14.22721161891464],[104.35597612591754,14.32781081227482],[104.1564678474937,14.350358614619132]]]},"properties":{"name":"Rattanakosin Kingdom","role":"land"}},{"type":"Feature","geometry":{"type":"Polygon","coordinates":[[[114.02923402719802,22.508457822712955],[114.16626294842006,22.560807313317255],[114.30903130089744,22.553519333285553],[114.41305849240106,22.436859356255123],[114.32911931029123,22.272308319943782],[114.13397864760857,22.171690795428585],[114.09882463116942,22.21652930133975],[114.15334922809546,22.298696001772115],[114.08662833975177,22.36057961538022],[113.92538619292115,22.36721429724379],[113.90135232453927,22.406518299261425],[114.02923402719802,22.508457822712955]]]},"properties":{"name":"Hong Kong","role":"land"}}]}