{"type":"FeatureCollection","features":[{"type":"Feature","geometry":{"type":"MultiPolygon","coordinates":[[[[120.62239364097859,21.92519911404314],[120.52810195396687,22.096486650664232],[120.1134367317989,22.641852937895678],[119.96409133384968,23.086133562285326],[119.95028212974812,23.2830081808156],[120.02075484703327,23.619784914214037],[120.6741596643803,24.551345764602157],[120.11554,23.631386],[120.148331,23.327221],[120.055542,23.153049],[120.049149,23.060829],[120.163879,22.953606],[120.199707,22.786942],[120.328598,22.519444],[120.573036,22.366108],[120.674988,22.181938],[120.69555011623473,21.970797727388323],[120.62239364097859,21.92519911404314]]],[[[120.72771726859703,24.626902539736413],[120.90708832908835,24.844964321936814],[120.871597,24.73999],[120.72771726859703,24.626902539736413]]]]},"properties":{"name":null,"role":"land"}},{"type":"Feature","geometry":{"type":"MultiPolygon","coordinates":[[[[120.36362746666218,14.530945383269213],[119.97168258140827,14.90490301724138],[119.77184585045124,15.469834886748217],[119.81296065758015,15.978120409209154],[119.68141463707234,16.187451921660326],[119.76202681968952,16.35914000149431],[120.20210555504109,16.042466722685717],[120.2931242317989,16.233226381499193],[120.30344680259968,16.41746290798845],[120.25812819908406,16.61428793545427],[120.24656203697468,16.874698244292162],[120.31154159019734,17.071763597685717],[120.3230314583614,17.370326601225756],[120.3930769295528,18.04379232998552],[120.56437209556843,18.43162306423845],[120.80041793297077,18.55281790371599],[121.03637221763874,18.527911745268725],[121.58078292320515,18.294051729399584],[121.83984664390827,18.275552355009935],[121.92465499351765,18.37100752468767],[122.0495939583614,18.447494112212084],[122.13901046226765,18.384166322905443],[122.14715102623249,18.206330858427904],[122.02781203697468,18.00917204495134],[122.00743392418171,17.793162904936693],[122.07029250572468,17.43757780667009],[122.31363967369343,17.260247789580248],[122.39557937095906,17.114329897124193],[122.20331099937702,16.542222582060717],[122.06395247886921,16.33230360623064],[121.68860152672077,16.058362566191576],[121.43898299644734,15.918075166899584],[121.3681745858028,15.498668276030443],[121.24220565269734,15.30783327694597],[121.45681289146687,14.882681451994799],[121.61163619468952,14.38752134915056],[121.7287931771114,14.108259760100267],[121.90372110772182,14],[120.56232741721995,14],[120.5106306404903,14.112003885466478],[120.79860213707234,14.385773264128588],[120.94382003258015,14.290805422026537],[121.10496810386921,14.253032289702318],[121.28544143150593,14.34235819454851],[121.21723464439656,14.418434702116869],[120.89658645103718,14.551147066313646],[120.70640853355671,14.728614412505053],[120.47143081138874,14.804338060576342],[120.36362746666218,14.530945383269213]]],[[[122.14708203214498,14],[122.17925551841999,14.064768396574877],[122.39741042564656,14.306631647307299],[122.48647597740437,14.319521509367846],[122.67462447593952,14.269106470305346],[122.77617171715046,14.174032770354174],[122.82500850760819,14],[122.14708203214498,14]]]]},"properties":{"name":null,"role":"land"}},{"type":"Feature","geometry":{"type":"Polygon","coordinates":[[[109.42965224693562,18.096622072417162],[108.93858626793171,18.33060225125017],[108.65192702720906,18.482448183257006],[108.56047347496296,19.060296617705248],[108.57689956138874,19.187371813017748],[108.68497756431843,19.295583330351732],[108.87368300865437,19.40395887966814],[109.19816115806843,19.684140764433764],[109.42011550377156,19.659205995757006],[109.5503263802364,19.91355665798845],[109.65765670250202,19.901086412627123],[109.91588118980671,19.800006471831225],[110.06061843345906,19.940053545195482],[110.25832656334187,19.940475069243334],[110.61735061119343,20.017461382109545],[110.88536361168171,19.70678290005388],[110.61250594566609,19.47118719692888],[110.4270353646114,19.2294193136281],[110.2987165779903,18.898843370634935],[110.36146834800984,18.765576921660326],[110.26251510093952,18.62562712307634],[109.66907027672077,18.41473539944353],[109.42965224693562,18.096622072417162]]]},"properties":{"name":"Hainan","role":"land"}},{"type":"Feature","geometry":{"type":"Polygon","coordinates":[[[106.45149726589356,16.187961290965557],[107.37534490539612,16.691467982144694],[107.69201949547077,16.37142714138689],[107.80916884849812,16.28274305935564],[108.0953474373653,16.25158842678728],[108.23614791343952,16.080380998808764],[108.36306289146687,15.623269640166185],[108.49894240806843,15.36310728665056],[108.78612044761921,15.090558611113451],[108.91776565025593,14.792262636382006],[109.07114699791218,14.170025430876635],[109.10289689687369,14],[107.57521005444667,14],[107.42098276611229,14.648471238048558],[107.26888031012744,15.118606102001719],[106.45149726589356,16.187961290965557]]]},"properties":{"name":"Champa","role":"land"}},{"type":"Feature","geometry":{"type":"Polygon","coordinates":[[[35.32068133018723,15.53405520319249],[38.75622731981474,17.79625648407741],[39.008826288683665,17.056781374174975],[39.20794204185749,16.326509081084154],[39.517928156359446,15.46304854031267],[39.79644683311726,15.088771425444506],[39.88854125450398,15.18427427883806],[39.85619262169148,15.400236688811205],[39.89788344810749,15.50198610897722],[40.03721145103718,15.387916170317553],[40.217452082140696,15.083317362028978],[40.38988402794148,14.90578707333269],[40.739138636095774,14.919243417937182],[41.341250452502024,14.342323862273119],[41.64353343039036,14],[35.39441071510542,14],[35.46620719044046,14.280027585313688],[35.32767061354656,15.422954344688346],[35.32068133018723,15.53405520319249]]]},"properties":{"name":"Axum","role":"land"}},{"type":"Feature","geometry":{"type":"Polygon","coordinates":[[[35.32068133018723,15.53405520319249],[35.32767061354656,15.422954344688346],[35.46620719044046,14.280027585313688],[35.39441071510542,14],[30.582064529106578,14],[30.53134399740492,14.092987641453036],[30.53134399740492,15.823850263060105],[35.26711548130835,16.385531884130845],[35.32068133018723,15.53405520319249]]]},"properties":{"name":"Alwa","role":"land"}},{"type":"Feature","geometry":{"type":"Polygon","coordinates":[[[35.26711548130835,16.385531884130845],[30.53134399740492,15.823850263060105],[30.346545040181983,16.932644006397737],[29.661815263018052,18.64446844930756],[29.845810508514884,20.116430413282192],[34.4217777775482,20.50604967705261],[34.52779006636866,20.17476127448868],[35.15131792797838,18.226236706958304],[35.26711548130835,16.385531884130845]]]},"properties":{"name":"Makkura","role":"land"}},{"type":"Feature","geometry":{"type":"Polygon","coordinates":[[[34.4217777775482,20.50604967705261],[29.845810508514884,20.116430413282192],[30.24170546069559,20.886202248900418],[30.24170546069559,21.73596301411631],[30.544863291240354,22.746489115932185],[30.49060251636263,22.94852764123742],[30.808542433239328,23.862604902257928],[31.64013774074255,23.770205423646452],[32.748931484080174,23.770205423646452],[33.657230668213316,24.017988632918694],[33.690083292409675,23.54952842887194],[33.345321283718846,23.354044941061307],[33.76532574880635,22.476612723085886],[34.4217777775482,20.50604967705261]]]},"properties":{"name":"Nobatia","role":"land"}},{"type":"Feature","geometry":{"type":"Polygon","coordinates":[[[103.23424489264612,20.122862737146093],[102.07927723251458,19.824130595557133],[100.69818881548598,19.47885849129998],[100.25974950424269,20.004985664791924],[100.12273530839072,20.169402699814288],[100.35291671122881,20.744856206909542],[100.26548283983271,21.928907920598565],[100.13646949001239,23.676039501350324],[100.12336220480856,23.85354168968533],[100.6798657360762,24.131793455319148],[101.51462103297764,24.68829698658678],[102.25662574133449,25.337551106399026],[103.6826637888953,26.05637059211011],[106.43040222584175,24.873798163675996],[103.83338574659278,20.1435181479011],[103.23424489264612,20.122862737146093]]]},"properties":{"name":"Thai Kingdoms","role":"land"}},{"type":"Feature","geometry":{"type":"Polygon","coordinates":[[[98.85054221490893,14],[100.49436455898697,14.856734600858577],[101.60737162152225,15.320487543581606],[102.62762809551292,14.671233423769362],[102.20810720565706,14],[98.85054221490893,14]]]},"properties":{"name":"Dvaravati","role":"land"}},{"type":"Feature","geometry":{"type":"Polygon","coordinates":[[[106.45149726589356,16.187961290965557],[107.26888031012744,15.118606102001719],[107.42098276611229,14.648471238048558],[107.57521005444667,14],[103.94095636949785,14],[103.9261363351374,14.207480481046339],[104.11163751222661,15.505988720670814],[104.57539045494964,15.784240486304633],[106.45149726589356,16.187961290965557]]]},"properties":{"name":"Chen-La","role":"land"}},{"type":"Feature","geometry":{"type":"Polygon","coordinates":[[[88.32746285555693,28.01314016826437],[88.34403745964363,26.45055816893429],[87.60203275128679,25.059299340765207],[85.93252215748387,25.24480051785442],[85.09776686058242,25.801304049122052],[83.98475979804715,24.781047575131392],[82.59350096987806,24.781047575131392],[80.46023743335213,25.70855346057745],[78.54104452261383,27.627746371315755],[76.93571506865712,29.23307582527246],[76.92164753014544,29.387818748901008],[76.84296448011251,30.253332299263132],[78.34239662748489,32.59394588131141],[80.73848919898596,30.90258641907537],[85.65427039185006,28.583821705460224],[88.32746285555693,28.01314016826437]]]},"properties":{"name":"Kanauj","role":"land"}},{"type":"Feature","geometry":{"type":"Polygon","coordinates":[[[88.34403745964363,26.45055816893429],[88.32746285555693,28.01314016826437],[93.90907277231997,26.821560523112716],[94.46557630358761,26.450558168934293],[94.49146471297155,26.243450893862768],[94.55832689213223,25.70855346057745],[93.90907277231997,24.966548752220604],[92.98711182040957,24.08248654806202],[91.6517870269344,22.356924150680594],[91.57107070396687,22.543313585478685],[91.59030805870482,24.039042866774544],[91.68305864724944,25.059299340765207],[91.59030805870482,25.523052283488234],[88.34403745964363,26.45055816893429]]]},"properties":{"name":"Hindu states","role":"land"}},{"type":"Feature","geometry":{"type":"Polygon","coordinates":[[[69.51023227899012,24.25133985785633],[70.3769784137666,24.301118545288006],[71.00014421047507,24.359059419349247],[71.67418068446584,25.10986080329285],[73.64541942915585,25.155915305420958],[75.31143411015191,25.512246701612483],[75.83285855229573,26.130428589943318],[76.1126472773485,26.32437038227348],[76.93929578318624,26.278766129123664],[76.92657811386566,26.039050143765124],[76.7739660820187,25.833188372015833],[76.95201345250683,25.063788946016658],[77.44800255600944,24.613683617800216],[77.46072022533004,23.615430205845612],[77.2826728548419,23.171885892104015],[76.81211908998044,22.327460417982696],[76.75346749056952,22.3093604247921],[76.04905893074559,22.09197862678035],[75.09523373170202,21.997675547334975],[74.09053785537617,21.879708488469472],[73.45465438934711,21.985883246282082],[72.68538098847628,21.68423586591879],[72.66594222496296,21.848943315703295],[72.69562056968952,22.12853582974138],[72.31904891441609,22.11503180142107],[72.23298171470906,22.019551836211107],[72.12713912437702,21.828742586333178],[72.13103774498249,21.746179186064623],[72.25569442222859,21.632083498198412],[72.28899672935749,21.54956968899431],[72.25619796226765,21.352563463408373],[72.1208601326778,21.155339800078295],[71.89442733238484,20.989677034575365],[71.52892592857624,20.823730074126146],[71.30259231041218,20.772426210600756],[71.0244474739864,20.657476030547045],[70.85505202720906,20.650762163359545],[70.46747878502156,20.77700003262224],[70.20994857261921,20.94797857876482],[69.75222304771687,21.398070894438646],[69.12606337974812,21.96850737209978],[68.8941755623653,22.285655580717943],[69.01423171470906,22.30496748562517],[69.49224379966999,22.24880941982927],[69.76916793297077,22.287507616240404],[69.96852401207234,22.35145720120134],[70.17620376060749,22.478955827910326],[70.41056350181843,22.752622209746264],[70.31022170494343,22.82864340420427],[70.04594710777546,22.777261339384935],[69.66488936851765,22.789163194853685],[69.10719588707234,22.898904405791185],[68.79081252525593,23.028724275786303],[68.37294295738484,23.326415621001146],[68.0721769661739,23.67518766995134],[68.04699996422077,23.764070116240404],[67.68147257073656,23.820147016373703],[68.76183441005287,24.208358110263113],[69.51023227899012,24.25133985785633]]]},"properties":{"name":"Maitraka Kingdom","role":"land"}},{"type":"Feature","geometry":{"type":"Polygon","coordinates":[[[83.98475979804715,24.781047575131392],[85.09776686058242,25.801304049122052],[85.93252215748387,25.24480051785442],[87.60203275128679,25.059299340765207],[88.34403745964363,26.45055816893429],[91.59030805870482,25.523052283488234],[91.68305864724944,25.059299340765207],[91.59030805870482,24.039042866774544],[91.57107070396687,22.543313585478685],[91.41017440269734,22.72083433743181],[91.08137801597859,22.561330400664232],[90,22.560958467680834],[90,21.93025358792009],[89.86968520591999,22.1332279073781],[89.79633620689656,21.832069002348803],[89.6701765389278,21.719838701445482],[89.57895186851765,21.700582109648607],[89.45661452720906,21.94171293850603],[89.23388198326374,21.655381761748217],[89.07225326011921,21.774339281279467],[88.99476912925984,21.629476152617357],[89.02553847740437,21.546960436064623],[88.88093856285359,21.514886461455248],[88.72346023033406,21.53995283718767],[88.65697768638874,21.857440553862475],[88.56759932945515,21.89536627407732],[88.45388320396687,21.736314378935717],[88.37705520103718,21.577336870390795],[88.24792769859577,21.596122347075365],[88.12160781334187,21.86265143032732],[88.05304244468952,21.938741289336107],[87.86748794029499,21.696960054594896],[87.64071944664265,21.563081346709154],[86.93719771812702,21.288428865630053],[86.79619124840046,21.1356693136281],[86.84421065758015,20.875316225249193],[86.92611220787312,20.69125898953142],[86.77521041343952,20.468600832182787],[86.6378507942989,20.31910666104021],[86.63238051841999,20.203647218901537],[86.11916640709187,19.806542955595873],[85.9089460701778,19.723508440215014],[85.71477797935749,19.697682939726732],[85.37910750816609,19.60537489529314],[84.726764506404,20.88552285625795],[84.726764506404,21.90577933024861],[84.91226568349322,22.740534627150062],[84.81951509494861,23.85354168968533],[83.98475979804715,24.781047575131392]]]},"properties":{"name":"Palas","role":"land"}},{"type":"Feature","geometry":{"type":"Polygon","coordinates":[[[74.59079397930536,14],[74.52085177973689,14.155057073232983],[75.080703297765,14.392981658135547],[75.55228128752765,14],[74.59079397930536,14]]]},"properties":{"name":"Western Gangas","role":"land"}},{"type":"Feature","geometry":{"type":"Polygon","coordinates":[[[75.55228128752765,14],[75.080703297765,14.392981658135547],[78.04872213119239,17.453751080107537],[78.97622801663844,17.63925225719675],[79.06897860518305,17.268249903018326],[79.06897860518305,15.227736955036999],[79.43998095936148,14.94948518940318],[80.0870695442989,14.94643362637224],[80.16166213463093,14.254099451262377],[80.16731557037104,14],[75.55228128752765,14]]]},"properties":{"name":"Pallavas","role":"land"}},{"type":"Feature","geometry":{"type":"Polygon","coordinates":[[[107.37534490539612,16.691467982144694],[106.45149726589356,16.187961290965557],[105.41690757366706,17.407225865757063],[104.3810912608956,18.327951477109472],[103.56705112280987,19.601992927144384],[103.23424489264612,20.122862737146093],[103.83338574659278,20.1435181479011],[106.43040222584175,24.873798163675996],[103.6826637888953,26.05637059211011],[102.25662574133449,25.337551106399026],[101.51462103297764,24.68829698658678],[100.6798657360762,24.131793455319148],[99.90849746972384,26.90871921418761],[99.75235985063013,27.47081464292496],[100.21611279335316,30.160581710718525],[100.6798657360762,32.850348778512085],[101.78956935299207,37.669821826010704],[99.38135749645171,37.58062879428699],[99.35231210297071,37.58789014265722],[96.41333866302432,38.32263350264383],[96.59883984011354,39.71389233081292],[97.99009866828263,39.89939350790213],[100.40161397044237,39.71389233081292],[100.95372505221039,40.029384377537504],[101.05086809025461,40.08489468499134],[101.88562338715606,39.80664291935752],[102.4421269184237,38.87913703391146],[102.90587986114673,38.87913703391146],[103.55513398095896,40.73414880480358],[104.84145406657181,41.231001059500606],[107.48854019920998,41.115910358081564],[110.7110798389434,40.88572895524346],[116.16921402302536,40.64139821625898],[117.56047285119445,40.64139821625898],[118.20972697100667,40.826899393348185],[119.04448226790814,42.31090881006189],[121.91975051279091,42.681911164240304],[123.86751287222764,43.05291351841873],[124.70226816912908,42.31090881006189],[122.08235457847859,40.48801382656755],[121.75361922691609,40.73695334072771],[121.42673018883015,40.86432608242693],[121.01060775230671,40.85068091030779],[120.78842452476765,40.68381460781755],[120.27274611900593,40.1517711507863],[120.11272719810749,40.0811038839406],[119.82381728599812,40.0421634542531],[119.54778579185749,39.933044038969896],[119.38549331138874,39.8434329855031],[119.21067336509968,39.63902624722185],[119.09059432457234,39.339103304106615],[118.97764113853718,39.22413595791521],[118.78126815269734,39.16635855313005],[118.5593366951778,39.172286592680834],[118.41243270347859,39.05088003750505],[118.27459243248249,38.99961050625505],[118.06992629478718,39.2541881429738],[117.91011336754109,39.26024206753435],[117.75288680504109,39.20253714199724],[117.57505324791218,38.915336214262865],[117.43950179527546,38.60277136440935],[117.4790373177364,38.449916444975756],[117.58946517418171,38.28448065396013],[117.84067061851765,38.16392096157732],[118.20027450035359,38.04361303921404],[118.74464705894734,38.063834749419115],[118.87524703453327,37.949428163725756],[118.86725905845906,37.70737417813005],[118.81164840172077,37.446132265288256],[118.83700087974812,37.204215608794115],[118.9546003670528,37.07711752529802],[119.28440383384968,37.04596670742693],[119.59885695884968,37.11661871548357],[119.94069961021687,37.35291250820818],[120.16939071129109,37.57625540371599],[120.41806319664265,37.67865713711443],[120.6581144661739,37.73646505947771],[120.78740218590046,37.70487555142107],[121.18977645347859,37.42548330898943],[121.43434432457234,37.336837373930834],[121.89484694908406,37.37596472378435],[122.05756667564656,37.3635631429738],[122.26948836754109,37.30032309170427],[122.3928556771114,37.3005748617238],[122.28126815269734,36.98200567837419],[122.25558761070515,36.7336917745656],[121.84669784019734,36.86017569180193],[121.60988143394734,36.834228121001146],[120.85548690269734,36.58444937344255],[120.53731063316609,36.386519991118334],[120.50483230064656,36.055568300444506],[120.26971724937702,35.98509558315935],[120.20366958091999,36.03586538906755],[120.13933852623249,36.19480093594255],[119.91377547691609,36.14344366665544],[119.97557357261921,35.93359717007341],[119.90734389732624,35.768058382231615],[119.68883040855671,35.5449710714406],[119.06016066978718,35.04126700039568],[119.00324538658406,34.939471803862475],[119.02086165855671,34.6919322835988],[119.29992202232624,34.59093054409685],[119.97359755943562,34.13522299404802],[120.14943221519734,33.894332491118334],[120.34028151939656,33.33605536099138],[120.64058974693562,33.04462393398943],[120.71938613365437,32.84798391934099],[120.66086104820515,32.543117128569506],[120.73830703209187,32.46073492642107],[121.05076125572468,32.328048311430834],[121.23053267906452,32.061767183501146],[121.48366836021687,31.948009096342943],[121.60595992515827,31.827626787382982],[121.62330916832234,31.618154131132982],[121.26826766441609,31.452338777739428],[121.49887374351765,31.28138693447771],[121.64023116539265,30.926120363432787],[121.6318693489864,30.7927680837697],[121.56893447349812,30.710101686674975],[121.32843306968952,30.69054754849138],[121.03547194908406,30.594703279692553],[120.60866836021687,30.346181474882982],[120.22693160484577,30.25015028591814],[119.94366744468952,30.116218172270678],[120.26755050133015,30.0216499197072],[120.43786147545124,29.99661024685564],[120.86273482750202,30.187980257231615],[121.08252242515827,30.213830553252123],[121.15524581383015,30.18857916470232],[121.3912687630489,29.922397218901537],[121.56523421715046,29.846555315215014],[121.77031997154499,29.834281526762865],[121.77436355064656,29.7644534933156],[121.67039016197468,29.624536119658373],[121.36191085289265,29.4143501150197],[121.41146377037312,29.344604097563646],[121.55819991539265,29.357616029936693],[121.64916518638874,29.319707475859545],[121.56675246666218,29.173480592924975],[121.43251326988484,28.836659990507982],[121.3458357186153,28.544379793364428],[121.35852340172077,28.3856635915822],[121.25970748375202,28.182250581938646],[121.16591170738484,28.124896608549975],[121.00856307457234,28.276980959135912],[120.94237807701374,28.213330827910326],[120.68650344322468,27.86989554043474],[120.50590041588093,27.59010466213884],[120.35180953453327,27.177013002592943],[120.08409408043171,26.985940538603685],[119.97135451744343,26.788837038237475],[119.85703566978718,26.706031404692553],[119.60071090172077,26.692800127226732],[119.42890456627156,26.590831361967943],[119.55488875816609,26.26721342678728],[119.43603042076374,26.03833922024431],[119.4703474373653,25.77168234463396],[119.42860701988484,25.650926195341967],[119.33538344810749,25.530067049223803],[119.0958586067989,25.440650545317553],[119.02366927574421,25.31348570461931],[118.81294539879109,24.8494144308156],[118.53120711754109,24.690036379057787],[118.34562972496296,24.467338167387865],[118.12423995445515,24.53039129849138],[117.92490676353718,24.561727129179857],[117.79609206627156,24.42171438809099],[117.84909347008015,24.047095857817553],[117.75324538658406,23.983384691435717],[117.4058943123653,23.6904731618947],[116.96271041343952,23.556155763823412],[116.70913222740437,23.34602316494646],[116.4520597786739,23.250201784331225],[116.40389541099812,23.199287019926928],[116.40021804283406,22.983321748930834],[116.34061721275593,22.91333159084978],[116.08469680259968,22.8873782980031],[115.86004928062702,22.83609541531267],[115.70670607994343,22.638873659331225],[115.30879500816609,22.771407686430834],[115.18552688072468,22.745751939970873],[115.04353621910359,22.599364839751146],[114.8478117317989,22.510015093047045],[114.5587492317989,22.46494825955095],[114.53746322105671,22.674502931792162],[114.30387404869343,22.64860113735857],[113.98913863609577,22.552667223173998],[113.84516433189656,22.463439546782396],[113.71678451011921,22.482215486723803],[113.46257308433796,22.7738529073781],[113.3766203255489,22.646646105009935],[113.41929152916218,22.570508562285326],[113.37770369957234,22.16390761013689],[113.28367904136921,22.03033026333513],[113.09672072838093,21.97912176724138],[112.87131026695515,22.061215959746264],[112.8155622811153,21.934060655791185],[112.81533339927937,21.826074205595873],[112.7495222420528,21.756068788725756],[112.47251418541218,21.73007734890642],[112.30786422203327,21.678912721831225],[112.03952315758015,21.65928991909685],[111.83120253990437,21.754121385771654],[111.73399642418171,21.70945509548845],[111.53608230064656,21.49307211514177],[111.43422225425984,21.461099230009935],[111.08559707115437,21.479402147490404],[110.74959853599812,21.37706335659685],[110.5664167733028,21.230577074248217],[110.36344436119343,21.242852770048998],[110.23882583091999,21.28069647427263],[110.20257094810749,21.096425615507982],[110.07242873619343,20.91828878994646],[110.07721999595906,20.867482744414232],[110.29317000816609,20.582110964018725],[110.41411879966999,20.5251956808156],[110.43365767906452,20.436297975737475],[110.27128890465046,20.315265260893725],[109.9282560677364,20.2446723806447],[109.71159652183796,20.568162523466967],[109.60293105552937,20.87918051357927],[109.60814956138874,21.057046495634935],[109.78676131675984,21.406783662993334],[109.7798185677364,21.482984148222826],[109.51607802818562,21.596772752959154],[109.4143171639278,21.56479414578142],[109.32187941978718,21.4312015401906],[109.11740401695515,21.39900930996599],[108.81303695152546,21.493642412382982],[108.55499556968952,21.823396288115404],[108.46664718101765,21.78510435696306],[108.38727096031452,21.53085287686052],[108.26594069908406,21.47342451687517],[108.11670211265827,21.498511873442553],[107.90002730797077,21.47900541897478],[107.41781142662312,21.18578680630388],[107.46579268883015,20.976270281035326],[107.37433913658406,20.880792223173998],[106.8070402474239,20.905006014067553],[106.7462492317989,20.815949999052904],[106.77157119224812,20.63813933010759],[106.38092330406452,20.11008795376482],[106.04167464683796,19.937850557524584],[105.96486953209187,19.88052328701677],[105.84338668297077,19.70240934963884],[105.70696547935749,19.2828803884572],[105.53258040855671,18.844211183745287],[105.65331557701374,18.742835603911303],[105.86413100670124,18.489196382719896],[106.36444381187702,18.007497392851732],[106.39383986900593,17.66453894253435],[106.43306258629109,17.550279222685717],[106.62225631187702,17.328355394560717],[107.11497024009968,16.954610429961107],[107.37534490539612,16.691467982144694]]]},"properties":{"name":"Sui Empire","role":"other","label":"Тан улс","labelAt":[110.38,31.59]}},{"type":"Feature","geometry":{"type":"Polygon","coordinates":[[[122.08235457847859,40.48801382656755],[124.70226816912908,42.31090881006189],[127.29928464837805,43.23841469550794],[129.24704700781476,45.18617705494466],[130.54555524743924,45.37167823203387],[132.12231525269752,44.62967352367703],[132.8273573250606,42.86189993496599],[132.59443191002154,42.89997442837419],[132.48473647545123,42.880492769438646],[132.3330946297481,42.963683687407396],[132.18178847740435,43.19463690396013],[131.88309768150592,43.071979128081225],[131.67460158775592,43.026603304106615],[131.86515334556842,43.29038199063005],[131.58420852134967,43.21272238369646],[131.35679152916217,42.99385031338396],[131.06461623619342,42.74924048062029],[130.4676161141231,42.298785768706225],[129.8247175545528,41.8613658773488],[129.64126113365435,41.655849062163256],[129.5907087654903,41.46990545864763],[129.6310682625606,41.277789674956225],[129.5614118904903,41.07268866177263],[129.47782424400592,40.682025514799975],[129.17704299400592,40.63022192593279],[129.01484206627154,40.52752264614763],[128.44658950279498,40.06586798306169],[128.23623183677935,39.96959265347185],[127.93131545494343,39.9562259542531],[127.67152694175984,39.86643561001482],[127.44079879234577,39.623656831938646],[127.2768888802364,39.22168692227068],[127.40455916832234,39.07533987637224],[125.29374221275593,38.68870123501482],[125.02792647789265,38.81562002773943],[125.29609206627156,39.36432608242693],[125.20653823326374,39.485282503325365],[124.92233565758015,39.61860617275896],[124.68842605064656,39.60537680264177],[124.54809096763874,39.541339479643725],[124.44284347008015,39.57300528164568],[124.20898726890827,39.738326631743334],[124.10407546470906,39.884784303862475],[123.91652968834187,39.80788382168474],[123.36642745445515,39.749389253813646],[123.03905776451374,39.67220266934099],[122.02749160240437,39.25575979824724],[121.74316695640827,39.08944662686052],[121.48840621422077,38.87860449429216],[121.21647933433796,38.756957613188646],[121.06533339927937,38.7502818929738],[121.12369826744343,38.86512335415544],[121.51177504966999,39.171859346587084],[121.66015151451374,39.33151587124529],[121.44896224449421,39.38210257168474],[121.28217605064656,39.3498912679738],[121.21334365318562,39.48363836880388],[121.23940566490437,39.553832613188646],[121.66813186119343,39.90540655728044],[121.78898909996296,40.07807882900896],[122.03651717613484,40.264037691313646],[122.10791305015827,40.35372122402849],[122.08235457847859,40.48801382656755]]]},"properties":{"name":"Koguryo","role":"land"}},{"type":"Feature","geometry":{"type":"MultiPolygon","coordinates":[[[[139.4781391949878,38.325539934052046],[140.87221816490435,37.91744955654802],[140.8808698983028,37.73915060635271],[140.9232282967403,37.62462195034685],[140.98220351646685,37.26819952603044],[140.96393874595904,36.95626028652849],[140.6556043953731,36.618312441069506],[140.54662612388873,36.287223421294115],[140.55544570396685,35.969142519194506],[140.64475539634967,35.835753999907396],[140.83425429771685,35.677123628813646],[140.55686477134967,35.5430065023488],[140.39493850181842,35.40912207241716],[140.3166151375606,35.03381689663591],[139.83010390709185,34.835982881743334],[139.7880964608028,34.96284445400896],[139.92046645591998,35.261901460844896],[140.0028944344356,35.497359834868334],[139.9137068123653,35.55441244717302],[139.68267348716998,35.44583090420427],[139.42260268638873,35.165511690337084],[139.20864394615435,35.16507300015154],[139.05291274498248,35.024886690337084],[139.0228376717403,34.68834265347185],[138.86382583091998,34.5674320089406],[138.74982741783404,34.649703584868334],[138.75103286216998,34.92264898892107],[138.68374160240435,34.99233969326677],[138.4501600594356,34.9029918539113],[138.29520705650592,34.763026796538256],[138.1490583748653,34.5278812276906],[137.75918105552935,34.55247076626482],[137.24822524498248,34.48160894985857],[137.04178908775592,34.72873648281755],[136.7338514656856,34.87408789272966],[136.61693862388873,34.759601198393725],[136.50706008384967,34.51817663784685],[136.71134475181842,34.40433844204607],[136.89858535240435,34.25873144741716],[136.76687148521685,34.16959723110857],[136.3937635750606,34.11170538540544],[136.1992292733028,34.00339087124529],[135.99099257896685,33.72367437954607],[135.75567153404498,33.34231527920427],[135.4460096688106,33.50672491665544],[135.19150832603717,33.60141714688005],[135.06292251060748,33.69002493496599],[134.9692488045528,34.13417013760271],[135.01397231529498,34.204093538481615],[135.23673537681842,34.35053595181169],[135.3170271248653,34.471313081938646],[135.28681472252154,34.5981937276906],[135.20571425865435,34.617084108549975],[134.9356794686153,34.54035147305193],[134.78246596763873,34.55273779507341],[134.42731765220904,34.62817724819841],[134.21349624107623,34.570617281157396],[133.82529738853717,34.385741792876146],[133.58913711021685,34.442374788481615],[132.84772780845904,34.26313360806169],[132.48118117759967,34.12908514614763],[132.38665297935748,34.268539034087084],[132.1834822029903,34.287170015532396],[131.99730971763873,34.09000738735857],[131.9949598641231,33.80434378262224],[131.6548719734981,33.91156347866716],[131.39416030357623,33.93642386074724],[130.89904311607623,33.90366705532732],[130.77932265709185,33.966903291899584],[130.81162551353717,34.1193118917531],[130.89232924888873,34.24644049282732],[131.10976699302935,34.24053534146013],[131.33410170982623,34.291774355132006],[131.67228225181842,34.501952730376146],[132.6628523201778,35.38062628384294],[132.98076919029498,35.444869600493334],[133.00620559166217,35.254149996001146],[133.22861770103717,35.31183584805193],[133.80405715416217,35.427482210356615],[134.22356704185748,35.4537731039113],[134.75583938072467,35.531173311430834],[135.15697768638873,35.646468721587084],[135.18804458091998,35.443011842924975],[135.35766128013873,35.32253988857927],[135.72710708091998,35.45048102017107],[135.92803481529498,35.60351904507341],[135.9265241951778,35.76252707119646],[135.97788527916217,35.97254904385271],[136.1872663826778,36.20200308438005],[136.50152114341998,36.46351202603044],[136.66849807213092,36.66749533291521],[136.64042190025592,37.17027624722185],[136.81084731529498,37.31068380947771],[137.30964187095904,37.43265112515154],[137.3349256844356,37.27354010220232],[137.1181745858028,37.14577444668474],[137.01377395103717,37.037353121001146],[136.98302749107623,36.83360632534685],[137.04532912681842,36.668258272368334],[137.17620376060748,36.643066011626146],[137.27591994713092,36.69418676968279],[137.46403029869342,36.85367926235857],[138.31724074791217,37.20550879116716],[138.69896987388873,37.44820364590349],[138.85615066002154,37.73505743618669],[139.19793227623248,37.92043264980974],[139.43984511802935,38.18843802090349],[139.4781391949878,38.325539934052046]]],[[[130.74401381920123,30.88783415432634],[130.5793104500606,30.906545244414232],[130.55413344810748,30.969977937895678],[130.67454055259967,31.211490236479662],[130.73246291588092,31.478250108916185],[130.5819197029903,31.528737627226732],[130.47443679283404,31.439628206450365],[130.40439895103717,31.229978166777514],[130.23293593834185,31.026460252959154],[130.0862684578731,31.121388994414232],[130.06011489341998,31.216558061797045],[130.20514968345904,31.426370226103685],[130.2193250984981,31.559724413115404],[130.05887893150592,31.97206266995134],[130.44396499107623,32.28393133755388],[130.4811659188106,32.347499452788256],[130.49653151939654,32.55701788540544],[130.25739577720904,32.9120365011281],[130.10752395103717,32.930778108794115],[130.03458693931842,32.81000097866716],[129.8459120125606,32.587421022612475],[129.7337293953731,32.637984834868334],[129.6303358406856,32.86631353970232],[129.46087172935748,32.98657950039568],[129.34337905357623,33.15138968105974],[129.5280409188106,33.297774873930834],[129.85825637291217,33.260367952544115],[130.1761579842403,33.33719977017107],[130.42656997154498,33.67417105313005],[130.64440444420123,33.7000003683156],[130.85947707603717,33.67505987759294],[130.97111037681842,33.50388678188982],[131.09250930259967,33.427962862212084],[131.28603652427935,33.39026220913591],[131.56875136802935,33.48606451626482],[131.66982558677935,33.308532320219896],[131.41355422447467,33.11121710415544],[131.59562209556842,33.00366552944841],[131.79528335045123,32.80728491421404],[131.83098891685748,32.69308813687029],[131.5629988045528,32.43224676724138],[131.4536238045528,32.24792822476091],[131.40685561607623,32.08277472134294],[131.31928542564654,31.51120527859392],[131.21062758873248,31.35226973171892],[131.0487928719356,31.275754533965014],[130.9596815438106,31.193025194365404],[130.74401381920123,30.88783415432634]]],[[[132.69875625084185,32.54885824795427],[132.56757644127154,32.63746603604021],[132.4670515389278,32.75788076992693],[132.34257033775592,33.10677298184099],[132.12111953209185,33.34754904385271],[132.44994643638873,33.51961477871599],[132.57937148521685,33.640494905669115],[132.7843122811153,33.907523714262865],[132.96868422935748,33.79364355679216],[133.24547866295123,33.80055960293474],[133.46291640709185,33.88352163906755],[133.60300734947467,34.036159120757006],[133.80564406822467,34.17622336025896],[134.01023391197467,34.189330660063646],[134.1526747078731,34.113456331450365],[134.5404157967403,34.01269873257341],[134.60976699302935,33.898578249174975],[134.5191297859981,33.650817476469896],[134.38769057701373,33.54264410610857],[133.99859145591998,33.14826925869646],[133.9174909920528,33.24331625576677],[133.7268934578731,33.37623556729021],[133.51652053306842,33.39485128994646],[133.2409773201778,33.299056612212084],[133.15415481041217,33.21636541958513],[133.04386428306842,32.9939456808156],[132.96967605064654,32.76526220913591],[132.90069106529498,32.66990240688982],[132.69875625084185,32.54885824795427]]]]},"properties":{"name":"Yamato","role":"land"}},{"type":"Feature","geometry":{"type":"Polygon","coordinates":[[[140.87221816490435,37.91744955654802],[139.4781391949878,38.325539934052046],[139.50393203209185,38.4178844320363],[139.74572280357623,38.679584108549975],[139.7414198250606,38.74329718228044],[139.8960829109981,38.99850424404802],[139.96793654869342,39.208968721587084],[140.03008559654498,39.48317679043474],[140.01108840416217,39.69351156826677],[139.86213210533404,39.78246649380388],[139.80463698814654,39.890746675688646],[139.98502639244342,40.11461981411638],[139.91515639732623,40.57495459194841],[140.15972426841998,40.72901495571794],[140.38640883873248,40.98550375576677],[140.47280410240435,40.98567923184099],[140.65697768638873,40.72361334438982],[140.7933454842403,40.74948843594255],[141.1525526375606,40.865417085844896],[141.07664016197467,41.102138124663256],[140.93682387779498,41.1146617757863],[140.7745008797481,41.25522574063005],[141.08701613853717,41.44161947842302],[141.28579238365435,41.371539674956225],[141.43688491295123,41.26935537930193],[141.44120315025592,40.78918036099138],[141.46714309166217,40.5140872823781],[141.5662489266231,40.456718050200365],[141.67560866783404,40.316222749907396],[141.99811843345904,39.671989046294115],[141.99851516197467,39.448878847319506],[141.8878279061153,39.12996634121599],[141.56858352134967,38.785209261137865],[141.46709731529498,38.58749350186052],[141.49639419029498,38.42189749355974],[141.09665969322467,38.26184424038591],[140.95058730552935,38.12141378994646],[140.87221816490435,37.91744955654802]]]},"properties":{"name":null,"role":"land"}},{"type":"Feature","geometry":{"type":"Polygon","coordinates":[[[57.359369486926965,23.85851371320451],[57.90421584556843,23.571113191801928],[58.08071807335163,23.501605592924975],[58.46465590904499,23.50877150173845],[58.62849334190632,23.4582954275197],[59.02163604210163,23.020764909941576],[59.25432113121296,22.72900541897478],[59.46142104576374,22.538865648466967],[59.82569030235554,22.37445219631853],[59.837283167345774,22.279178224760912],[59.53569320152546,21.8020511495656],[59.25884917686726,21.47744711514177],[58.86135390709187,21.11447676296892],[58.51204970787312,20.421229921538256],[58.403086695177805,20.357472978789232],[58.15044692466999,20.39505537625017],[58.04437163780476,20.43295057888689],[57.93127349327351,20.400937639433764],[57.4556768662372,21.684681145257947],[57.359369486926965,23.85851371320451]]]},"properties":{"name":"Mazun","role":"land"}},{"type":"Feature","geometry":{"type":"Polygon","coordinates":[[[57.359369486926965,23.85851371320451],[57.4556768662372,21.684681145257947],[57.93127349327351,20.400937639433764],[57.80608275841023,20.171960436064623],[57.77755263756062,19.669990144926928],[57.778426203234446,19.31421049709978],[57.83862975548054,19.03480681057634],[57.65703490684773,18.970885835844896],[57.18620971153523,18.938108049590014],[56.90431121300007,18.81680067654314],[56.73888686607624,18.689376436430834],[56.608599695666086,18.466741167265795],[56.549361261828196,18.218829714018725],[56.4575529427364,18.09156187649431],[56.2575903267696,17.97677382107439],[56.01284316490437,17.93178518887224],[55.70811751793171,17.95018347378435],[55.561072382433665,17.937171541411303],[55.38948729942585,17.8097415792531],[55.290408167345774,17.676099382597826],[55.23443511436726,17.44726141567888],[55.23563674400593,17.28843458767595],[55.19483855675007,17.148564897734545],[54.91061309288288,16.97005995388689],[54.756079706652415,16.95067175503435],[54.40687468956257,17.045220934111498],[54.08425811241413,17.01911886807146],[53.681250605089915,16.897540651518725],[53.33573440025593,16.763379656035326],[52.894324335558665,16.60995253201189],[52.65216735313679,16.488719545561693],[52.35659697960163,16.233945451933764],[50.76851082127298,16.794067172075167],[48.87215030105925,16.594450275210562],[46.67636443554862,15.795982687752147],[45.47866305436099,15.995599584616752],[43.466347014629946,19.17926376687781],[38.79149700939678,26.575295118440728],[38.19264631880297,26.774912015305333],[36.31222442100788,26.42269667263689],[35.831072840197336,27.095153413969896],[35.59481337974812,27.51398619290056],[35.43649581383015,27.72965582485857],[35.111590418322336,28.072061144072435],[36.16771219270454,30.422967883672243],[38.37574401120885,33.531644259724374],[39.4901561484229,33.36226961183725],[47.61403945396687,29.272241197783373],[47.80355742882038,29.184920870024584],[47.99150756309773,29.277490221220873],[48.1290617317989,29.268191896635912],[48.462683710558665,28.385850511748217],[48.58751204918171,28.093883119780443],[48.75173858116413,27.871879183012865],[48.85502150963093,27.522691332060717],[49.13191131065632,27.53597220059099],[49.243506464464915,27.479030214507006],[49.151927027209055,27.372457109648607],[49.321604761584055,27.161550127226732],[49.427317652209055,27.131045900542162],[49.532542261584055,27.009526811797045],[49.93138411949421,26.9341255056447],[50.12176421592976,26.737586580473803],[50.09017470787312,26.61149176235857],[49.983958277209055,26.59574469204607],[49.93417266319538,26.48306807156267],[50.07624724815632,26.311841570097826],[49.9919767708614,26.04484137173357],[49.93686202476765,25.955783449370287],[50.01140502403523,25.835229479033373],[50.14689162681843,25.535644136626146],[50.21432403038288,25.588124834257982],[50.38191894005085,25.461173616606615],[50.429209742052805,25.18402250881853],[50.61889556358601,24.870853029448412],[50.606543573839915,24.68021734829607],[50.77828124473835,24.47092970486345],[50.968333277209055,24.436244569975756],[50.96494582603718,24.712745271880053],[50.89617827842976,24.909551225859545],[50.8473234505489,25.265224062163256],[50.93111327598835,25.538573824126146],[51.01538756798054,25.588124834257982],[50.988955530627024,25.67209395046892],[51.06882766197468,25.945460878569506],[51.21702102134968,26.066470705229662],[51.35766509483601,26.02896078701677],[51.388796839220774,25.887261949736498],[51.50592711876179,25.845275484282396],[51.586672815783274,25.60911902065935],[51.53905394981648,25.420184694487475],[51.55285552452351,25.10153158779802],[51.606150660021555,24.98728712673845],[51.558917078478586,24.815652452666185],[51.287825617296946,24.410777651030443],[51.2914152474239,24.28136786099138],[51.52285293052937,24.160663210112475],[51.60644057701374,24.202647768217943],[51.58590224693562,24.003221117216967],[51.764571222765696,24.00286444302263],[51.94559768150593,23.945495210844896],[52.25463775108601,23.987481676298998],[52.3010473580196,24.081946932036303],[52.38302901695515,24.10818251248064],[52.48116210411335,24.055703722197435],[52.671649012072336,24.074679933745287],[52.93944076011921,24.02441557522478],[53.0757055611446,24.087190233427904],[53.68676284263874,23.987481676298998],[54.01652816246296,24.05045660610857],[54.107520136339915,24.10293348904314],[54.27599242637898,24.109820924956225],[54.34709838341023,24.154452882964037],[54.48741439293171,24.34434279080095],[54.59216216514851,24.37732847805681],[54.77081969688679,24.73348196621599],[55.09080031822468,25.02003630276384],[55.457198175890696,25.420184694487475],[55.53048613975788,25.37295492764177],[56.01545623253132,25.771625124174975],[56.36705306480671,26.23611982937517],[56.40502837608601,25.861381136137865],[56.16130736778523,25.47334440823259],[56.36601928184773,25.454724870879076],[56.406260523302805,25.308688722807787],[56.40537551353718,24.8195072042531],[56.610796961291086,24.47688253994646],[56.79418853233601,24.26761397000017],[57.146197351916086,23.9824710714406],[57.359369486926965,23.85851371320451]]]},"properties":{"name":null,"role":"land"}},{"type":"Feature","geometry":{"type":"Polygon","coordinates":[[[43.466347014629946,19.17926376687781],[45.47866305436099,15.995599584616752],[46.67636443554862,15.795982687752147],[48.87215030105925,16.594450275210562],[50.76851082127298,16.794067172075167],[52.35659697960163,16.233945451933764],[52.23764327476765,16.10025557156267],[52.16285613487507,15.871372781950853],[52.135169062121165,15.687059961516283],[51.95041182945515,15.540526949126146],[51.312563929064524,15.246890627104662],[50.29111770103718,14.958784662444017],[49.71286300133015,14.773288332182787],[49.33384993980671,14.632695757109545],[49.17317870567585,14.498915277678392],[48.96038726280476,14.21889742489519],[48.76460174034382,14.097749315459154],[48.536746057970774,14.046437822539232],[48.270144495470774,14.077626787382982],[48.0361662239864,14.045357309538744],[47.950421340160844,14],[43.255863968471914,14],[43.2069425911739,14.079471193510912],[43.05326369713093,14.60650786038103],[42.79587844322468,15.47008093472185],[42.763525995714915,15.666981302458666],[42.88387969444538,15.984922014433764],[42.76366332481648,16.64545591946306],[42.53529265831257,17.07066687222185],[42.206519159777415,17.514735780913256],[42.009444269640696,17.736680589873217],[41.628558191759836,18.047204576689623],[41.39917663048054,18.440644823271654],[41.20152310600852,18.89638667414274],[43.466347014629946,19.17926376687781]]]},"properties":{"name":"Sasanian dependencies","role":"land"}},{"type":"Feature","geometry":{"type":"Polygon","coordinates":[[[36.31222442100788,26.42269667263689],[38.19264631880297,26.774912015305333],[38.79149700939678,26.575295118440728],[43.466347014629946,19.17926376687781],[41.20152310600852,18.89638667414274],[41.033022913439524,19.28490790005388],[40.81975844810749,19.68472059841814],[40.69382003258015,19.868707262236498],[40.336348566515696,20.096686922270678],[39.76407912681843,20.40679510708513],[39.526900324328196,20.692212663847826],[39.16673949669148,21.218801103789232],[39.10333922813679,22.0001655447072],[39.1021948189571,22.400445543486498],[39.05560210655476,22.571889482695482],[38.91509536216999,22.87021406765642],[38.490122827990305,23.612683855254076],[38.329417261584055,23.83471830959978],[37.988421473009836,24.11356123562517],[37.78184798668171,24.214786134917162],[37.55722335289265,24.27148588772478],[37.41881087730671,24.398265443999193],[37.201453241808665,24.65831335659685],[37.26854232261921,24.969781480986498],[37.21826842735554,25.166631303984545],[37.00525573204304,25.534686647612475],[36.669295343859446,26.016835771757982],[36.31222442100788,26.42269667263689]]]},"properties":{"name":"Hejaz","role":"land"}},{"type":"Feature","geometry":{"type":"Polygon","coordinates":[[[18.206108,56.911942],[18.256664,57.032219],[18.173332,57.141937],[18.111385,57.51944],[18.46722,57.811943],[18.724998,57.922775],[19.004719,57.908607],[19.033333,57.826942],[18.809166,57.703606],[18.78833,57.448326],[18.711941,57.241661],[18.391388,57.12999700000012],[18.302498,56.937492],[18.206108,56.911942]]]},"properties":{"name":"Guta","role":"land"}},{"type":"Feature","geometry":{"type":"Polygon","coordinates":[[[24.84698547189608,47.435153078442916],[22.95458675126444,44.65248758983849],[21.19899665764653,44.92968602567291],[20.92179822181212,44.65248758983849],[18.633643185972446,44.863974430331794],[18.389418262934196,45.338113991603024],[18,45.44354660706065],[18,48.28904897812887],[18.376473472413508,48.417247741616094],[19.405785425331747,48.05429773489864],[19.518435569158573,48.20994121116755],[21.779571659523114,47.484209039188755],[24.925500133073776,47.55060445537881],[24.84698547189608,47.435153078442916]]]},"properties":{"name":"Avars","role":"land"}},{"type":"Feature","geometry":{"type":"MultiPolygon","coordinates":[[[[146.874939,43.860794],[146.861633,43.796661],[146.682739,43.707771],[146.610504,43.806656],[146.874939,43.860794]]],[[[146.359955,44.42083],[146.508331,44.358047],[146.091919,44.236107],[145.940247,44.1280440000001],[145.779419,43.928604],[145.6574710000001,43.89971900000012],[145.575256,43.817497],[145.56192,43.661377],[145.437469,43.716934],[145.407471,43.829437],[145.74469,44.051659],[145.892487,44.25],[145.973846,44.287773],[146.078033,44.463608000000136],[146.20135500000015,44.49943500000012],[146.359955,44.42083]]],[[[148.52191200000016,45.287216000000114],[148.28524800000014,45.220825000000104],[148.04803500000014,45.09638200000012],[147.96414200000015,45.01166500000011],[147.622742,44.897217],[147.548035,44.812492],[147.291077,44.66693900000013],[147.22525,44.561935],[147.021088,44.5075],[146.948853,44.4086],[146.846924,44.47693600000014],[147.09829700000012,44.619438],[147.163025,44.692215],[147.111908,44.793884],[147.47995,44.974709],[147.504974,45.043884],[147.656372,45.075272],[147.7833250000001,45.197487],[147.894989,45.229988000000105],[147.857727,45.343048],[147.959961,45.419159],[148.051636,45.24943500000012],[148.312195,45.267212],[148.558868,45.45916],[148.700806,45.520828],[148.858856,45.467491],[148.839966,45.34665700000011],[148.52191200000016,45.287216000000114]]],[[[149.54357900000014,45.585823],[149.481079,45.60833],[149.667755,45.85083],[149.856903,45.92305],[149.929138,46.00750000000011],[150.34274300000016,46.2116620000001],[150.425537,46.118881],[150.221893,46.001938],[150.198853,45.932495],[149.981628,45.833603],[149.69247400000017,45.638603],[149.54357900000014,45.585823]]],[[[154.745239,49.579163],[154.882172,49.547493000000145],[154.79025300000012,49.42999300000014],[154.834961,49.345825000000104],[154.71579,49.263885],[154.600525,49.36721],[154.745239,49.579163]]],[[[155.483307,50.119438],[155.357452,50.053047],[155.208588,50.080826],[155.247742,50.301384],[155.449127,50.36805],[155.638031,50.3780440000001],[155.765533,50.463882000000126],[155.896942,50.698601],[156.116364,50.74749],[156.15304600000013,50.524994],[155.795258,50.188881],[155.6185610000001,50.183052],[155.483307,50.119438]]],[[[156.168854,50.741379],[156.341064,50.851105],[156.49411,50.842491],[156.4008480000001,50.625641],[156.19830300000012,50.670273],[156.168854,50.741379]]],[[[143.05691054771685,53.06198462124529],[143.13886550377154,52.856246553618334],[143.14329055259967,52.51123770352068],[143.0334120125606,52.312186800200365],[142.94488051841998,51.961112581450365],[142.94391921470904,51.61730536099138],[143.0741834969356,51.2676273214406],[143.3407087654903,50.88577612515154],[143.6331434578731,50.234977327544115],[144.03820327232623,49.5088382589406],[144.5398817391231,48.753322206694506],[143.97294143150592,49.05807837124529],[143.5983534188106,49.23361929531755],[143.15282729576373,49.25887259121599],[142.85399917076373,49.12769659634294],[142.64614394615435,48.657523714262865],[142.5266218514278,48.16206320400896],[142.48990920494342,47.901603304106615],[142.6146345467403,47.45959814663591],[142.99332717369342,46.9536624776906],[143.23647597740435,46.86326178188982],[143.44480422447467,46.571742616850756],[143.30341628502154,46.01119955654802],[143.00429824302935,46.577350221831225],[142.61477187584185,46.71281012173357],[142.51378920982623,46.6996227132863],[142.32734206627154,46.56305655117693],[142.18766311119342,46.3229137289113],[141.89834121177935,45.91478308315935],[141.7083845467403,46.13979300137224],[141.62282851646685,46.55804022427263],[141.9093885750606,47.07343252773943],[141.73180678795123,47.471191011626146],[141.81064895103717,47.675616823393725],[142.0364637703731,47.959281526762865],[141.97751906822467,48.284747682768725],[141.76781753013873,48.701469026762865],[141.7395887703731,48.8072887289113],[141.9213514656856,48.943133913237475],[142.04911330650592,49.35470923062029],[142.08281997154498,49.70768316860857],[142.08507827232623,50.30426748867693],[142.15287307213092,50.89004477139177],[142.1123915047481,51.21959265347185],[142.01658156822467,51.4305911886281],[141.64321425865435,51.81308706875505],[141.59817031334185,52.216674410063646],[141.81145766685748,52.628043733794115],[141.84099868248248,52.960021578032396],[141.68964675377154,53.16572149868669],[141.76703933189654,53.2722659933156],[142.2141218514278,53.29970511074724],[142.67486098716998,53.54017218228044],[142.86388686607623,53.3408695089406],[143.05691054771685,53.06198462124529]]],[[[140.01261428306842,41.38180883999529],[139.9777479500606,41.5034671651906],[140.12449172447467,41.7921520101613],[140.0996961922481,41.9459720480031],[139.85248855064654,42.03524740811052],[139.77720168541217,42.112052522856615],[139.71174148033404,42.47759588833513],[139.9739637703731,42.65139731045427],[140.20896438072467,42.728900514799975],[140.49982741783404,42.896407686430834],[140.51682570884967,43.05700262661638],[140.37356093834185,43.18519171353044],[140.49824050377154,43.320357881743334],[140.59891799400592,43.326991640288256],[140.89655593345904,43.134826265532396],[141.0641737313106,43.09662588711443],[141.30364516685748,43.187030397612475],[141.30192092369342,43.72046621914568],[141.70942214439654,43.91419180508318],[141.7426863045528,44.24878653164568],[141.74572280357623,44.628566347319506],[141.56659987877154,44.96956595059099],[141.52277663658404,45.18263205166521],[141.5974226326778,45.279723726469896],[141.8753309578731,45.435424410063646],[142.53904250572467,44.842650972563646],[143.02050307701373,44.463683687407396],[143.50817397545123,44.155761324126146],[143.79023269127154,44.02764471646013],[144.02810195396685,43.950927339751146],[144.61382583091998,43.84276159878435],[144.75043776939654,43.88161429043474],[145.13999465416217,44.178283296782396],[145.3485975594356,44.197990022856615],[145.20989516685748,44.03688772793474],[145.05938247154498,43.785766206938646],[145.1485700936153,43.59949835415544],[145.35955336998248,43.32998999233904],[145.4481306404903,43.16955908413591],[144.99468520591998,42.93744238491716],[144.7541609139278,42.86632879849138],[144.59018996666217,42.859584413725756],[144.37011245201373,42.94904669399919],[144.1663923592403,42.942226015288256],[143.84792617271685,42.77464636440935],[143.50858596275592,42.42098196621599],[143.33037856529498,42.196105562407396],[143.2137556404903,41.926539980132006],[143.03350356529498,41.95822867031755],[142.84231093834185,42.066852174956225],[141.92812636802935,42.50126227017107],[141.72100356529498,42.53934820767107],[141.39690688560748,42.51944311733904],[140.92962172935748,42.255458437163256],[140.86069777916217,42.39004477139177],[140.69352248619342,42.55014380093279],[140.54087356041217,42.53700216885271],[140.22344497154498,42.36310919399919],[140.24552443931842,42.2284427511281],[140.7676649422481,42.00501211758318],[141.01946547935748,41.87086065884294],[141.1550398201778,41.74934347744646],[140.97927382896685,41.65285452480974],[140.84342482994342,41.639762483794115],[140.70597365806842,41.697169862944506],[140.5888777108028,41.67771109219255],[140.26859572838092,41.324672304350756],[140.11245253990435,41.27311285610857],[140.01261428306842,41.38180883999529]]]]},"properties":{"name":"Ainu","role":"land"}},{"type":"Feature","geometry":{"type":"Polygon","coordinates":[[[126.74328795837214,71],[130.86731605142418,69.90104204211539],[155.89216029229675,68.16901029658281],[168.13549806605704,67.45778023799447],[170,66.63727496866716],[170,61.523348446421195],[169.48091979943723,61.192640399715565],[170,60.643581116045155],[170,59.87941740600361],[169.87749770591998,59.8745609151906],[169.61364272545123,60.01220282192888],[169.45571425865435,60.29626806851091],[169.15412429283404,60.43464239712419],[168.67075637291217,60.45457800503435],[168.2109022469356,60.432860933501146],[167.10398391197467,60.27102621670427],[166.8684187264278,60.17341574307146],[166.02721694420123,59.70872076626482],[165.94497207115435,59.77061041470232],[166.20342544029498,60.35263785000505],[165.95633986900592,60.31051596279802],[165.7799940438106,60.35411413784685],[165.41538527916217,60.11518820400896],[164.93296340416217,59.96187552090349],[164.88157180259967,59.73413809414568],[164.5846052498653,59.66465338345232],[164.4419050545528,59.74018820400896],[164.32805922935748,59.96072729702654],[164.11052993248248,60.07820852871599],[163.76682570884967,59.88375815029802],[163.3886823983028,59.81406363125505],[163.10639480064654,59.57917364712419],[163.04290297935748,59.462001405913256],[163.09977248619342,59.35886725063982],[163.25451186607623,59.29037436123552],[162.8352156014278,59.055907808501146],[162.75344375084185,58.96646460171404],[162.90740493248248,58.891280733305834],[162.22001174400592,58.48553045864763],[161.93841079185748,58.25918539639177],[161.80436232994342,58.1017223226613],[161.7999372811153,57.86273535366716],[161.9892225594356,57.71985205288591],[162.20365432213092,57.67936285610857],[162.82566359947467,57.700980745512865],[163.0783796639278,57.62649878140154],[163.12783339927935,57.55162390347185],[162.93203261802935,57.37424048062029],[162.5932722420528,57.169540010649584],[162.51240066002154,57.033492647368334],[162.61281875084185,56.802882753569506],[162.74430373619342,56.59970816250505],[163.09797194908404,56.55972632046404],[163.17226699302935,56.383815370757006],[163.16599563072467,56.106498323637865],[163.00907424400592,55.94406851406755],[162.77128127525592,55.91659506436052],[162.55463698814654,56.01072271938982],[162.54719069908404,56.10531576748552],[162.72187331627154,56.34234961147966],[162.5218153328731,56.34873541470232],[162.31757644127154,56.24010046597185],[161.86132338951373,55.86087378140154],[161.60943129966998,55.55691488857927],[161.50274184654498,55.287372194487475],[161.64737990806842,54.985091768462084],[161.93853286216998,54.84510000820818],[162.00820449302935,54.73822363491716],[161.8758650154903,54.56412848110857],[161.5666151375606,54.42324026699724],[161.1363630623653,54.40906866665544],[160.68291762779498,54.4482799398488],[160.4043073983028,54.36758764858904],[159.93114760826373,54.086356722075365],[159.69506362388873,53.85922583218279],[159.63321975181842,53.70584448452654],[159.68349746177935,53.579433046538256],[159.90476516197467,53.40018042202654],[159.8968611092403,53.24057730313005],[159.5917616219356,53.133624635893725],[159.31981948326373,53.12647207852068],[158.78814223716998,52.95936545010271],[158.46136001060748,52.82596167202654],[158.4623670906856,52.58713873501482],[158.38950637291217,52.2026859151906],[158.2580213875606,52.01712378140154],[157.89777663658404,51.66602285977068],[157.20952895591998,51.229003511626146],[156.82464126060748,51.00411947842302],[156.6963758797481,50.957748018462084],[156.5637312264278,51.234359346587084],[156.4746961922481,51.603820406157396],[156.36185744713092,51.914237581450365],[156.33323195884967,52.27155645962419],[156.17524245689654,52.60925634976091],[156.0380964608028,52.78148993130388],[155.94184401939654,53.193080507475756],[155.71079543541217,53.80493887539568],[155.70746901939654,54.06495245571794],[155.58306411216998,54.55207403774919],[155.46520522545123,54.91977270718279],[155.45347121666217,55.27581366177263],[155.50568679283404,55.63962133999529],[155.6275739998653,56.26791723843279],[155.70299819420123,56.36959799404802],[156.23583510826373,56.756827913481615],[156.5578718514278,56.94747122402849],[156.8776502938106,57.36274298306169],[156.77685073326373,57.58045538540544],[157.51116469810748,57.74545248623552],[157.96169570396685,57.88275869961443],[158.3262586922481,58.026820741850756],[159.10428908775592,58.424884401518725],[159.39269545982623,58.610351167876146],[159.58628371666217,58.80267675991716],[159.64911941002154,58.95374640103044],[160.8442488045528,59.554244600493334],[161.5352430672481,59.9416881429738],[161.70084670494342,60.07350882168474],[161.81792739341998,60.2679935323781],[162.38112929771685,60.46357306118669],[163.32929519127154,60.69494970913591],[163.44480422447467,60.89026602383318],[163.79265883873248,61.128192506987475],[163.83137038658404,61.23308905239763],[163.57572463463092,61.330470644194506],[163.94228652427935,61.73741491909685],[163.92588332603717,61.955001436430834],[164.00829604576373,62.1308971273488],[164.27720168541217,62.22288092251482],[165.05478957603717,62.25954397793474],[165.28571608970904,62.2881351339406],[165.06716445396685,62.435687624174975],[164.13767531822467,62.532653413969896],[163.34025100181842,62.411300264555834],[162.9902448983028,62.32608374233904],[163.00915053795123,62.17827948208513],[162.71056655357623,61.76318701382341],[162.74877456138873,61.60898550625505],[162.2352400154903,61.5099254476613],[161.5357771248653,61.1868167745656],[160.6449842781856,60.71775396938982],[160.11884597252154,60.563624941069506],[160.00710586021685,60.59125097866716],[160.23559096763873,60.94700964565935],[159.8155165047481,60.98108252163591],[159.74351027916217,61.099635683257006],[159.85686782310748,61.30249746914568],[160.14934829185748,61.66016729946794],[159.96580031822467,61.765040956694506],[159.45463088463092,61.56075247402849],[159.23105910728717,61.546310030180834],[159.10642531822467,61.70729025479021],[158.84125808189654,61.78396948452654],[157.0979872078731,61.63339956875505],[156.82523635338092,61.56281241055193],[156.42315200279498,61.40100439663591],[156.38117507408404,61.20508154507341],[156.41843703697467,61.121329866606615],[155.85076430748248,60.88296850796404],[155.66668227623248,60.778041444975756],[155.7338972420528,60.55536612148943],[155.15180495689654,60.39435156460466],[154.6933241219356,60.199019991118334],[154.31565383384967,59.98334845181169],[154.09215835045123,59.775878511626146],[153.94297316978717,59.56882818813982],[153.9444685311153,59.39667852993669],[154.18178847740435,59.30077704067888],[154.75280288170123,59.28121908779802],[154.9058943123653,59.102767549712084],[154.38708022545123,59.03995092983904],[153.92443374107623,58.922347627837084],[153.45414260338092,58.94891699429216],[153.13988784263873,59.010123811919115],[152.8283338875606,58.947738252837084],[152.50420669029498,58.76871832485857],[152.1912489266231,58.9259410726613],[151.69065383384967,58.75345953579607],[151.35448745201373,58.691119753081225],[151.00748732994342,58.79334219570818],[151.05617812584185,58.923812471587084],[151.8572645516231,59.055812441069506],[151.52360061119342,59.34394415493669],[151.14020827720904,59.43957098599138],[150.6634168953731,59.4318004476613],[150.2786512703731,59.36224707241716],[150.12006667564654,59.3894534933156],[149.7295790047481,59.595328890044115],[149.38030532310748,59.60845526333513],[149.04528335045123,59.58715399380388],[148.72844985435748,59.476337038237475],[148.7472029061153,59.29743155117693],[148.63029006431842,59.19402655239763],[148.41608718345904,59.09739264126482],[147.91918471763873,59.261474214751146],[147.35222915123248,59.23288687344255],[146.99962905357623,59.19095953579607],[146.30735305259967,59.28595312710466],[146.0539656014278,59.25107153530779],[145.95696547935748,58.98285635586443],[145.65258315513873,58.97540625210466],[145.51279738853717,59.03694876309099],[145.49566176841998,59.20875128384294],[145.4041395516231,59.32550390835466],[144.84569838951373,59.283195100981615],[144.38981154869342,59.309859834868334],[143.30285170982623,59.2665286886281],[142.92681411216998,59.27957113857927],[142.72148001084966,59.23899962729002],[137.17796706332177,61.33433849362306],[127.80939535096982,61.80384030510338],[116.96157547350965,59.88266776324234],[115.20548227520561,57.386117039726635],[114.0159088408366,59.54672904426065],[107.9615110406255,59.8183896994711],[99.48535412032993,55.65854236961009],[99.53745541241915,55.2811223478262],[93.70004066679506,56.48455609390737],[78.36223290626025,56.41019430623805],[65.31164209247186,55.04663307077481],[59.189973205591734,56.41019430623805],[59.09429166962169,56.4318399506882],[62.80579411405116,56.95520024672745],[75.62969227628423,61.34910637680395],[75.85638492783956,61.42677903286463],[98.45947004862771,69.79094730127832],[101.29780920747532,71],[126.74328795837214,71]]]},"properties":{"name":"Paleo-Siberian hunter-gatherers","role":"land"}},{"type":"Feature","geometry":{"type":"Polygon","coordinates":[[[25.195617809103457,65.26795101619156],[25.25150779197956,65.41688879604997],[25.103611978991278,65.54012640591326],[24.591139826281317,65.58278235073747],[24.214800867541083,65.78590735073747],[23.844082865221747,65.79847296353044],[23.204020533068427,65.68075140591326],[22.645554575426825,65.93478735562029],[22.201569590075263,65.71528967495622],[21.95748237083698,65.44573553677263],[21.818726572497138,65.38013800259294],[21.52232840965534,65.37231024380388],[21.27734664390827,65.21227606411638],[21.48944953392292,65.0171619283742],[21.329442057116278,64.89435156460466],[20.92119315574909,64.71382483120622],[21.237046274645575,64.52054175015154],[21.385829004748114,64.38455542202654],[21.048895868761786,64.2191654073781],[20.70065978477741,63.81812628384294],[19.670275721056708,63.388541780669115],[19.465012583239325,63.480704866606615],[19.318224939806708,63.44482763882341],[19.075926813586005,63.202498995024584],[18.784991297228583,63.13801153774919],[18.486624750597723,62.98124273892107],[18.30319121788288,62.78942450161638],[18,62.776058803435554],[18,69.0183422089534],[18.09735396812702,69.05800207729997],[18.31905272911335,69.35937842007341],[18.553240808947333,69.2468753683156],[18.98484519432331,69.31544073696794],[19.289172205431708,69.21058996792497],[19.57997992943073,69.1810565816945],[19.821213755114325,69.36973150845232],[20.157650980456122,69.747829042632],[20.358317408068427,69.71038397427263],[20.196503672106513,69.31769140835466],[20.552685770495184,69.52190741177263],[20.733939203722723,69.77918585415544],[21.102726969225653,69.81769140835466],[21.41196349571491,70.01541479702654],[21.608561548693427,69.96254309292497],[21.908072504503973,69.80404242153826],[22.306448969347723,70.21561773892107],[22.74557403038288,70.1706043111867],[23.203606638415106,69.9427753316945],[23.508408579333075,70.27907141323747],[23.827288660509833,70.47883947964372],[24.207715067370184,70.47186621304216],[24.570508036120184,70.7413822042531],[24.849038156969794,70.82660254116716],[25.389031443102606,70.90462835903826],[25.83205512474323,70.89776190396013],[25.230692896349677,70.55818518276872],[25.122424158556708,70.43524511929216],[25.074080500109442,70.14438208218279],[25.26302436302448,70.10654791470232],[25.574040445788153,70.3671375143117],[26.2627172798946,70.79074438687029],[26.60651687095905,70.9146228658742],[26.617423090441473,70.39204748745622],[26.93435004661823,70.4692874776906],[27.131081614001044,70.5770755636281],[27.516011270983466,70.97030981655779],[28.23630825891875,71],[28.30841353843952,70.94864996548357],[27.985291513903388,70.71700628872576],[28.01892951439167,70.60945471401872],[27.875399622423895,70.42505987759294],[28.289725336535223,70.37221106167497],[28.388907465441473,70.57175024624529],[28.794812235338934,70.864772402007],[28.98433783958698,70.85741003628435],[29.741230997545966,70.60498388882341],[30.04143813560749,70.5441394674367],[30.461960825426825,70.53725012417497],[30.754202875597723,70.43041571255388],[30.798840555651434,70.30796393032732],[30.251879724962958,70.13114508267107],[29.734896692736395,70.1148944723195],[28.730080637438544,70.13592871304216],[29.08001998375202,69.9612308370656],[29.55593207786823,69.8334003316945],[29.728575739367255,69.69756659146013],[30.361294779284247,69.76681097622576],[30.735358271105536,69.75236090298357],[31.05378249595905,69.63959082241716],[31.33127501915241,69.66276129360857],[31.782200846178778,69.77701910610857],[32.07601073692585,69.8153568136281],[32.35172561119343,69.51367529507341],[32.59630874107624,69.42361792202654],[33.28056624840046,69.34201391812029],[33.31560042808796,69.07128485317888],[33.628375086291086,69.21468695278826],[33.81804564903523,69.19247778530779],[34.93413833091999,69.149440370757],[35.43655303428913,69.15035589810076],[36.01827910850788,69.023707948882],[37.24586394737507,68.79349859829607],[37.68857863853718,68.62961157437029],[38.406443628771555,68.24269446011247],[38.66845229576374,68.14634283657732],[39.91807082603718,67.9403797018117],[40.826052698595774,67.66004522915544],[40.973391565783274,67.5343738424367],[40.9508276314571,67.33465918179216],[41.01687148521687,67.20186194058122],[41.20882705162312,67.06946142788591],[41.25529769371296,66.93697699185076],[41.14697173546101,66.78226812954607],[40.83637908409382,66.56139715786638],[40.34514907310749,66.31864508267107],[39.977522882921946,66.20091589565935],[39.19002822349812,66.03870733853044],[38.78211120079304,66.00145300503435],[38.047869715197336,66.0073734151906],[37.42243102501179,66.0938220846242],[36.505225214464915,66.17248877163591],[35.771746668322336,66.25886877651872],[35.16772368858601,66.41150244351091],[34.15295318077351,66.62963446255388],[33.43749144981648,66.70173987026872],[33.157725367052805,66.9144779073781],[32.990950617296946,66.987819277007],[32.64433959434773,67.04610022183122],[32.21943572471882,66.99374731655779],[32.424727472765696,66.89102514858904],[32.75353911827351,66.64904364224138],[32.970862421496165,66.58338507290544],[33.469668421252024,66.31309851284685],[33.844214472277415,66.18213995571794],[34.258494410021555,66.10982855435076],[34.54369643638874,66.00083502407732],[34.72611897050977,65.78029310527337],[25.195617809103457,65.26795101619156]]]},"properties":{"name":"Saami","role":"land"}},{"type":"Feature","geometry":{"type":"Polygon","coordinates":[[[75.62969227628423,61.34910637680395],[62.80579411405116,56.95520024672745],[59.09429166962169,56.4318399506882],[53.92448387264525,57.601384527021416],[53.97646398874319,57.7086220534561],[46.105746848468755,57.7086220534561],[37.17416877565329,59.82743560138267],[32.776301469120234,60.870729491342274],[32.59257812500002,60.997607421875],[32.52685546875,61.117529296875],[31.89863281250001,61.323974609375],[31.36484375,61.62744140625],[31.098437500000017,61.620361328125],[31.02587890625,61.71435546875],[30.851953125000023,61.775048828124994],[30.466210937500023,61.487158203125],[30.248828530040026,61.47592582226208],[29.018890834539626,61.77074313018303],[21.225993499342607,62.4179537846397],[21.03372863243366,62.47729834194841],[21.061806711657294,62.61173590298357],[21.19480613182331,62.76068457241716],[21.48128417442585,62.888812624174975],[21.545966181261786,62.974059663969896],[21.494656595690497,63.123031221587084],[21.666478189928778,63.1873050558156],[22.075043711169013,63.1028209554738],[22.292357477648505,63.20269354458513],[22.42877486656452,63.39496573086443],[22.475831064684638,63.601615511137865],[22.82553008507038,63.58087881680193],[23.58028510521198,64.082057558257],[24.094035181505927,64.37656744595232],[24.470093759997138,64.635524355132],[24.931916269762763,64.81603582974138],[25.3250894875362,64.8023944723195],[25.35190490196491,64.93909796353044],[25.132559809191473,65.07594641323747],[25.195617809103457,65.26795101619156],[34.72611897050977,65.78029310527337],[34.725588831408274,65.61499365444841],[34.60118773887898,65.48392828579607],[34.293414148791086,65.39624365444841],[34.425662073595774,65.10652502651872],[34.772864374621165,64.68222387905779],[34.814768824084055,64.45981939907732],[34.88461211632038,64.3667713033742],[35.081763300402415,64.28833349819841],[35.62327102134968,64.2535663473195],[36.01547149132038,64.19702490444841],[36.23997024009968,63.91862066860857],[36.42062285850788,63.87610205288591],[36.98754027794148,63.841483675200365],[37.410540613634836,63.749496065337084],[37.59146026085163,63.806937776762865],[37.94491866539265,63.850394808012865],[38.054080042345774,63.98631628628435],[38.05385878990437,64.12927588101091],[37.87985518883015,64.30789526577654],[37.668128046496165,64.3433109151906],[37.26195052574421,64.3138919698781],[36.996741327746165,64.40655859585466],[36.56850722740437,64.7645755636281],[36.88390639732624,65.0676990377492],[37.10194304893757,65.06812628384294],[37.60409453819538,64.85277136440935],[38.25292113731648,64.70306738491716],[39.19344237755085,64.5110355245656],[39.62159636925007,64.47596319790544],[39.99705031822468,64.54121740933122],[40.32217315147663,64.46293219204607],[40.43979171226765,64.56356390591326],[40.46206191490437,64.75027807827654],[40.365950617296946,64.85792883511247],[39.979388269884836,65.15314062710466],[39.823103937609446,65.43561133022966],[39.9513273567989,65.58116491909685],[40.681407007677805,65.79355963345232],[41.35424712608601,65.95517309780779],[41.62328246544148,66.06516607876482],[42.1334448189571,66.3878894674367],[42.21078780601765,66.41000708218279],[43.241431269152415,66.25089605923357],[43.87621978233601,66.01096686001482],[44.052840265734446,66.04050024624529],[44.12211135338093,66.2671619283742],[44.383608850939524,66.61201819058122],[44.36195281456257,66.90596350308122],[44.21916488121296,67.08982428188982],[43.83810714195515,67.16285284634294],[43.703597101671946,67.26593359585466],[44.21583465050007,67.71826513882341],[44.26107314537312,67.8296390401906],[44.16874984215046,68.09702643032732],[43.8221655220821,68.3273197042531],[43.85324386070515,68.46920355435076],[44.012026819689524,68.49190863247576],[44.66781142662312,68.38859137173357],[45.57964232872273,68.44253882046404],[45.8634367317989,68.3833499776906],[46.16195205162312,68.10819586392107],[46.439368280871165,67.90793951626482],[46.6340666146114,67.7005115377492],[45.46258071373249,67.6390643941945],[45.092505487902415,67.54207953091326],[44.87120727012898,67.31241949673357],[44.95714095543171,67.23135717983904],[45.38563445518757,67.09937628384294],[45.715350183947336,66.84962805386247],[46.07677749107624,66.76208075161638],[46.40205291221882,66.71860083218279],[46.972640070421946,66.77846106167497],[47.5711889595821,66.8163104879445],[47.706187281115305,66.89010962124529],[47.952918085558665,67.37729223843279],[48.08066085289265,67.56245764370622],[48.63532165001179,67.65238531704607],[49.18562987755085,67.83882483120622],[49.63012221763874,67.93619116421404],[50.49589827965046,68.1534686910695],[51.13895705650593,68.26639898892107],[51.83080962608601,68.40938147183122],[52.244875940783274,68.54455908413591],[52.33738234947468,68.33572729702654],[52.719729456408274,68.35138281460466],[52.93876937340046,68.47117956753435],[53.00575164268757,68.6805683004445],[53.50243285606648,68.81625708218279],[53.889117273791086,68.78699835415544],[53.808394464953196,68.60726507778826],[53.78207686851765,68.33842047329607],[53.3959074349239,68.30042608853044],[53.316844019396555,68.13638647671404],[53.62573913048054,68.04768713589372],[54.37974837730671,68.16070898647966],[54.57595733116413,68.16109045620622],[54.752295526964915,68.04978521938982],[54.99598601768757,68.20653113003435],[55.1264982552364,68.40060766812029],[55.335391077502024,68.48309668179216],[56.1951017708614,68.56686743374529],[56.54026320884968,68.55256994839372],[57.02422622154499,68.44890936489763],[57.52586654136921,68.49463995571794],[57.95919707725788,68.7047611105031],[58.40928939293171,68.83285864468279],[58.77038100670124,68.8560062276906],[59.19904998253132,68.77440985317888],[59.34587386558796,68.69986303921404],[59.06195739219929,68.4974857198781],[59.119788202746165,68.393092714507],[59.50186065147663,68.28942450161638],[59.762347254259836,68.297389589507],[59.892046961291086,68.4020038473195],[59.92537597130085,68.58127173062029],[60.07908919761921,68.61895331021013],[60.51208404014851,68.58985479946794],[60.75627425621296,68.67254980679216],[60.93412307213093,68.81508215542497],[60.98595717857624,69.00259741421404],[60.36923507164265,69.46769293423357],[60.84873488853718,69.71004065151872],[61.030039820177805,69.74060400601091],[62.2812719673946,69.7051273214406],[63.41231826256062,69.54873999233904],[63.92324355552937,69.45921667690935],[64.87299636314656,69.22766455288591],[65.35536483238484,69.18344458218279],[66.07699945798986,69.00888911371645],[65.23105924230877,66.94515006675617],[73.6532226526617,62.91243121499827],[75.62969227628423,61.34910637680395]],[[36.31201171875,61.45947265625],[36.060644531250006,61.65439453125],[35.68935546875002,62.040234375],[35.82265625000002,62.352197265624994],[35.73984375,62.52021484375],[35.4638671875,62.60419921875],[34.91044921875002,62.8154296875],[34.479589843750006,62.873828125],[34.62109375,62.712353515625],[34.83857421875001,62.591162109375],[34.943359375,62.642822265625],[35.35175781250001,62.52265625],[35.54023437500001,62.354248046875],[35.55351562500002,62.2359375],[35.1650390625,62.0806640625],[35.02861328125002,62.0779296875],[34.85195312500002,62.29443359375],[34.69560546875002,62.36455078125],[34.59140625,62.096484375],[34.342871093750006,62.19892578125],[34.25517578125002,62.1685546875],[34.53730468750001,61.998974609375],[34.56240234375002,61.823828125],[34.38798828125002,61.796142578125],[34.7724609375,61.60087890625],[35.15390625,61.48515625],[35.45742187500002,61.355908203125],[35.611425781250006,61.197412109374994],[35.58339843750002,61.034228515625],[35.14199218750002,61.077294921874994],[34.97421875,61.211962890625],[34.795507812500006,61.096484375],[35.18447265625002,61.0048828125],[35.449804687500006,61.022998046875],[35.55058593750002,60.93798828125],[35.828710937500006,60.86650390625],[35.88027343750002,60.94775390625],[36.279296875,61.113818359375],[36.394628906250006,61.20615234375],[36.424902343750006,61.34912109375],[36.31201171875,61.45947265625]],[[34.98408203125001,63.564111328124994],[34.85673828125002,63.720849609374994],[34.42841796875001,63.8482421875],[34.35810546875001,63.696679687499994],[34.55214843750002,63.458984375],[35.09941406250002,63.38310546875],[35.144628906250006,63.482324218749994],[34.98408203125001,63.564111328124994]],[[33.35527343750002,63.423974609374994],[33.30683593750001,63.28369140625],[33.49921875000001,63.216259765625],[33.896875,63.18857421875],[34.066015625,63.228759765625],[33.93281250000001,63.418115234374994],[33.696875,63.40927734375],[33.58623046875002,63.48740234375],[33.35527343750002,63.423974609374994]]]},"properties":{"name":"Finno-Ugric taiga hunter-gatherers","role":"land"}},{"type":"Feature","geometry":{"type":"MultiPolygon","coordinates":[[[[170,66.63727496866716],[168.13549806605704,67.45778023799447],[155.89216029229675,68.16901029658281],[130.86731605142418,69.90104204211539],[126.74328795837214,71],[129.75330354143455,71],[130.1717176766231,70.81534918423357],[130.77927688072467,70.67834051724138],[131.05480483482623,70.68650396938982],[131.4126844734981,70.86376532192888],[131.57196053729268,71],[151.55364152709913,71],[151.89907363365435,70.73301275845232],[152.13401320884967,70.66443213101091],[152.79058364341998,70.68098791714372],[153.4044294686153,70.72815283413591],[155.04923537681842,70.9385486471242],[156.0431776375606,70.98655279751482],[157.39641860435748,70.927516542632],[158.07795241783404,70.86731299038591],[158.40867141197467,70.81418951626482],[158.93413833091998,70.62346991177263],[159.2292127938106,70.54745062466326],[159.46557143638873,70.39498480435076],[159.62790969322467,70.21980627651872],[159.57267287681842,69.99896582241716],[159.4438124031856,69.76456030483904],[159.67295363853717,69.6519275533742],[160.39239028404498,69.61560400601091],[160.6816053719356,69.57847937222185],[160.6740370125606,69.27026709194841],[160.86234572838092,69.08311804409685],[161.17081740806842,69.15864904995622],[161.4161024422481,69.35423620815935],[161.96099379966998,69.52816351528826],[163.03823378990435,69.54520758267107],[163.72240737388873,69.6744876730031],[164.05369094322467,69.66003759976091],[164.31817153404498,69.46485479946794],[164.63646987388873,69.41282232876482],[166.30924514244342,69.37832983608904],[166.70035842369342,69.43165930386247],[167.3200788826778,69.65857275601091],[168.09997085045123,69.23150213833513],[168.5924177498653,69.11246069546404],[168.98606399009967,68.96339758511247],[169.11321547935748,68.784205995757],[169.38860610435748,68.71748694058122],[170,68.7707944028511],[170,66.63727496866716]]],[[[170,60.643581116045155],[169.48091979943723,61.192640399715565],[170,61.523348446421195],[170,60.643581116045155]]]]},"properties":{"name":"Arctic marine mammal hunters","role":"land"}},{"type":"Feature","geometry":{"type":"Polygon","coordinates":[[[34.52779006636866,20.17476127448868],[34.4217777775482,20.50604967705261],[33.76532574880635,22.476612723085886],[33.345321283718846,23.354044941061307],[33.690083292409675,23.54952842887194],[33.657230668213316,24.017988632918694],[35.189864191515696,24.39991911526384],[35.45345977257038,24.152688585478685],[35.65656951378132,23.994273744780443],[35.72469619224812,23.91181906338396],[35.48792937706257,23.790595613676928],[35.468489679796946,23.720668398100756],[35.575850519640696,23.231660448271654],[35.74630263756062,22.914340578276537],[36.1113615364864,22.64825590725603],[36.29022124717976,22.572381578642748],[36.47324660728718,22.337684236723803],[36.66042998741413,22.166537843901537],[36.90349868248249,21.728648744780443],[37.12776854942585,21.227176271635912],[37.135740918059156,21.128125569264505],[34.52779006636866,20.17476127448868]]]},"properties":{"name":"Blemmyes","role":"land"}},{"type":"Feature","geometry":{"type":"Polygon","coordinates":[[[38.75622731981474,17.79625648407741],[35.32068133018723,15.53405520319249],[35.26711548130835,16.385531884130845],[35.15131792797838,18.226236706958304],[34.52779006636866,20.17476127448868],[37.135740918059156,21.128125569264505],[37.165026901698354,20.76426918196936],[37.25457290123249,19.651727281767748],[37.39818480919148,18.91500052090349],[37.47998717735554,18.819871507841967],[38.0285978646114,18.477939211089037],[38.306651148302805,18.24978407498064],[38.527468714220774,18.161315523344896],[38.685671839220774,18.002805315215014],[38.75622731981474,17.79625648407741]]]},"properties":{"name":"Bega","role":"land"}},{"type":"Feature","geometry":{"type":"Polygon","coordinates":[[[102.20810720565706,14],[102.62762809551292,14.671233423769362],[101.60737162152225,15.320487543581606],[100.49436455898697,14.856734600858577],[98.85054221490893,14],[98.06667771307889,14],[97.82298568199421,14.616008363921068],[97.74229720543171,15.009702287871264],[97.6640730233028,15.790937029082201],[97.61144545982624,16.095754228789232],[97.57322219322468,16.44506987209978],[97.35199264000202,16.527171693999193],[97.21499160240437,16.93980749722185],[96.98308089683796,17.244233690459154],[96.88161757896687,17.345660768706225],[96.77038100670124,17.332707964140795],[96.73407271812702,16.887960039336107],[96.66289809654499,16.69722708340349],[96.4692488045528,16.512576662260912],[95.71379378746296,16.15521391506853],[95.55232528160359,15.875349603850267],[95.32981399009968,15.677930437285326],[95.22297194908406,15.804764352995775],[95.22019484947468,16.00168951626482],[95.12479690025593,15.995128236967943],[94.97264388511921,15.835991464812182],[94.82800582359577,15.84203966732683],[94.75341323326374,15.93716963406267],[94.81927779625202,16.21047171230974],[94.53972152183796,16.13363607998552],[94.41559890220906,16.076203905302904],[94.3040876717403,15.948904596526049],[94.14435866783406,16.00573881741228],[94.14335921715046,16.215379320341967],[94.3920011849239,16.908359132964037],[94.4648542733028,17.26426275845232],[94.46533492515827,17.6644721853322],[94.42045882652546,18.140813432890795],[94.05371383140827,19.061149202544115],[93.9655866951778,19.194356523711107],[93.83903792808796,18.952691637236498],[93.69466689537312,19.009553514677904],[93.45794204185749,19.174213014799975],[93.67500594566609,19.250913225371264],[93.81499770591999,19.257560335356615],[93.72381881187702,19.5940376150197],[93.33432296226765,20.025172792632006],[93.24848464439656,20.037692629057787],[93.06563094566609,19.99283369656267],[92.89442733238484,20.113166414458178],[92.93328383873249,20.31016882534685],[92.82709792564656,20.424287401396654],[92.66279128502156,20.404885851103685],[92.4033537239864,20.61396177883806],[92.17629531334187,20.886634432036303],[91.94604781578327,21.36257895107927],[91.84590438316609,21.908670030791185],[91.6517870269344,22.356924150680594],[92.98711182040957,24.08248654806202],[93.90907277231997,24.966548752220604],[94.55832689213223,25.70855346057745],[94.49146471297155,26.243450893862768],[96.45368998559567,25.670711079117225],[99.90849746972384,26.90871921418761],[100.6798657360762,24.131793455319148],[100.12336220480856,23.85354168968533],[100.13646949001239,23.676039501350324],[97.64063093593204,24.083689439904255],[95.77493222036864,22.33673057650546],[96.33816202129346,19.5757106125332],[97.60542907337424,18.176788485132487],[100.25974950424269,20.004985664791924],[100.69818881548598,19.47885849129998],[102.07927723251458,19.824130595557133],[103.23424489264612,20.122862737146093],[103.56705112280987,19.601992927144384],[104.3810912608956,18.327951477109472],[105.41690757366706,17.407225865757063],[106.45149726589356,16.187961290965557],[104.57539045494964,15.784240486304633],[104.11163751222661,15.505988720670814],[103.9261363351374,14.207480481046339],[103.94095636949785,14],[102.20810720565706,14]]]},"properties":{"name":null,"role":"land"}},{"type":"Feature","geometry":{"type":"Polygon","coordinates":[[[124.70226816912908,42.31090881006189],[123.86751287222764,43.05291351841873],[121.91975051279091,42.681911164240304],[119.04448226790814,42.31090881006189],[118.20972697100667,40.826899393348185],[117.56047285119445,40.64139821625898],[116.16921402302536,40.64139821625898],[110.7110798389434,40.88572895524346],[107.48854019920998,41.115910358081564],[104.84145406657181,41.231001059500606],[103.55513398095896,40.73414880480358],[102.90587986114673,38.87913703391146],[102.4421269184237,38.87913703391146],[101.88562338715606,39.80664291935752],[101.05086809025461,40.08489468499134],[100.95372505221039,40.029384377537504],[100.81327951690504,40.310275448148204],[98.97182829420022,41.00081965666251],[96.32474216156204,40.65554755240535],[94.59838164027629,41.11591035808156],[92.06638620905717,43.302633685043524],[90.9596929884755,43.54918991631177],[91.33393557869015,45.92025067110863],[85.45194782752716,46.206057904977826],[80.71884642202563,46.43604046828073],[82.20868349664521,51.32924897531792],[93.94115045927443,51.095929022398096],[105.30115815324875,51.21273678060715],[110.70143086835411,50.98293023313427],[130.25592915312674,50.1507960103906],[137.25694377302335,45.61244439836563],[136.4941053719356,44.966029726225756],[136.28505996177935,44.753043733794115],[136.17924025963092,44.54676779385271],[136.03397658775592,44.39840658779802],[135.69280532310748,44.22396811123552],[135.4147596688106,44.036830507475756],[135.15606215904498,43.72116430874529],[134.96242812584185,43.51504477139177],[134.56858352134967,43.21221502896013],[134.13894179771685,42.99295385952654],[133.31200698326373,42.77939184780779],[132.95279982994342,42.669540010649584],[132.8273573250606,42.86189993496599],[132.12231525269752,44.62967352367703],[130.54555524743924,45.37167823203387],[129.24704700781476,45.18617705494466],[127.29928464837805,43.23841469550794],[124.70226816912908,42.31090881006189]]]},"properties":{"name":"Göktürks","role":"realm","label":"Түрэгийн хаант улс","labelAt":[108.55,47.17]}},{"type":"Feature","geometry":{"type":"MultiPolygon","coordinates":[[[[18,60.527259459820854],[18.41686538170124,60.181624971587084],[18.80408576439167,60.108398042876146],[18.893071207506903,59.92568930264177],[19.037323984606513,59.86324270840349],[19.043551477892645,59.71242483730974],[18.867892298205145,59.71242483730974],[18.63925078819538,59.56692846890154],[18,59.35994825009425],[18,60.527259459820854]]],[[[18,59.32728568532998],[18.11137870262409,59.32297476406755],[18.515469583971747,59.40079077358904],[18.59819510887409,59.297042452055834],[18.27337172935749,59.286666475493334],[18.371960672838934,59.157069765288256],[18.01566794822956,59.03791006680193],[18,59.32728568532998]]]]},"properties":{"name":"Swedes","role":"land"}},{"type":"Feature","geometry":{"type":"Polygon","coordinates":[[[101.29780920747532,71],[98.45947004862771,69.79094730127832],[75.85638492783956,61.42677903286463],[75.62969227628423,61.34910637680395],[73.6532226526617,62.91243121499827],[65.23105924230877,66.94515006675617],[66.07699945798986,69.00888911371645],[66.58425429771687,68.88553961392107],[68.21540358970906,68.20135077114763],[68.48788741539265,68.22421606655779],[69.00261214683796,68.69536932583513],[69.10895064781452,68.83031042690935],[68.51176742027546,68.83668097134294],[68.25765517662312,68.94111975308122],[68.09354690025593,69.13594397183122],[68.10592940758015,69.42932470913591],[67.77870467613484,69.55685003872576],[66.88444045494343,69.62308081265154],[66.79896834800984,69.74374731655779],[66.9648542733028,69.95582159634294],[67.27720168541218,70.07055243130388],[67.42175582359577,70.22343023892107],[67.39824202965046,70.59850653286638],[67.28530410240437,70.70580633755388],[66.7748136849239,70.73557623501482],[66.67020705650593,70.86613043423357],[66.7528878100301,71],[72.52325489538856,71],[72.67970565269734,70.823512636382],[72.7742033333614,70.45523413296404],[72.43689254234577,70.18696936245622],[72.55148604820515,69.65626104946794],[72.52553084800984,69.06907995815935],[72.64349654625202,68.806911073882],[72.84616378258015,68.63523443813982],[73.30861190269734,68.5165515768117],[73.39364913414265,68.38238867397966],[73.17524245689656,68.16592749233904],[72.98776534508015,67.79414709683122],[72.83769515465046,67.64564856167497],[72.48502639244343,67.43782385464372],[71.93047622154499,67.156276308257],[71.39950087974812,66.94906958218279],[71.54405501793171,66.71412237759294],[70.83993056724812,66.55140265103044],[70.12074569175984,66.7188220846242],[69.79152205894734,66.7549320089406],[69.35537246177937,66.73943670864763],[69.08476546715046,66.68753393765154],[69.17261031578327,66.5482898580617],[69.43512252281452,66.42423590298357],[69.76729873131062,66.32971533413591],[70.47356704185749,66.23597296353044],[70.98342421959187,66.2003894674367],[71.2595320076778,66.22281225796404],[71.79433730552937,66.15806158657732],[72.20881179283406,66.17345770474138],[72.42107680748249,66.3346668111867],[72.55741408775593,66.49599035854997],[73.16545394371296,66.64375647183122],[73.69016555259968,66.86506994839372],[73.9845075936153,67.26336248989763],[74.35252669761921,67.40435370083513],[74.74171737144734,67.68622168179216],[74.77064803550984,67.84936865444841],[74.66936019371296,68.10174902554216],[74.39512923668171,68.34698828335466],[74.50497725914265,68.59347876187029],[74.91630080650593,68.70638617153826],[75.53720382164265,68.77486761685076],[76.32775405357624,68.77634008999529],[76.66087630699421,68.67222174282732],[77.03982070396687,68.4637714254445],[77.10788253258015,68.11375006313982],[76.95493606041218,67.65331610317888],[77.09069350670124,67.52774389858904],[77.50477889488484,67.432399355132],[78.08904555748249,67.41131170864763],[78.47786239097859,67.478541933257],[78.53574660728718,67.61183508511247],[77.94601729820515,67.77371557827654],[77.68886092613484,67.75840338345232],[77.48322585533406,67.802516542632],[77.51418593834187,67.97325476284685],[77.97751906822468,68.14512213345232],[77.90906051109577,68.32369574185076],[77.63582900474812,68.81619604702654],[77.40597823570515,68.9356189596242],[77.02994826744343,68.97991522427263],[76.53798964927937,69.0840564596242],[75.59802535484577,69.21000250454607],[74.90170577476765,69.0810047018117],[74.31795791099812,69.16254004116716],[73.91452315758015,69.15427740688982],[73.90792373131062,69.27452429409685],[73.65407851646687,69.75646551724138],[73.79099563072468,70.05221136685076],[74.1222257942989,70.36587866421404],[74.24957564781452,70.5729480611867],[73.84613261279736,71],[77.78717601226745,71],[78.10473159263874,70.84130438442888],[78.60852340172077,70.8499256002492],[78.51977058492662,71],[82.14978334584647,71],[82.04561141441609,70.41893347378435],[82.19571975181843,70.3579822408742],[82.50152877281452,70.7111316549367],[82.80373671959187,70.81927832241716],[83.07590774009968,70.58175238247576],[83.03633407066609,70.24492987271013],[83.67697432945515,70.46026190396013],[83.6571150154903,70.598170839507],[83.3341667566357,71],[101.29780920747532,71]]]},"properties":{"name":"Samoyèdes","role":"land"}},{"type":"Feature","geometry":{"type":"Polygon","coordinates":[[[61.107454833863436,41.272790315899755],[60.93946890210272,40.99982381114396],[60.38052643277402,40.09157768235769],[58.718975801712496,39.98026444296599],[58.34596942248886,40.00656869129185],[57.14050270220405,40.09157768235769],[56.579729364220796,41.085204042116786],[57.26511899953367,41.94055761245384],[58.76051456748904,42.61669059388325],[59.94436939212036,42.171872450242596],[61.107454833863436,41.272790315899755]]]},"properties":{"name":"Kwarezm","role":"land"}},{"type":"Feature","geometry":{"type":"Polygon","coordinates":[[[96.59883984011354,39.71389233081292],[96.41333866302432,38.32263350264383],[99.35231210297071,37.58789014265722],[97.8963835086838,36.75510495921225],[91.48977627391785,37.78623870151423],[81.92343985988904,36.502599943497096],[76.09307777771363,40.62877811823045],[84.55953914941693,40.57543205922698],[84.76402939679582,40.57414359308707],[96.59883984011354,39.71389233081292]]]},"properties":{"name":"Uyghurs","role":"land"}},{"type":"Feature","geometry":{"type":"Polygon","coordinates":[[[100.95372505221039,40.029384377537504],[100.40161397044237,39.71389233081292],[97.99009866828263,39.89939350790213],[96.59883984011354,39.71389233081292],[84.76402939679582,40.57414359308707],[84.55953914941693,40.57543205922698],[85.45194782752716,46.206057904977826],[91.33393557869015,45.92025067110863],[90.9596929884755,43.54918991631177],[92.06638620905717,43.302633685043524],[94.59838164027629,41.11591035808156],[96.32474216156204,40.65554755240535],[98.97182829420022,41.00081965666251],[100.81327951690504,40.310275448148204],[100.95372505221039,40.029384377537504]]]},"properties":{"name":"Karluks","role":"land"}},{"type":"Feature","geometry":{"type":"Polygon","coordinates":[[[142.72148001084966,59.23899962729002],[142.35776809166217,59.140956484038256],[141.9238386483028,58.94089468594255],[141.5908308358028,58.727531038481615],[141.34955886314654,58.50086554165544],[140.58739760826373,58.239310823637865],[140.4998426766231,58.17075689907732],[140.02874282310748,57.64412649746599],[139.2938337654903,57.33617743130388],[138.86675551841998,57.12446554775896],[138.34592727134967,56.80420645352068],[137.6019392342403,56.240348421294115],[137.2290907234981,55.98272284146013],[136.52126601646685,55.5898929464406],[136.1193952889278,55.420646272856615],[135.2695417733028,55.02874334927263],[134.98522475670123,54.853934847075365],[134.89373305748248,54.71992453213396],[134.90200332115435,54.55941732998552],[135.09450820396685,54.432784639555834],[135.72582534263873,54.4072643148488],[136.1964216561153,54.47499807949724],[136.49160293052935,54.4554935323781],[136.34353164146685,53.88782843228044],[136.35065749595904,53.70121344204607],[136.48705581138873,53.65484198208513],[136.77021316002154,53.695357881743334],[137.0406599373653,53.862479768950365],[137.38286879966998,53.809806429106615],[137.12172988365435,53.58943899746599],[137.07131484459185,53.48947104092302],[137.23923781822467,53.45651587124529],[137.97939589927935,53.464583955962084],[138.23403457115435,53.571586214262865],[138.40946486900592,53.80512198086443],[138.41680434654498,54.091910921294115],[139.37804702232623,54.08039435024919],[139.8059187264278,53.961146913725756],[140.10245803306842,53.80170401211443],[140.3212995858028,53.53564795132341],[140.70232680748248,53.27686270352068],[140.89365676353717,53.197433077055834],[141.12119582603717,53.05163153286638],[141.08967116783404,52.98512228604021],[140.82819655845904,52.825248323637865],[141.03197768638873,52.726073824126146],[141.0905409188106,52.58686407681169],[140.93949416588092,52.261771761137865],[141.16062453697467,52.20920523281755],[141.25706008384967,52.10346182461443],[141.12632277916217,51.8716197835988],[140.73028090904498,51.441302858549975],[140.40453628013873,50.827384554106615],[140.3234968514278,50.51783712979021],[140.4569959969356,50.103988252837084],[140.3722029061153,49.69127997036638],[140.32822707603717,49.35787924404802],[140.08100417564654,48.50260504360857],[139.2137098641231,47.81061514492693],[139.04668715904498,47.6151500570363],[138.94929030845904,47.3224254476613],[138.3515730233028,46.873160921294115],[137.9846296639278,46.26929052944841],[137.72051528404498,45.99668081875505],[137.25694377302335,45.61244439836563],[130.25592915312674,50.1507960103906],[110.70143086835411,50.98293023313427],[115.20548227520561,57.386117039726635],[116.96157547350965,59.88266776324234],[127.80939535096982,61.80384030510338],[137.17796706332177,61.33433849362306],[142.72148001084966,59.23899962729002]]]},"properties":{"name":"Tungus","role":"land"}},{"type":"Feature","geometry":{"type":"Polygon","coordinates":[[[18.376473472413508,48.417247741616094],[18,48.28904897812887],[18,49.83055547149498],[19.41745087258732,49.443156945819666],[18.376473472413508,48.417247741616094]]]},"properties":{"name":"Moravians","role":"land"}},{"type":"Feature","geometry":{"type":"Polygon","coordinates":[[[30.53134399740492,15.823850263060105],[30.53134399740492,14.092987641453036],[30.582064529106578,14],[18,14],[18,29.66489392705908],[18.6118112566288,29.406573618704698],[19.351007085520557,29.406573618704698],[21.29139613636141,29.960970490373516],[22.307790401087573,29.960970490373516],[26.742965374438096,28.574978311201477],[28.40615598944454,27.74338300369825],[30.04109042490447,24.62227373627086],[30.49060251636263,22.94852764123742],[30.544863291240354,22.746489115932185],[30.24170546069559,21.73596301411631],[30.24170546069559,20.886202248900418],[29.845810508514884,20.116430413282192],[29.661815263018052,18.64446844930756],[30.346545040181983,16.932644006397737],[30.53134399740492,15.823850263060105]]]},"properties":{"name":"Saharan Nomadic Tribes","role":"land"}},{"type":"Feature","geometry":{"type":"Polygon","coordinates":[[[33.657230668213316,24.017988632918694],[32.748931484080174,23.770205423646452],[31.64013774074255,23.770205423646452],[30.808542433239328,23.862604902257928],[30.49060251636263,22.94852764123742],[30.04109042490447,24.62227373627086],[28.40615598944454,27.74338300369825],[26.742965374438096,28.574978311201477],[22.307790401087573,29.960970490373516],[21.29139613636141,29.960970490373516],[19.351007085520557,29.406573618704698],[18.6118112566288,29.406573618704698],[18,29.66489392705908],[18,30.742172079361385],[18.53721335838581,30.4137454855031],[18.915026697619208,30.204860292632006],[19.124539408190497,30.19894369717302],[19.3228159280693,30.256539903596682],[19.66391471346969,30.44150122256641],[19.981537851897425,30.721730791047854],[20.11676886996383,30.957103334382815],[20.116679224474677,31.07146795864763],[19.992096933825263,31.350774370390795],[19.941582712633856,31.611169420439623],[19.961470636828192,31.795470796782396],[20.068364176256903,32.037135683257006],[20.365721735461005,32.29824026699724],[20.5155248970821,32.387511812407396],[21.054497751696356,32.630050264555834],[21.673419031603583,32.8155895101613],[22.215989145739325,32.79128988857927],[22.543126139147528,32.722072206694506],[22.92284682701374,32.55765875454607],[23.00733283470417,32.48158987637224],[23.026656183703192,32.25291021938982],[23.153338465197333,32.138812624174975],[23.714034113390692,32.07642325039568],[24.034403833849677,31.937314592558764],[24.815857920153388,31.9071536886281],[24.951525721056708,31.818492494780443],[24.982237848742255,31.647012315947435],[25.106553110583075,31.513841234404467],[25.25822928856159,31.437919222075365],[25.507155451281317,31.444781862456225],[25.78950026939655,31.489841066557787],[26.14333442161823,31.490577303130053],[27.08809569786335,31.306726061064623],[27.438754114611395,31.251824938017748],[27.763331446154364,31.182614885527514],[27.9194498390987,30.99868544216814],[28.09982970665241,30.999057375151537],[28.517182383044013,30.961799226958178],[28.966422113878973,30.784841142851732],[29.248847040636786,30.753661714751146],[29.359381708605536,30.81107100125017],[29.683102640612372,31.05317076321306],[30.099139246447333,31.231925569731615],[30.47605613182331,31.31528814907732],[30.827059778673895,31.43673666592302],[30.995955500109442,31.468850694853685],[31.151381525500067,31.443749986845873],[31.392270121081122,31.444261156279467],[31.71741584251667,31.38775213833513],[31.808123621447333,31.178281389433764],[32.07651046226765,31.013650499541185],[32.30937865684773,31.084018312651537],[32.59724334190632,30.963901125151537],[32.76873305748249,30.95155295010271],[33.02139190147663,31.132072054106615],[33.12956527183796,31.051686845976732],[33.557601007921946,30.967715822417162],[33.916968378527415,31.070052705962084],[34.19527724693562,31.23814161892595],[34.50065902183796,31.621099077422045],[34.59913543175007,31.817897402007006],[34.758502039416086,32.300719820219896],[34.84289077232624,32.670699678618334],[34.956587824328196,32.704818330962084],[34.97200683067585,32.938407503325365],[35.088973078234446,33.069259248930834],[35.13231185386921,33.23151739712419],[35.20838836143757,33.33358725186052],[35.356089624865305,33.63978155728044],[35.49185088585163,33.83082541104021],[35.532080683214915,34.118705354887865],[35.7162084908321,34.312369905669115],[35.873065027697336,34.422286592680834],[35.7507543892696,34.74680670376482],[35.80885222862507,35.01379736538591],[35.841380152209055,35.04263266201677],[35.796431574328196,35.270717226225756],[35.60734084556843,35.41754492397966],[35.7331762642696,35.58536108608904],[35.739504847033274,35.690265260893725],[35.85594466636921,35.83450277920427],[35.71850493858601,36.09155615444841],[35.70863250206257,36.21223410244646],[36.09526351402546,36.48246344204607],[36.0824308724239,36.62153204556169],[35.95679381798054,36.74749334927263],[41.22397101939322,37.541648073878676],[40.57559536932511,36.6288034086512],[38.37574401120885,33.531644259724374],[36.16771219270454,30.422967883672243],[35.111590418322336,28.072061144072435],[34.76388076256062,28.096747957426928],[34.798899683459055,28.230243288237475],[34.88559249351765,28.357480608183764],[35.025679621203196,28.948632799345873],[35.09547332237507,29.342677675444506],[34.98467925499226,29.46721991177263],[34.76433471153523,29.24668654080095],[34.54894927452351,28.731626115996264],[34.398840937121165,28.095985017973803],[34.32201293419148,27.828979097563646],[34.24119857261921,27.75892027493181],[34.0580053658321,27.79031332607927],[33.85604384849812,28.024955354887865],[33.50405791710163,28.329183183867357],[33.33074096153523,28.551192842680834],[33.17847350548054,28.995608888823412],[32.94378188560749,29.19842108364763],[32.81360534141804,29.477700792509935],[32.73727706383015,29.693547807890795],[32.647959742052805,29.85220106716814],[32.43838027427937,29.775519930083178],[32.318491968615305,29.54019697781267],[32.59057525108601,28.93719633694353],[32.64934447716023,28.765781007964037],[32.934676203234446,28.37882574673357],[33.35421660850788,27.90954741116228],[33.566939386828196,27.36995085354509],[33.80406478355671,26.93206938381853],[33.928809198839915,26.56382330532732],[34.10422042320515,26.354524217802904],[34.514842066271555,25.573916994292162],[34.99740127037312,24.71719893093767],[35.189864191515696,24.39991911526384],[33.657230668213316,24.017988632918694]]]},"properties":{"name":"Umayyad Caliphate","role":"land"}},{"type":"Feature","geometry":{"type":"Polygon","coordinates":[[[22.95458675126444,44.65248758983849],[24.84698547189608,47.435153078442916],[29.105826323609914,47.27229720234499],[30.818262754207012,46.5614002158747],[29.61591628502155,45.4102054464406],[28.22135703211819,45.48408289734172],[27.94415859628378,44.92968602567291],[28.03655807489525,44.37528915400409],[26.83536485294615,44.190490196781155],[25.264573716551173,43.82089228233527],[23.13938570848738,43.91329176094675],[22.95458675126444,44.65248758983849]]]},"properties":{"name":"Danube Bulgars","role":"land"}},{"type":"Feature","geometry":{"type":"Polygon","coordinates":[[[129.715515,28.451107],[129.511932,28.294998],[129.368561,28.116108],[129.157745,28.234993],[129.25665300000014,28.320831],[129.574982,28.461662],[129.715515,28.451107]]]},"properties":{"name":null,"role":"land"}},{"type":"Feature","geometry":{"type":"Polygon","coordinates":[[[129.963013,29.957218000000125],[129.92358400000012,29.983883],[129.94165,30],[129.963013,29.957218000000125]]]},"properties":{"name":null,"role":"land"}},{"type":"Feature","geometry":{"type":"Polygon","coordinates":[[[129.89636200000018,29.87416500000012],[129.923309,29.824997],[129.877167,29.83083],[129.89636200000018,29.87416500000012]]]},"properties":{"name":null,"role":"land"}},{"type":"Feature","geometry":{"type":"Polygon","coordinates":[[[130.906097,30.354717000000107],[130.869415,30.469715],[130.94720500000017,30.570274],[130.945251,30.683331000000123],[131.074402,30.689163],[130.9696960000001,30.390553],[130.906097,30.354717000000107]]]},"properties":{"name":null,"role":"land"}},{"type":"Feature","geometry":{"type":"Polygon","coordinates":[[[130.558594,30.236382000000106],[130.440247,30.252777],[130.387207,30.397217],[130.510803,30.458885000000123],[130.671906,30.373329000000126],[130.649414,30.28777700000012],[130.558594,30.236382000000106]]]},"properties":{"name":null,"role":"land"}},{"type":"Feature","geometry":{"type":"Polygon","coordinates":[[[120.90708832908835,24.844964321936814],[121.00166300000012,25.001663],[121.19470200000012,25.109997000000135],[121.384987,25.157497],[121.4805530000001,25.271942],[121.610809,25.2575],[121.734711,25.138885],[121.881653,25.114719],[121.999153,25.01083],[121.81694000000016,24.847775],[121.799713,24.756664],[121.843597,24.606384],[121.839706,24.476383000000112],[121.780548,24.426384],[121.74498000000017,24.286385],[121.60498,24.080551],[121.596367,23.899998],[121.536926,23.70138500000013],[121.453049,23.327221],[121.355553,23.087498],[121.168053,22.762497],[121.079437,22.70916],[120.969711,22.568329],[120.878593,22.341385000000116],[120.88247700000011,22.039440000000127],[120.824158,21.927773000000116],[120.69555011623473,21.970797727388323],[120.674988,22.181938],[120.573036,22.366108],[120.328598,22.519444],[120.199707,22.786942],[120.163879,22.953606],[120.049149,23.060829],[120.055542,23.153049],[120.148331,23.327221],[120.11554,23.631386],[120.6741596643803,24.551345764602157],[120.72771726859703,24.626902539736413],[120.871597,24.73999],[120.90708832908835,24.844964321936814]]]},"properties":{"name":null,"role":"land"}},{"type":"Feature","geometry":{"type":"Polygon","coordinates":[[[128.900818,32.643051],[128.741913,32.589157],[128.610229,32.61166400000013],[128.649414,32.777771],[128.813293,32.792496],[128.900818,32.643051]]]},"properties":{"name":null,"role":"land"}},{"type":"Feature","geometry":{"type":"Polygon","coordinates":[[[128.1573606657165,34.89371535617285],[128.0205380000001,34.986382],[127.86387600000012,34.940269],[127.767403,34.96028100000012],[127.576393,34.88694],[127.638603,34.81415600000014],[127.773613,34.84388000000013],[127.747757,34.727486],[127.640823,34.616936],[127.554153,34.656097],[127.52249100000017,34.856941],[127.363876,34.75138900000013],[127.50998700000014,34.578606],[127.315262,34.443604],[127.242203,34.569443],[127.352768,34.692764],[127.21666000000016,34.707497],[127.00972000000013,34.602219],[126.896942,34.449158],[126.800812,34.46305100000012],[126.772491,34.582771],[126.60027300000013,34.30027],[126.478317,34.345268],[126.463318,34.484718],[126.288307,34.590271],[126.620247,34.624161],[126.494141,34.750549],[126.371368,34.789162],[126.433594,34.963608],[126.359711,35.06916],[126.37831100000017,35.31221000000011],[126.49165300000016,35.50972],[126.479431,35.639992],[126.75193800000011,35.778328],[126.80108600000017,35.861664],[126.61998000000017,35.888603],[126.67363000000012,36.00470700000011],[126.544418,36.136406],[126.464432,36.574715],[126.49720800000011,36.72387700000013],[126.347488,36.73999],[126.18609600000013,36.67027300000012],[126.12359600000013,36.70916000000011],[126.184418,36.878326],[126.32083100000011,36.8780440000001],[126.499153,37.049721],[126.61998000000017,36.9727630000001],[126.76138300000014,36.969986],[126.766098,37.231934],[126.65637200000015,37.411102],[126.66989334083735,37.50845957118826],[127.67028700255646,37.209626440108565],[128.0412893567349,36.56037232029632],[128.1573606657165,34.89371535617285]]]},"properties":{"name":"Paekche","role":"land"}},{"type":"Feature","geometry":{"type":"Polygon","coordinates":[[[123.870819,24.252499],[123.678864,24.316109],[123.767212,24.41444],[123.92192100000011,24.371109],[123.870819,24.252499]]]},"properties":{"name":null,"role":"land"}},{"type":"Feature","geometry":{"type":"Polygon","coordinates":[[[125.356369,24.776665],[125.252213,24.737774],[125.261932,24.878883],[125.356369,24.776665]]]},"properties":{"name":null,"role":"land"}},{"type":"Feature","geometry":{"type":"Polygon","coordinates":[[[124.26165800000012,24.457497],[124.22971300000017,24.338329],[124.121918,24.344997],[124.077766,24.419994],[124.26165800000012,24.457497]]]},"properties":{"name":null,"role":"land"}},{"type":"Feature","geometry":{"type":"Polygon","coordinates":[[[128.252777,26.63888500000013],[127.94637300000011,26.451107],[127.83582300000012,26.41944100000012],[127.778587,26.23666],[127.813026,26.155552000000114],[127.65277100000014,26.083054],[127.639977,26.208607000000143],[127.743874,26.306942],[127.7211,26.436108],[127.800537,26.442493],[127.958878,26.544441],[127.876373,26.620552],[127.954987,26.695827000000122],[128.023865,26.631107],[128.247192,26.839996],[128.33136,26.752499000000114],[128.252777,26.63888500000013]]]},"properties":{"name":null,"role":"land"}},{"type":"Feature","geometry":{"type":"Polygon","coordinates":[[[126.76193200000012,26.38694],[126.8099820000001,26.346943],[126.781097,26.29833200000013],[126.701927,26.348606],[126.76193200000012,26.38694]]]},"properties":{"name":null,"role":"land"}},{"type":"Feature","geometry":{"type":"Polygon","coordinates":[[[128.95108,27.67582700000014],[128.89721700000018,27.725826],[128.89886500000011,27.89777400000014],[128.96109,27.898605],[129.029968,27.774441000000138],[128.95108,27.67582700000014]]]},"properties":{"name":null,"role":"land"}},{"type":"Feature","geometry":{"type":"Polygon","coordinates":[[[128.609131,27.358887],[128.52359000000013,27.413609],[128.69635000000017,27.4486050000001],[128.609131,27.358887]]]},"properties":{"name":null,"role":"land"}},{"type":"Feature","geometry":{"type":"Polygon","coordinates":[[[129.992188,28.281666],[129.943024,28.32222],[130.0324710000001,28.35305],[129.992188,28.281666]]]},"properties":{"name":null,"role":"land"}},{"type":"Feature","geometry":{"type":"Polygon","coordinates":[[[129.33609000000013,28.075275],[129.219116,28.097775],[129.223846,28.183605],[129.3402400000001,28.110828],[129.33609000000013,28.075275]]]},"properties":{"name":null,"role":"land"}},{"type":"Feature","geometry":{"type":"Polygon","coordinates":[[[129.733032,29.609718],[129.70968600000015,29.651661],[129.75332600000013,29.64777400000014],[129.733032,29.609718]]]},"properties":{"name":null,"role":"land"}},{"type":"Feature","geometry":{"type":"Polygon","coordinates":[[[33.49332399956666,48.94456716597037],[35.783756564515585,49.970142679798066],[39.85563667998034,49.806178033336366],[39.550245671320496,48.6091511813344],[37.79295443146251,48.80027898226659],[35.6137816159059,48.896682992467355],[33.49332399956666,48.94456716597037]]]},"properties":{"name":"Magyars","role":"land"}},{"type":"Feature","geometry":{"type":"Polygon","coordinates":[[[32.71840429199529,49.5479905572042],[32.66276839146986,49.51063786547796],[32.51579155664969,49.41196092576658],[32.11445312500001,49.541308593749996],[31.900488281250006,49.51279296875],[32.37231425992441,49.31563349718755],[32.06816595915399,49.111435171817675],[30.083124402864925,49.17802572086032],[29.21784987832866,50.58813603620826],[30.999297428844496,51.452572879650454],[33.289729993793415,51.325524431047185],[33.49332399956666,50.06825421207704],[32.71840429199529,49.5479905572042]]]},"properties":{"name":"Severians","role":"land"}},{"type":"Feature","geometry":{"type":"Polygon","coordinates":[[[34.98408203125001,63.564111328124994],[35.144628906250006,63.482324218749994],[35.09941406250002,63.38310546875],[34.55214843750002,63.458984375],[34.35810546875001,63.696679687499994],[34.42841796875001,63.8482421875],[34.85673828125002,63.720849609374994],[34.98408203125001,63.564111328124994]]]},"properties":{"name":"Lake Vygozero","role":"land"}},{"type":"Feature","geometry":{"type":"Polygon","coordinates":[[[33.35527343750002,63.423974609374994],[33.58623046875002,63.48740234375],[33.696875,63.40927734375],[33.93281250000001,63.418115234374994],[34.066015625,63.228759765625],[33.896875,63.18857421875],[33.49921875000001,63.216259765625],[33.30683593750001,63.28369140625],[33.35527343750002,63.423974609374994]]]},"properties":{"name":"Lake Segozerskoye","role":"land"}},{"type":"Feature","geometry":{"type":"Polygon","coordinates":[[[32.776301469120234,60.870729491342274],[37.17416877565329,59.82743560138267],[36.979485884987234,59.099823451537034],[37.18620067998569,58.828731368599605],[37.1552734375,58.694970703124994],[37.41689453125002,58.6130859375],[37.89716796875001,58.291796875],[38.22050781250002,58.2373046875],[38.25917968750002,58.0708984375],[38.449167345992926,58.11934935368935],[38.46129130836306,56.840301628254224],[29.130318543342913,56.06195841213773],[29.03701281604351,56.16355569839183],[27.399100325933535,57.9470203251977],[27.450675013183652,58.2569787163277],[27.623828125000017,58.0142578125],[27.802734375,57.990234375],[27.910937500000017,57.895751953125],[28.169238281250017,57.914501953125],[28.096972656250017,58.04443359375],[27.865136718750023,58.173486328124994],[27.591796875,58.174609375],[27.58271484375001,58.306396484375],[27.82050781250001,58.484912109375],[27.756530735335797,58.86978914255386],[30.854201090339615,59.69359471478291],[31.114586129537827,59.927459147813735],[31.509765625,59.920361328125],[31.548242187500023,60.071875],[31.69941406250001,60.23564453125],[32.05712890625,60.226513671875],[32.36152343750001,60.148095703124994],[32.6123046875,60.245361328125],[32.67666015625002,60.392431640625],[32.59990234375002,60.53349609375],[32.84140625,60.497021484375],[32.9443359375,60.642578125],[32.81191406250002,60.756494140624994],[32.776301469120234,60.870729491342274]],[[31.63056640625001,58.207275390625],[31.637109375000023,58.38798828125],[31.5107421875,58.3888671875],[31.29833984375,58.4765625],[31.170214843750017,58.35947265625],[31.019433593750023,58.319726562499994],[30.87617187500001,58.214111328125],[31.39404296875,58.141992187499994],[31.63056640625001,58.207275390625]]]},"properties":{"name":"Kryvichs","role":"land"}},{"type":"Feature","geometry":{"type":"Polygon","coordinates":[[[32.51579155664969,49.41196092576658],[32.66276839146986,49.51063786547796],[32.68242187500002,49.4009765625],[32.51579155664969,49.41196092576658]]]},"properties":{"name":null,"role":"land"}},{"type":"Feature","geometry":{"type":"Polygon","coordinates":[[[21.225993499342607,62.4179537846397],[29.018890834539626,61.77074313018303],[30.248828530040026,61.47592582226208],[30.173925781250006,61.3140625],[29.857226562500017,61.18798828125],[30.124902343750023,61.087353515625],[30.40869140625,60.92802734375],[30.527929687500006,60.81171875],[30.53388671875001,60.630078125],[30.723730468750006,60.561767578125],[30.956835937500017,60.263623046875],[31.108984375,60.146435546875],[31.114586129537827,59.927459147813735],[30.854201090339615,59.69359471478291],[27.756530735335797,58.86978914255386],[27.683007812500023,58.979638671874994],[27.39096299884304,58.99986415704067],[27.268935706786543,59.337686202610215],[27.702038797838934,59.297504030424975],[27.89359763572956,59.34611090298357],[28.01585105369831,59.454154573637865],[27.89665702293659,59.53378256436052],[27.94168761680866,59.64759787197771],[28.163104090197333,59.590682588774584],[28.444363626940497,59.73374136563005],[28.662732157213934,59.644340120512865],[28.795933756335028,59.67222174282732],[29.0760660500362,59.907794557768725],[29.413628611071356,59.860030733305834],[29.76545241783405,59.7362438070363],[29.9631567330196,59.736617647368334],[30.126639399035223,59.80604513760271],[29.952874216540106,59.98558386440935],[29.687296900255927,60.131000124174975],[29.510743174059638,60.14456518765154],[28.968979868395575,60.10878714199724],[28.569397959215888,60.19842108364763],[28.43523124168659,60.33733709927263],[28.551247629626044,60.5326419698781],[28.52150824974323,60.62326391812029],[28.01143744896198,60.51073034878435],[27.473618540270575,60.426078401762865],[27.406220468981513,60.34481772061052],[27.178481134875067,60.44239386196794],[26.945570978625067,60.37631186123552],[26.922308954699286,60.31612356777849],[26.613076242907294,60.347831331450365],[26.525876078112372,60.396468721587084],[26.322712931139716,60.27024038906755],[25.890101465685614,60.23583563442888],[25.845532450182684,60.11548193569841],[25.580544504626044,60.26233633633318],[25.449894937975653,60.13839682217302],[24.969470056994208,60.08683355923357],[24.515957865221747,59.98949774380388],[24.42105010460163,59.869750581938646],[24.281357798083075,59.9381481039113],[23.664656671984442,59.83555182095232],[23.201441797716864,59.81845816250505],[22.98212531517292,59.932452760893725],[22.88200095604206,60.05556448574724],[23.005200418932684,60.208758913237475],[22.62461570213581,60.201102815825365],[22.39206603477741,60.121200166899584],[22.421467813952216,60.29318579312029],[22.220654520495184,60.25876959438982],[21.930953058703192,60.38077124233904],[21.74680808494831,60.40827139492693],[21.560151133044013,60.51248510952654],[21.443177256090888,60.693648897368334],[21.4272566170528,61.01509817715349],[21.4983072609737,61.183272920805834],[21.561005625231513,61.48492010708513],[21.405217203600653,61.70243414517107],[21.211199793322333,61.87091406460466],[21.346440348131903,62.167132936674975],[21.337555918200263,62.34360464688005],[21.225993499342607,62.4179537846397]]]},"properties":{"name":null,"role":"land"}},{"type":"Feature","geometry":{"type":"Polygon","coordinates":[[[18,52.996430625956236],[19.571939995527536,53.17519170449995],[21.919354527608068,51.96253191462043],[19.865366812037603,50.71615472778859],[18,50.89386610335533],[18,52.996430625956236]]]},"properties":{"name":"Polanes","role":"land"}},{"type":"Feature","geometry":{"type":"Polygon","coordinates":[[[27.450675013183652,58.2569787163277],[27.399100325933535,57.9470203251977],[29.03701281604351,56.16355569839183],[28.162355972654026,55.38694382748493],[23.245523794807337,53.79029461852448],[22.385899364348756,53.79029461852448],[21.123769781755666,53.79029461852448],[19.92414156796405,54.39910855181188],[20.188645395739325,54.52197607632341],[20.005703958971747,54.54745825405779],[19.8631697029903,54.75173147793474],[19.942570719225653,54.84985693569841],[20.985203775866278,54.81164129849138],[21.137343439562567,54.845458589751146],[21.191943201525458,54.959579073149584],[21.11334517906452,55.08924444790544],[21.22385314415241,55.111449800688646],[21.14303496788288,55.25583990688982],[21.216296228869208,55.3436656820363],[21.018450769884833,55.63400992031755],[20.995957407458075,56.024127565581225],[20.916007074816473,56.096671663481615],[20.964827570421942,56.60902365322771],[21.022051844103583,56.6838756429738],[21.324379953844794,56.854415498930834],[21.339747461779364,57.17707022305193],[21.459588083727606,57.24960669155779],[21.67733100364948,57.46365698452654],[21.810254129870184,57.4753795492238],[22.563637766344794,57.615558229643725],[22.585421595080145,57.508651338774584],[22.881373438341864,57.3341441976613],[23.070889505846747,57.261317812163256],[23.21544936607624,56.98066671963396],[23.414469751818427,56.892413698393725],[23.767813715441473,56.8658824789113],[24.158383402331122,56.97548636074724],[24.26630500267292,57.03014715786638],[24.34649947593952,57.159720979887865],[24.236186060412177,57.72816046353044],[24.41564467857624,57.94793280239763],[24.414401087267645,58.105887972075365],[24.496785196764716,58.213153444487475],[24.33109191368366,58.30793341274919],[24.058350595934638,58.111529909331225],[23.908068689806708,58.22444876309099],[23.67085936973835,58.24138983364763],[23.690465006335028,58.665484987456225],[23.51187041710163,58.58087500210466],[23.360819849474677,58.767421327788256],[23.431979212267645,58.8580814230031],[23.33788588951374,58.97239264126482],[23.45697883079792,59.005492769438646],[23.415757212145575,59.11896475430193],[24.03210738609577,59.17574270840349],[24.029559168322333,59.23541601772966],[24.28194526146198,59.28414114590349],[24.341567072375067,59.368880830962084],[24.537568125231513,59.323409639555834],[24.713812860949286,59.351832948882006],[24.751221689684638,59.44846304531755],[25.248290094836005,59.36179693813982],[25.721121820910223,59.45984228726091],[26.343258890612372,59.446647249419115],[26.86190131614948,59.371749483305834],[26.999016794665106,59.31772955532732],[27.268935706786543,59.337686202610215],[27.39096299884304,58.99986415704067],[27.107324218750023,58.95419921875],[26.96640625,58.805566406249994],[27.15673828125,58.64794921875],[27.236621093750017,58.45224609375],[27.450675013183652,58.2569787163277]]]},"properties":{"name":"Balts","role":"land"}},{"type":"Feature","geometry":{"type":"Polygon","coordinates":[[[33.595436957615426,46.00790291965035],[34.066605713741,46.09108257405877],[35.00805190513874,45.61194571133318],[34.9900122017696,45.45001562710466],[35.063418421252024,45.34009894009294],[35.31667617271687,45.32118185635271],[35.8497648567989,45.4452281820363],[36.323164972765696,45.439696871001146],[36.52104857872273,45.38828619595232],[36.36711409996296,45.161483370024584],[36.264754328234446,45.09658774014177],[35.865454706652415,45.031119905669115],[35.59955504844929,45.10174139614763],[35.386660608752024,45.08192404385271],[35.25099807649618,44.98837842952833],[34.258000459300334,45.00256490043769],[33.53403516049456,45.04733220721292],[33.397872004015696,45.25268133755388],[33.013491663439524,45.38137014980974],[32.64344695518757,45.380633913237475],[32.50324157188679,45.44510229702654],[32.902258905871165,45.67258032437029],[33.19164946983601,45.78977545376482],[33.53945830772663,45.874713503081225],[33.638838800890696,45.92677267666521],[33.595436957615426,46.00790291965035]]]},"properties":{"name":"Goths","role":"land"}},{"type":"Feature","geometry":{"type":"Polygon","coordinates":[[[39.550245671320496,48.6091511813344],[40.564718827882686,47.38346405139764],[40.62427892861503,47.41243120119345],[40.29382432245261,46.85021702939083],[39.70236910358214,45.84395323450168],[39.78263890074078,45.79697851305167],[39.06385441552847,44.65911027365397],[38.81399093552515,44.263565122179],[38.55609038780476,44.385097109038256],[38.27700332115437,44.42320593472185],[38.10918334434773,44.493774019438646],[37.880373987658274,44.71894796963396],[37.774050745470774,44.74454077358904],[37.62174514244343,44.67330893154802],[37.47389129112507,44.69235952969255],[37.31793883751179,44.92420920010271],[36.95986846397663,45.227355562407396],[37.22774795006062,45.31201895352068],[37.4609709114864,45.31247671719255],[37.661265406115305,45.345233522612475],[37.70609572838093,45.57840307827654],[37.867877039416086,45.79251440640154],[37.98994353721882,46.00666006680193],[38.22715285728718,46.02009161587419],[38.45897963951374,46.07891424771013],[38.2649145455196,46.31855734463396],[37.970171961291086,46.441283785063646],[37.757098230822336,46.60319098110857],[37.8665991158321,46.65535696621599],[38.40109160850788,46.7213512289113],[38.72273925255085,46.877921663481615],[39.282359156115305,47.07403143521013],[39.159853968127024,47.26889380093279],[37.85925200889851,47.103744112212084],[37.42214492271687,47.07688101406755],[37.19263366173054,46.89442022915544],[36.86455825279499,46.809291444975756],[36.35396865318562,46.77579840298357],[35.85055831383015,46.66439016934099],[35.624331507189524,46.52106054897966],[35.41610244224812,46.494689546782396],[35.21237472008015,46.63714178677263],[35.04636672447468,46.357650362212084],[34.906809839709055,46.27302130337419],[34.69234755943562,46.25312765713396],[34.49565413902546,46.27870138760271],[34.06421569298054,46.26487311001482],[33.83908370445515,46.193053804594896],[34.066605713741,46.09108257405877],[33.595436957615426,46.00790291965035],[33.52794555137898,46.13406332607927],[33.33253386925007,46.16611059780779],[32.51644423912312,46.12558325405779],[32.202166590197336,46.17036017056169],[32.11410430382038,46.215621553618334],[31.92594054649616,46.409930788237475],[32.188792261584055,46.59223898525896],[31.95127013633991,46.86462744351091],[31.781046900255927,46.701861940581225],[31.400187658313737,46.68127748786577],[31.1180931602828,48.156909623173526],[33.49332399956666,48.94456716597037],[35.6137816159059,48.896682992467355],[37.79295443146251,48.80027898226659],[39.550245671320496,48.6091511813344]]]},"properties":{"name":"Bulgars","role":"land"}},{"type":"Feature","geometry":{"type":"Polygon","coordinates":[[[43.98280147635804,41.24657353322344],[41.67510827337186,41.85461212355327],[41.65183547447468,42.1206432210988],[41.502722773058665,42.608478151518725],[41.40974334190632,42.78824194546404],[41.12255385826374,43.019088350493334],[43.836868917456485,42.89689749622059],[44.3912657891253,42.61969906038618],[44.3912657891253,41.88050323149442],[44.220818280070674,41.539608213385165],[43.98280147635804,41.24657353322344]]]},"properties":{"name":"Georgian Kingdom","role":"land"}},{"type":"Feature","geometry":{"type":"Polygon","coordinates":[[[46.247878002791424,42.057347731307274],[45.03083732888797,44.04175244785842],[45.608160583923414,44.07889438424941],[47.31367184358752,44.1886179925885],[47.56529525230671,43.84395559902849],[47.73614028404499,43.861938081938646],[47.67319777916218,43.664115511137865],[47.57428649376179,43.50226172085466],[47.60126403282429,43.3224254476613],[47.56529525230671,43.007709108549975],[47.79009154747273,42.85484655972185],[47.84404281090046,42.621059023100756],[47.969927820666086,42.59408529873552],[48.25410039415661,42.24844277673614],[46.247878002791424,42.057347731307274]]]},"properties":{"name":"Huns","role":"land"}},{"type":"Feature","geometry":{"type":"Polygon","coordinates":[[[24.84698547189608,47.435153078442916],[24.925500133073776,47.55060445537881],[21.779571659523114,47.484209039188755],[19.518435569158573,48.20994121116755],[19.405785425331747,48.05429773489864],[18.376473472413508,48.417247741616094],[19.41745087258732,49.443156945819666],[18,49.83055547149498],[18,50.89386610335533],[19.865366812037603,50.71615472778859],[21.919354527608068,51.96253191462043],[19.571939995527536,53.17519170449995],[18,52.996430625956236],[18,54.70674800518522],[18.27944854210163,54.724120699126146],[18.33849624107624,54.602645479399584],[18.45380691002155,54.52537878628435],[18.513155970080145,54.315780245024584],[18.67307761619831,54.25514181729021],[18.9649763436153,54.227584444243334],[19.255003962023505,54.27719458218279],[19.328099283678778,54.16145285244646],[19.92414156796405,54.39910855181188],[21.123769781755666,53.79029461852448],[22.385899364348756,53.79029461852448],[29.105826323609914,47.27229720234499],[24.84698547189608,47.435153078442916]]]},"properties":{"name":"Proto-Slavs","role":"land"}},{"type":"Feature","geometry":{"type":"Polygon","coordinates":[[[40.29382432245261,46.85021702939083],[40.62427892861503,47.41243120119345],[42.033598342603256,48.09785594146713],[42.79532894895342,47.9646351469632],[44.474807951226595,48.650935710724646],[46.18160638238993,48.193706985638514],[46.75941437549585,47.695051199142036],[47.041241015614226,47.45183115622005],[47.93221423051123,47.370545798936526],[47.601491410097445,46.9683278048831],[48.1859201364166,46.463958239818275],[47.73181780151994,45.92199221588653],[47.685585763443804,45.74472620669904],[47.60126403282429,45.66031225796404],[47.65521148155476,45.54341848965349],[47.55630401085163,45.45349844570818],[47.39445022056843,45.17475088711443],[47.169653925402415,44.860038362700365],[46.87292006920124,44.68019827480974],[46.80997756431843,44.53633078213396],[46.84594634483601,44.446410738188646],[46.99880507896687,44.356490694243334],[47.142676386339915,44.33850821133318],[47.22360137413288,44.20362814541521],[47.31367184358752,44.1886179925885],[45.608160583923414,44.07889438424941],[41.93651967513931,45.10949587048978],[40.29382432245261,46.85021702939083]]]},"properties":{"name":"Khazars","role":"land"}},{"type":"Feature","geometry":{"type":"Polygon","coordinates":[[[38.81399093552515,44.263565122179],[39.06385441552847,44.65911027365397],[41.87221227417456,43.83854315420553],[43.063571230626984,43.915188912354786],[45.03083732888797,44.04175244785842],[46.247878002791424,42.057347731307274],[44.3912657891253,41.88050323149442],[44.3912657891253,42.61969906038618],[43.836868917456485,42.89689749622059],[41.12255385826374,43.019088350493334],[40.969336542589915,43.076659761626146],[40.55709365318562,43.14658697720232],[40.25161651085163,43.26818426724138],[39.6514126222631,43.69566860569395],[38.92371276329304,44.21186026211443],[38.81399093552515,44.263565122179]]]},"properties":{"name":"Alans","role":"land"}},{"type":"Feature","geometry":{"type":"Polygon","coordinates":[[[39.06385441552847,44.65911027365397],[39.78263890074078,45.79697851305167],[39.70236910358214,45.84395323450168],[40.29382432245261,46.85021702939083],[41.93651967513931,45.10949587048978],[45.608160583923414,44.07889438424941],[45.03083732888797,44.04175244785842],[43.063571230626984,43.915188912354786],[41.87221227417456,43.83854315420553],[39.06385441552847,44.65911027365397]]]},"properties":{"name":"Sabirs","role":"land"}},{"type":"Feature","geometry":{"type":"Polygon","coordinates":[[[43.98280147635804,41.24657353322344],[44.220818280070674,41.539608213385165],[47.88196474770097,40.02576604519439],[42.96683077133003,39.99541114568445],[43.1900725671762,40.30971209509945],[43.98280147635804,41.24657353322344]]]},"properties":{"name":"Armenia","role":"land"}},{"type":"Feature","geometry":{"type":"Polygon","coordinates":[[[44.220818280070674,41.539608213385165],[44.3912657891253,41.88050323149442],[46.247878002791424,42.057347731307274],[48.25410039415661,42.24844277673614],[48.41952422569538,42.09053763027849],[48.50044921348835,41.92868383999529],[48.662303003771555,41.90171011563005],[48.683238062365305,41.83590658779802],[48.89249709556843,41.68698462124529],[48.99886992882038,41.51678808804216],[49.24352935264851,41.29340323086443],[49.28607848594929,41.05938299771013],[49.34990218590046,40.95301016445818],[49.60519698570515,40.76153906460466],[49.60519698570515,40.68707617397966],[49.80730346153523,40.58070334072771],[50.0200529427364,40.6019779073781],[50.190249475939524,40.570067964751146],[50.42426970909382,40.410506807524584],[50.4668188423946,40.26158484097185],[50.30725768516804,40.32540854092302],[50.12642577598835,40.34668310757341],[49.913680109484446,40.32540854092302],[49.849856409533274,40.27222403164568],[49.66902068565632,40.24031027432146],[49.57328322838093,40.17648657437029],[49.54924288368823,40.03606282662828],[47.88196474770097,40.02576604519439],[44.220818280070674,41.539608213385165]]]},"properties":{"name":"Caucasian Albania","role":"land"}},{"type":"Feature","geometry":{"type":"Polygon","coordinates":[[[59.09429166962169,56.4318399506882],[59.189973205591734,56.41019430623805],[65.31164209247186,55.04663307077481],[78.36223290626025,56.41019430623805],[93.70004066679506,56.48455609390737],[99.53745541241915,55.2811223478262],[99.48535412032993,55.65854236961009],[107.9615110406255,59.8183896994711],[114.0159088408366,59.54672904426065],[115.20548227520561,57.386117039726635],[110.70143086835411,50.98293023313427],[105.30115815324875,51.21273678060715],[93.94115045927443,51.095929022398096],[82.20868349664521,51.32924897531792],[80.71884642202563,46.43604046828073],[85.45194782752716,46.206057904977826],[84.55953914941693,40.57543205922698],[76.09307777771363,40.62877811823045],[69.98049004600189,43.89355926599254],[67.01950748716298,47.468245825098144],[59.62130734023128,49.5544420724766],[46.75941437549585,47.695051199142036],[46.18160638238993,48.193706985638514],[44.474807951226595,48.650935710724646],[42.79532894895342,47.9646351469632],[42.033598342603256,48.09785594146713],[40.62427892861503,47.41243120119345],[40.564718827882686,47.38346405139764],[39.550245671320496,48.6091511813344],[39.85563667998034,49.806178033336366],[35.783756564515585,49.970142679798066],[33.49332399956666,48.94456716597037],[31.1180931602828,48.156909623173526],[31.400187658313737,46.68127748786577],[31.087231668932684,46.6355357992238],[30.818262754207012,46.5614002158747],[29.105826323609914,47.27229720234499],[22.385899364348756,53.79029461852448],[23.245523794807337,53.79029461852448],[28.162355972654026,55.38694382748493],[29.03701281604351,56.16355569839183],[29.130318543342913,56.06195841213773],[38.46129130836306,56.840301628254224],[38.449167345992926,58.11934935368935],[38.68095703125002,58.108203125],[38.69169921875002,58.20703125],[38.87089843750002,58.3310546875],[39.00527343750002,58.358056640624994],[38.9892578125,58.49560546875],[38.75283203125002,58.546923828125],[38.11943359375002,58.95458984375],[37.85771484375002,59.075146484375],[37.9873046875,59.1767578125],[37.64492187500002,59.156787109375],[37.67324218750002,59.0251953125],[37.77724609375002,58.926220703125],[37.99589843750002,58.861669921875],[37.98769531250002,58.672216796875],[38.07392578125001,58.541943359375],[37.76777343750001,58.617626953125],[37.537695312500006,58.612695312499994],[37.18620067998569,58.828731368599605],[36.979485884987234,59.099823451537034],[37.17416877565329,59.82743560138267],[46.105746848468755,57.7086220534561],[53.97646398874319,57.7086220534561],[53.92448387264525,57.601384527021416],[59.09429166962169,56.4318399506882]],[[32.71840429199529,49.5479905572042],[33.49332399956666,50.06825421207704],[33.289729993793415,51.325524431047185],[30.999297428844496,51.452572879650454],[29.21784987832866,50.58813603620826],[30.083124402864925,49.17802572086032],[32.06816595915399,49.111435171817675],[32.37231425992441,49.31563349718755],[32.76953125,49.11591796875],[33.04345703125,49.063134765624994],[33.1943359375,49.11875],[32.75390625,49.48476562499999],[32.71840429199529,49.5479905572042]]]},"properties":{"name":null,"role":"land"}},{"type":"Feature","geometry":{"type":"MultiPolygon","coordinates":[[[[18,45.44354660706065],[18.389418262934196,45.338113991603024],[18.633643185972446,44.863974430331794],[20.92179822181212,44.65248758983849],[21.19899665764653,44.92968602567291],[22.95458675126444,44.65248758983849],[23.13938570848738,43.91329176094675],[25.264573716551173,43.82089228233527],[26.83536485294615,44.190490196781155],[28.03655807489525,44.37528915400409],[27.94415859628378,44.92968602567291],[28.22135703211819,45.48408289734172],[29.61591628502155,45.4102054464406],[29.71076491783405,45.25833471890154],[29.45752242515827,44.91514929409685],[29.089749369127997,44.875732027251146],[28.91823676536823,44.76575049038591],[28.68624785850788,44.48805197354021],[28.573113474352606,44.19782217617693],[28.529885324938544,43.843471132475756],[28.445693048937567,43.476363741118334],[28.187058481676825,43.450118623930834],[28.034638437731513,43.39190252896013],[27.887320551378973,43.0635257589406],[27.869908365710028,42.79987677212419],[27.83616355369831,42.7355228292531],[27.654044184191473,42.68373831387224],[27.501950296862372,42.51634558315935],[27.737710031969794,42.247001253325365],[27.91340735862995,42.07810171719255],[27.917952570421942,41.97767218228044],[28.026202234728583,41.882384859282396],[28.01817801903034,41.75320776577654],[28.104397806627997,41.59297140713396],[28.371457132799872,41.43312796230974],[29.012368235094794,41.25483282681169],[29.081099543078192,41.20051153774919],[28.96445373008991,40.98923834438982],[28.827807459337958,40.914699159819506],[28.596150431139716,40.946986757475756],[28.173314127428778,41.05789526577654],[28.026368174059638,41.02620657559099],[27.932183298571356,40.95754965420427],[27.474169764025458,40.96283300991716],[27.313046488268622,40.78991278286638],[27.26375678489948,40.66717108364763],[26.8889265389278,40.524676881987475],[26.613572153551825,40.39804037686052],[26.51393989036823,40.281974397856615],[26.37586310814167,40.21340902920427],[26.255158457262763,40.081561647612475],[26.194821390612372,40.30307348843279],[26.556477579577216,40.498290621001146],[26.454838785631903,40.584308229643725],[26.124041590197333,40.60284765835466],[26.020724329455145,40.66932257290544],[25.99287513206745,40.85245855923357],[25.301114115221747,40.89594229336443],[25.046317133410223,40.95227392788591],[25.01892951439167,41.01714666958513],[24.700663599474677,40.878341280180834],[24.51912787864948,40.873065553862475],[24.50495246361042,40.984069429594896],[24.354302439196356,40.97096212979021],[24.21905806968952,40.82968481655779],[24.02515510032917,40.74636038418474],[23.885952982409247,40.732894502837084],[23.74839499901081,40.80443152065935],[23.634697947008856,40.7727542745656],[23.785174402697333,40.477191530424975],[23.923703226549872,40.45080908413591],[24.29535201500202,40.17649038906755],[24.220635447008856,40.14484747524919],[24.047778162462958,40.30835684414568],[23.774773630602606,40.39276465054216],[23.62723449180866,40.34528311367693],[23.651745829088934,40.22922857876482],[23.868659052355536,40.16067465420427],[23.906617197497138,39.99719580288591],[23.796032938463934,39.986651979643725],[23.59577277611042,40.19231756802263],[23.291760477526434,40.28726156826677],[23.259058985216864,40.22922857876482],[23.436467203600653,40.04465445156755],[23.5921850533321,40.00246389980974],[23.596890482409247,39.93405493374529],[23.260525736315497,39.970870577055834],[23.27630904625202,40.04992254849138],[23.141140970690497,40.26615484829607],[22.96016028831745,40.31470831509294],[22.74805549095417,40.482467256743334],[22.8639021248653,40.53522833462419],[22.851946863634833,40.65133627529802],[22.492066416247138,40.498290621001146],[22.602265390856513,40.39723929043474],[22.489617380602606,40.23052557583513],[22.46736243675495,40.11848028774919],[22.69509795616413,39.83448370571794],[22.754473719103583,39.81834753628435],[22.81343177269245,39.602740846831225],[23.07416823814655,39.413451753813646],[23.236084970934638,39.20315893765154],[23.158499750597723,39.14007910366716],[22.981301340563544,39.329330049712084],[22.85085395286823,39.36613043423357],[22.72025779197956,39.2872691976613],[22.834883722765692,39.16636236782732],[22.87106231163288,39.02434881802263],[22.784213098986395,38.940333925444506],[22.602313074572333,38.8562389242238],[22.7232885689571,38.793170534331225],[22.899373087389716,38.766891084868334],[22.984231028063544,38.6670413839406],[23.169491800768622,38.6670413839406],[23.19099524925495,38.610343538481615],[23.35615638206745,38.489501558501146],[23.49384406517292,38.48313101406755],[23.555766138537177,38.351764284331225],[23.803948435290106,38.34651144619646],[23.96074393699909,38.20991476650896],[23.880024942858466,38.115356050688646],[23.98729995201374,37.763427339751146],[23.83551314781452,37.68464239712419],[23.733683619005927,37.85785635586443],[23.634148630602606,37.87897833462419],[23.495701822741278,38.06807669277849],[23.419257196886786,38.06807669277849],[22.98061469505573,37.95776709194841],[23.03996756981159,37.85796698208513],[23.048874887926825,37.642631136137865],[23.312159571154364,37.54810675259294],[23.418124231798895,37.46934088345232],[23.18497947166706,37.427333437163256],[23.109564814074286,37.34664114590349],[22.97097686241413,37.38532217617693],[23.02534583519245,37.479842745024584],[22.942069086535223,37.518390260893725],[22.713290247423895,37.54343374844255],[22.638745340807684,37.49228628750505],[22.72623923729206,37.28850897427263],[22.81334975670124,37.212054811674975],[22.793108973009833,37.13855703945818],[22.886887583239325,37.0466800558156],[22.98255256126667,36.61475332852068],[22.673554453356513,36.75428351040544],[22.524447473986395,36.722125612456225],[22.39029601524616,36.524371706206225],[22.191407236559638,36.85523565884294],[21.984171900255927,37.02048071499529],[21.780915293200263,36.82254370327654],[21.588168177111395,36.98144110317888],[21.53144362877155,37.11514624233904],[21.626500162585028,37.306518160063646],[21.613707575304755,37.414847933012865],[21.517313990099677,37.535758577544115],[21.29634765098835,37.72654303188982],[21.22843078087116,37.904906831938646],[21.4404516548946,38.17951544399919],[21.7144995064571,38.13544043179216],[21.905766520006903,38.26973684902849],[21.996687921984442,38.2507816183156],[22.7472143502071,37.95260580654802],[22.898655924303778,37.99755438442888],[23.116345438463934,38.157394014555834],[22.875638041002997,38.20460089321794],[22.333741220934638,38.42670782681169],[21.82647231529499,38.46395834561052],[21.364455255968817,38.412005983549975],[21.172404322130927,38.347838960844896],[20.771830591662177,38.85093268032732],[20.892598185045966,38.895831667143725],[21.006508860094794,38.870544038969896],[21.159516367419013,39.00482519741716],[21.00718406151081,39.11298712368669],[20.901148828966864,39.061732851225756],[20.677752527697333,39.08042486782732],[20.2118082375362,39.404925905424975],[20.09082892845417,39.602531038481615],[20.02855971763874,39.813781343657396],[19.803648981554755,40.01696356411638],[19.369067224962958,40.260280214507006],[19.48371222923542,40.295890413481615],[19.49448302696491,40.40271719570818],[19.33922294090534,40.588737093169115],[19.527255091173895,40.865890108305834],[19.44540313194538,40.964896761137865],[19.52995017479206,41.218444429594896],[19.416991266711005,41.3452525960988],[19.498915705187567,41.523620210844896],[19.619383844836005,41.55930288906755],[19.606965097887763,41.76153906460466],[19.457886728747138,41.79808386440935],[19.143036875231513,41.93209036465349],[19.135544809801825,41.99954184170427],[18.909899744494208,42.217792116362475],[18.528643640978583,42.35274466152849],[18,42.695113551568156],[18,45.44354660706065]]],[[[41.22397101939322,37.541648073878676],[35.95679381798054,36.74749334927263],[35.89087584923054,36.77111395474138],[35.67174056480671,36.60578497524919],[35.56761458824421,36.58741720791521],[35.49458983848835,36.443099580962084],[35.22052672813679,36.38800390835466],[35.07137206505085,36.4877086507863],[34.66238311241413,36.64777334805193],[34.4851293892696,36.62678106899919],[34.103220972521555,36.38032492275896],[33.95171264122273,36.251578890044115],[33.95405486534382,36.15975912686052],[33.83587554405476,36.10729559536638],[33.753176722033274,36.14664038296404],[33.481699976427805,36.05428274746599],[33.171336206896555,35.97088202114763],[32.904116663439524,35.97669561978044],[32.64034179161335,36.00799902554216],[32.334979090197336,36.12836798306169],[31.90200713585163,36.4968639242238],[31.37069037864948,36.71234472866716],[30.90531066368366,36.794215761382006],[30.59359076927448,36.76173361416521],[30.540066751940497,36.64696081753435],[30.472832712633856,36.18825491543474],[30.394862207873114,36.11804541226091],[30.279892954333075,36.11780508633318],[30.166131052477606,36.18761786099138],[29.66195586632038,36.07834585781755],[29.47193244407917,36.09069403286638],[29.298188242419013,36.17311819668474],[29.002251657946356,36.69479712124529],[28.81352714012409,36.535155855376146],[28.469845804674872,36.738307558257006],[28.26692298362995,36.71240957852068],[28.01418975303913,36.52716406460466],[27.91190246055866,36.69894369717302],[28.051039728625067,36.83301504727068],[27.99880889366413,36.90936621304216],[27.308110270006903,36.920707308012865],[27.268630060656317,37.04168280239763],[27.525639566881903,37.13141211147966],[27.492524179919013,37.2396732198781],[27.36463263939167,37.328631960112475],[27.160407099230536,37.36008032437029],[27.12256148765827,37.49385031338396],[27.179783853991278,37.77442892666521],[27.13977340172077,37.889091097075365],[26.961377176745184,37.946105562407396],[26.6793318123653,38.104938112456225],[26.512320551378973,38.06634863491716],[26.393214258654364,38.104362093169115],[26.391598734362372,38.21912726040544],[26.46871093223835,38.44475897427263],[26.742451700670966,38.27838858242693],[26.99743178795124,38.40005835171404],[26.695696863634833,38.640765749174975],[26.709471735461005,38.698573671538256],[26.96638015220905,38.76993139858904],[27.034913095934638,38.821097933012865],[26.936802896960028,38.92456396694841],[26.785336527331122,38.940333925444506],[26.87075141380573,39.055968843657396],[26.707943949206122,39.182128511626146],[26.720158609850653,39.33724936123552],[26.957518610461005,39.54832800503435],[26.804265055163153,39.56715353604021],[26.138976129992255,39.43973883267107],[26.064057383044013,39.45551260586443],[26.084887537462958,39.60400732632341],[26.141903910143622,39.660583101469896],[26.127575907213934,39.878558717924975],[26.186009439928778,39.99719580288591],[26.3203344673946,39.99192389126482],[26.40305236290241,40.17649038906755],[26.4817114205196,40.187038027007006],[26.76528266380573,40.37694128628435],[26.996474298937567,40.371661745268725],[27.056124720080145,40.42969473477068],[27.271754297716864,40.45080908413591],[27.3292341561153,40.355834566313646],[27.525994333727606,40.297137819487475],[27.763894114001044,40.28725393887224],[27.807831797106513,40.50357016201677],[28.00645926903034,40.45080908413591],[27.908217463000067,40.35055502529802],[28.477719339831122,40.39510305996599],[29.05242446373249,40.33473166104021],[29.083527597887763,40.45607718105974],[28.873215708239325,40.471908174712084],[28.777958902819403,40.524676881987475],[28.9016218514278,40.62010534878435],[29.52519706199909,40.68828924771013],[29.32035544822956,40.741073213774584],[29.289643320544013,40.806686006743334],[29.014533075793036,40.97867163296404],[29.161208185656317,41.21636541958513],[29.5777807564571,41.153365694243334],[30.13762381981159,41.131835542876146],[30.256087336046942,41.18466528530779],[30.744805368883856,41.04032477017107],[31.217682871325263,41.05409201260271],[31.404126200182684,41.163539491850756],[31.385666880114325,41.28504141445818],[31.666388544543036,41.3948131429738],[32.418982538683665,41.74916800137224],[32.687911066515696,41.845973573882006],[33.15546325157429,41.94960745449724],[33.55554107139851,41.982501589018725],[34.30390075157429,41.89411886807146],[34.66290954063679,41.87558325405779],[35.001868280871165,42.04316290493669],[35.09883025596882,41.80586203213396],[35.286074671252024,41.67147787686052],[35.41143706749226,41.626815401274584],[35.67785552452351,41.62093313809099],[35.95779326866413,41.68564566250505],[36.16136840294148,41.35250052090349],[36.38289550255085,41.23751791592302],[36.641245874865305,41.31498297329607],[36.81701186607624,41.28968390103044],[37.252825769884836,41.02772101040544],[37.821841272814524,41.00963171597185],[38.31396392296101,40.92090185757341],[38.65118316124226,40.921569429594896],[39.13864425133015,41.04431875820818],[39.37017730186726,41.06399878140154],[39.66300490806843,41.00049551602068],[40.00671294639851,40.95632895107927],[40.36101439903523,40.96344336147966],[40.60989287803913,41.02802618618669],[41.29311660240437,41.28582342739763],[41.52111342857624,41.46583517666521],[41.666113886339915,41.729152284819506],[41.67510827337186,41.85461212355327],[43.98280147635804,41.24657353322344],[43.1900725671762,40.30971209509945],[42.96683077133003,39.99541114568445],[41.22397101939322,37.541648073878676]]],[[[33.53403516049456,45.04733220721292],[34.258000459300334,45.00256490043769],[35.25099807649618,44.98837842952833],[35.06732085655476,44.86172445889177],[34.61416152427937,44.8414684164113],[34.37224105308796,44.75717505093279],[34.13495543907429,44.53749807949724],[34.01372435997273,44.49212225552263],[33.66015532921101,44.52365835781755],[33.39549544761921,44.600490175444506],[33.55937865684773,44.93613775845232],[33.53403516049456,45.04733220721292]]],[[[18,40.612438795942495],[18.059941324694403,40.513534151274584],[18.383612665636786,40.30775030728044],[18.522648844225653,40.09413107510271],[18.36491874168659,39.746722780424975],[18.017067942126044,39.947894655424975],[18,40.02367898502117],[18,40.612438795942495]]],[[[34.04842666099812,35.40793188687029],[33.78049758384968,35.20813711758318],[33.77266601036335,35.12928351040544],[33.92467406700398,34.95322760220232],[33.53851226280476,34.94415625210466],[33.48393538902546,34.79579123135271],[33.131392511828196,34.6803356039113],[32.91454604576374,34.635726534087084],[32.60339263389851,34.61473425503435],[32.27109054039265,34.71969565029802],[32.143721613390696,35.04254492397966],[32.30098632286335,35.016261659819506],[32.48311522911335,35.15294226284685],[32.744952234728586,35.11427267666521],[32.81907180259968,35.28174551602068],[32.79511168907429,35.36061056729021],[33.07747939537312,35.31861075039568],[33.37370971153523,35.30648001309099],[33.53904250572468,35.33169516201677],[33.90731719444538,35.436847292143725],[34.21733764122273,35.573566042143725],[34.24465468834187,35.51184424038591],[34.04842666099812,35.40793188687029]]],[[[25.511635813219794,35.294765077788256],[25.713534388048895,35.327010713774584],[25.6684675545528,35.186820589262865],[25.788973841173895,35.13700445767107],[25.935492548449286,35.21303518887224],[26.23604491661335,35.22876318569841],[26.242667231066473,35.14487417813005],[26.16048530052448,35.024283968169115],[25.898680719836005,35.04525717373552],[25.74173644493366,35.00885351772966],[25.590724024279364,35.016418062407396],[24.693467173083075,34.94047125454607],[24.69006637047077,35.09244116421404],[24.3243570656612,35.207789980132006],[24.013197931750067,35.210414491850756],[23.78559401939655,35.26285132046404],[23.567723307116278,35.25498160000505],[23.466885599596747,35.31790503140154],[23.529439005358466,35.569625459868334],[23.879452738268622,35.5524173605031],[24.21970275352741,35.449000917632006],[24.22960380028034,35.39131888027849],[24.388283762438544,35.37296637173357],[24.768567118151434,35.4280277120656],[24.997481379015692,35.421020113188646],[25.01360038231159,35.362479768950365],[25.511635813219794,35.294765077788256]]],[[[25.492671024098556,36.42324665835019],[25.492671024098556,36.331435169041356],[25.386239875166982,36.319185450416924],[25.31781985085383,36.39877419215787],[25.37103542531962,36.49661778527289],[25.492671024098556,36.42324665835019]]],[[[24.67923295726441,36.75896029963509],[24.46637065940127,36.649251177336765],[24.29912171108023,36.75286945753905],[24.588006258180208,36.86851272864293],[24.67923295726441,36.75896029963509]]],[[[25.431853224709084,36.6980301207178],[25.26460427638805,36.704125314038706],[25.29501317608278,36.807669623462985],[25.431853224709084,36.6980301207178]]],[[[24.84648190558545,37.36559724964213],[24.861686355432816,37.52855624381453],[24.94531082959334,37.51046722146939],[25.044139753601222,37.377680456560746],[24.84648190558545,37.36559724964213]]],[[[25.31781985085383,37.40184103098311],[24.922504154822285,37.69116000393879],[24.65642628249336,37.901413077728705],[24.76285743142493,38.003319956303606],[25.27220650131173,37.56472113091166],[25.469864349327505,37.43806729073237],[25.31781985085383,37.40184103098311]]],[[[24.71724408188283,37.050751425742014],[24.78566410619598,36.947536378182036],[24.67923295726441,36.90499535372954],[24.648824057569676,37.014338584785854],[24.71724408188283,37.050751425742014]]],[[[25.112559777914374,36.94146054239683],[24.937708604669652,36.95968659606273],[25.15057090253279,37.17200141281893],[25.31021762593015,37.19622810717101],[25.31021762593015,37.00219709179456],[25.112559777914374,36.94146054239683]]],[[[25.34062652562488,37.087146804747654],[25.538284373640657,37.220447029530426],[25.60670439795381,37.12352471549815],[25.599102173030126,37.026478138264174],[25.454659899480134,36.9232301280182],[25.34062652562488,37.087146804747654]]],[[[24.131872762759194,38.65335708482884],[24.207895011996026,38.5523591317064],[24.291519486156545,38.19476089687233],[24.588006258180208,38.15292605377605],[24.527188458790736,37.967368965721576],[24.3143261609276,37.98534666287396],[24.02544161382762,38.38569989188942],[23.660534817490806,38.40357465937644],[23.63772814271976,38.52262680680808],[23.462876969475033,38.62366656002873],[23.120776847909273,38.86676557896794],[22.869903425427715,38.83716368115139],[23.014345698977706,38.961408842619434],[23.242412446688213,39.04411813294447],[23.78977264119343,38.71863293758614],[24.131872762759194,38.65335708482884]]]]},"properties":{"name":"Eastern Roman Empire","role":"land"}},{"type":"Feature","geometry":{"type":"Polygon","coordinates":[[[100.13646949001239,23.676039501350324],[100.26548283983271,21.928907920598565],[100.35291671122881,20.744856206909542],[100.12273530839072,20.169402699814288],[100.25974950424269,20.004985664791924],[97.60542907337424,18.176788485132487],[96.33816202129346,19.5757106125332],[95.77493222036864,22.33673057650546],[97.64063093593204,24.083689439904255],[100.13646949001239,23.676039501350324]]]},"properties":{"name":"Nan-Zhao","role":"land"}},{"type":"Feature","geometry":{"type":"Polygon","coordinates":[[[71.67418068446584,25.10986080329285],[71.00014421047507,24.359059419349247],[70.3769784137666,24.301118545288006],[69.51023227899012,24.25133985785633],[70.40527622534033,25.547917552335225],[70.07844686383231,26.205223393157514],[69.57859019329061,26.5496956188231],[69.38633762769767,26.446461857656736],[68.96338198339316,26.79021285649949],[69.44401339737556,27.286805301099957],[69.63626596296851,27.150033895171607],[70.4629519950182,27.37220204640179],[71.19351174427145,28.103881563382558],[71.32808854018653,28.52700368934091],[72.48160393374427,28.982075004649857],[72.5080342152244,28.983175799542934],[73.28906470923468,29.015704941534498],[73.82737189289496,29.485371199877672],[74.15420125440298,29.485371199877672],[74.67328318150398,28.99889134073166],[74.85268517338432,28.895743596274965],[75.28849139140144,28.64517542845523],[75.73067229226524,28.42560805058289],[76.11517742345114,28.307190280665907],[75.94215011441749,27.900186848775697],[75.53841972667226,27.798195318619655],[75.30771664796073,27.406342315261753],[75.0577883126899,27.150033895171607],[74.80785997741903,27.132925670599676],[74.92321151677481,27.440472039804245],[74.75018420774116,27.662057622079956],[74.48103061591101,27.355127960623182],[73.80814663633566,27.23553570540424],[73.63005952305456,27.14044247369888],[73.42364150514976,27.030221379970456],[72.80843329525227,26.515294670001822],[72.4239281640664,26.067147719262994],[72.05864828943977,25.877027700289904],[71.78949469760963,25.27006901661501],[71.67418068446584,25.10986080329285]]]},"properties":{"name":null,"role":"land"}},{"type":"Feature","geometry":{"type":"Polygon","coordinates":[[[88.32746285555693,28.01314016826437],[85.65427039185006,28.583821705460224],[80.73848919898596,30.90258641907537],[78.34239662748489,32.59394588131141],[77.33709185919311,33.3035727765762],[77.05106714328025,34.16729005180682],[76.7321813476337,34.30685786228955],[76.03813579240297,34.69332973113872],[75.67235502680839,35.054975664720864],[75.03458343551527,35.323251023033706],[74.85518582219993,35.30861183968359],[74.8223866138103,35.35453073142908],[74.40452080980965,35.250757688727774],[73.01185911368997,35.343924955245804],[72.99390555911053,35.337819518192205],[72.93874287289808,35.47287263116307],[73.18954805013678,35.88033987212975],[72.31577517459549,35.82132055713479],[72.31577517459549,36.03750979665179],[72.6658148250412,36.4136576324222],[73.81993726011267,36.74340689958548],[73.93433463603346,39.16591740513127],[76.09307777771363,40.62877811823045],[81.92343985988904,36.502599943497096],[91.48977627391785,37.78623870151423],[97.8963835086838,36.75510495921225],[99.35231210297071,37.58789014265722],[99.38135749645171,37.58062879428699],[101.78956935299207,37.669821826010704],[100.6798657360762,32.850348778512085],[100.21611279335316,30.160581710718525],[99.75235985063013,27.47081464292496],[99.90849746972384,26.90871921418761],[96.45368998559567,25.670711079117225],[94.49146471297155,26.243450893862768],[94.46557630358761,26.450558168934293],[93.90907277231997,26.821560523112716],[88.32746285555693,28.01314016826437]]]},"properties":{"name":"Tufan Empire","role":"other","label":"Төвд","labelAt":[89.26,33.28]}},{"type":"Feature","geometry":{"type":"Polygon","coordinates":[[[72.99390555911053,35.337819518192205],[73.01185911368997,35.343924955245804],[74.40452080980965,35.250757688727774],[74.8223866138103,35.35453073142908],[74.85518582219993,35.30861183968359],[75.03458343551527,35.323251023033706],[75.67235502680839,35.054975664720864],[76.03813579240297,34.69332973113872],[76.7321813476337,34.30685786228955],[77.05106714328025,34.16729005180682],[77.33709185919311,33.3035727765762],[77.23298961936057,33.377056710575644],[77.25833576087462,33.059457786162575],[76.75606432948715,32.75277631946283],[76.13964030005715,33.002035962487646],[75.18075847649932,32.94457673936321],[74.3588597705926,33.1550776253817],[73.33148638820924,33.135961983286656],[72.55524872151958,32.79116955766777],[71.61919741757028,32.637497303553566],[71.0484344273573,32.86790632281059],[71.09556253093147,32.99413553583542],[71.27673962344247,33.47940525965929],[71.77901105482992,33.97309399654179],[72.39543508425993,34.2943508751888],[72.73789287838773,35.250757688727774],[72.99390555911053,35.337819518192205]]]},"properties":{"name":"Kingdom of Kashmir","role":"land"}},{"type":"Feature","geometry":{"type":"Polygon","coordinates":[[[47.61403945396687,29.272241197783373],[39.4901561484229,33.36226961183725],[38.37574401120885,33.531644259724374],[40.57559536932511,36.6288034086512],[41.22397101939322,37.541648073878676],[42.96683077133003,39.99541114568445],[47.88196474770097,40.02576604519439],[49.54924288368823,40.03606282662828],[49.54137328575398,39.87864264126482],[49.445635828478586,39.655257784087084],[49.403086695177805,39.48506125088396],[49.498824152453196,39.378688417632006],[49.48818496177937,39.29359015103044],[49.33926299522663,39.282950960356615],[49.27543929527546,39.017020784575365],[49.179705652697336,39.14466818447771],[49.041419062121165,39.14466818447771],[49.05205825279499,38.9319225179738],[48.945681604845774,38.83618506069841],[48.988230738146555,38.719176851469896],[48.824954065783274,38.30957754727068],[48.809187921984446,37.98856695767107],[48.74478057335163,37.727016054350756],[48.837229761584055,37.51097448940935],[49.05953124473835,37.39755972500505],[49.475806269152415,37.291610323149584],[49.84801391075398,37.268214784819506],[50.038714441759836,37.22470434780779],[50.25221160362507,36.89478644009294],[50.56095412681843,36.686427675444506],[51.41704085777546,36.45569189663591],[51.79552367637898,36.43234976406755],[51.993052515490305,36.45890387173357],[52.60216430137898,36.57688101406755],[53.139014276964915,36.64352758999529],[53.79965499351765,36.67903860684099],[53.98448852012898,36.781913362700365],[54.06743911216999,36.94152411099138],[53.98521712730671,37.517726503569506],[53.87986281822468,38.025355898100756],[53.937327417834055,38.15944632168474],[53.937327417834055,38.57129629727068],[54.07141784141804,38.89694555874529],[54.03310683677937,38.992721162993334],[56.85521264874998,39.435640565179085],[58.34596942248886,40.00656869129185],[58.718975801712496,39.98026444296599],[60.38052643277402,40.09157768235769],[60.93946890210272,40.99982381114396],[61.21449031034645,41.10515115898199],[61.95649501870329,41.290652336071204],[62.69849972706014,39.99214409644672],[65.01726444067529,38.50813467973303],[66.77952562302279,38.04438173701],[67.05777738865662,37.11687585156395],[67.14921128017005,34.6024438349445],[67.1670704575425,34.111316457202435],[66.3227189721763,34.058873604621205],[65.40955715478135,33.41115749095052],[64.49639533738642,32.73598587067424],[64.42018371450048,31.747312783549557],[64.41582223585158,31.690732482580238],[63.47580271794503,31.53062294722779],[63.04607950975918,31.484826825442166],[62.88493330668948,31.09465608340875],[62.96550640822432,30.772130306453402],[62.85807560617786,30.33268303179034],[62.88493330668948,29.86796713516136],[63.31465651487533,29.634792373206235],[64.01295672817733,29.611445093822386],[64.46953763687482,29.7747623284699],[64.7918300430142,29.75144755386506],[65.4632725558046,30.54109025110833],[65.50312218195332,30.55065451550481],[66.61815367780407,30.818271983154755],[67.14700642881205,31.240739536663426],[67.13953706823911,31.180621794495128],[67.02421073965739,30.25240867381532],[66.63447230233747,30.28657226248717],[65.98312389922883,29.563301238622035],[64.90432810658018,28.459692418540328],[63.56092202516863,27.759502368877254],[61.62723145343989,27.235905518340143],[60.67056348637409,26.637080221795742],[60.58962835581118,25.252285342966804],[60.29817870567585,25.323236070830248],[59.654585871203196,25.321876131255053],[59.30209258507038,25.340196214873217],[59.03145888756062,25.307866655547045],[58.74442580650593,25.535960756499193],[58.36867812584187,25.54787977810564],[57.900454554064524,25.540891252715014],[57.805090937121165,25.64833029385271],[57.464880976183665,25.704793535429857],[57.254771265490305,25.793286882597826],[57.24507049034382,26.01846274014177],[57.112402948839915,26.076190553862475],[57.06634047935749,26.307468019682787],[56.93497756431843,26.464543901640795],[56.929087671740305,26.75186689968767],[56.79043105552937,26.97391279812517],[56.66781905601765,27.04989584561052],[56.43094924400593,27.106566988188646],[55.89973357628132,27.104804598051928],[55.8053198189571,27.005092226225756],[55.42489913414265,26.963107668120287],[55.34008696983601,26.79935225125017],[55.098128351671946,26.73744162197771],[54.92553237388874,26.53802641506853],[54.75987533043171,26.41062506313982],[54.64605620811726,26.39131888027849],[54.064944300158274,26.70138319607439],[53.63393691490437,26.74793966885271],[53.380679163439524,26.9095893728322],[52.89083388756062,27.05232390042009],[52.77987197349812,27.18784865017595],[52.63377669761921,27.314601503569506],[52.41038802574421,27.580957018095873],[51.961550745470774,27.776948534209154],[51.611304316027415,27.82704123135271],[51.350134882433665,28.03613432522478],[50.796755823595774,29.01329382534685],[50.702456507189524,29.133781038481615],[50.704722437365305,29.400607668120287],[50.359839472277415,29.74293478604021],[50.13237288902546,30.06642874355974],[49.71784881065632,30.002053819853685],[49.51097396324421,30.020675264555834],[49.321360620959055,30.102862917143725],[49.235083612902415,30.223380647856615],[49.22222808311726,30.47745855923357],[48.945723566515696,30.387942873198412],[48.80132964561726,30.08272513027849],[48.713843378527415,29.99996145840349],[48.51058486412312,29.993188463408373],[48.21184829185749,29.948093019682787],[48.028277430041086,29.973121248442553],[47.911360773546946,29.890292726714037],[47.99603179405476,29.490258775908373],[47.84490874717976,29.50315436001482],[47.61403945396687,29.272241197783373]]]},"properties":{"name":"Sasanian Empire","role":"land"}},{"type":"Feature","geometry":{"type":"Polygon","coordinates":[[[69.51023227899012,24.25133985785633],[68.76183441005287,24.208358110263113],[67.68147257073656,23.820147016373703],[67.48602584312702,23.928060136992357],[67.31589034508015,24.092885576445482],[67.2042341561153,24.588166795927904],[67.1535978646114,24.65159186001482],[66.99953750084187,24.714782320219896],[66.70171645591999,24.752278886992357],[66.64811232994343,24.90462454434099],[66.70050338218952,25.114379488188646],[66.62050918052937,25.31748541470232],[66.43233016441609,25.488610826689623],[66.30008986900593,25.494687639433764],[65.76880172203327,25.309339128691576],[65.21567061851765,25.270059190947435],[64.85119155357624,25.20576437588396],[64.42497542808796,25.173116289336107],[64.23826125572468,25.210826479155443],[64.05922225425984,25.401034914214037],[63.650332483752024,25.336646639067553],[63.40352538536335,25.164601885039232],[63.01806167076374,25.15743979092302],[62.44957259605671,25.16259916897478],[61.8132658333614,25.053256593901537],[61.34399321983601,25.026860796172045],[60.85827544639851,25.095714174467943],[60.7522306771114,25.18442877407732],[60.58962835581118,25.252285342966804],[60.67056348637409,26.637080221795742],[61.62723145343989,27.235905518340143],[63.56092202516863,27.759502368877254],[64.90432810658018,28.459692418540328],[65.98312389922883,29.563301238622035],[66.63447230233747,30.28657226248717],[67.02421073965739,30.25240867381532],[68.03894229654044,30.163459603869622],[69.7080225795063,30.304147197553483],[71.0310740233207,30.68999686121838],[71.70277706402648,30.934738484297277],[72.59838111830085,30.356853097370205],[72.86299140706373,29.93441371245542],[72.49660793031512,29.332878462902446],[72.5080342152244,28.983175799542934],[72.48160393374427,28.982075004649857],[71.32808854018653,28.52700368934091],[71.19351174427145,28.103881563382558],[70.4629519950182,27.37220204640179],[69.63626596296851,27.150033895171607],[69.44401339737556,27.286805301099957],[68.96338198339316,26.79021285649949],[69.38633762769767,26.446461857656736],[69.57859019329061,26.5496956188231],[70.07844686383231,26.205223393157514],[70.40527622534033,25.547917552335225],[69.51023227899012,24.25133985785633]]]},"properties":{"name":"Kingdom of Sind","role":"land"}},{"type":"Feature","geometry":{"type":"Polygon","coordinates":[[[59.44718280189373,45.18756344758731],[59.461002054807985,45.05522905711862],[59.237919829191895,44.79664436075891],[59.04642446737987,44.95472904529073],[59.133288342841006,45.19451991285216],[59.28530012489797,45.27515277351341],[59.44718280189373,45.18756344758731]]]},"properties":{"name":"Western Gokturk Khaganate","role":"ally","label":"Баруун Түрэг","labelAt":[59.26,45.05]}},{"type":"Feature","geometry":{"type":"Polygon","coordinates":[[[60.93946890210272,40.99982381114396],[61.107454833863436,41.272790315899755],[59.94436939212036,42.171872450242596],[58.76051456748904,42.61669059388325],[57.26511899953367,41.94055761245384],[56.579729364220796,41.085204042116786],[57.14050270220405,40.09157768235769],[58.34596942248886,40.00656869129185],[56.85521264874998,39.435640565179085],[54.03310683677937,38.992721162993334],[53.77450469444538,39.1363902914113],[53.58294585655476,39.31837042446794],[53.20941070030476,39.40457113857927],[53.37223342369343,39.51950796719255],[53.544634851916086,39.538661562163256],[53.79366210411335,39.4907718526906],[53.812815699084055,39.54824026699724],[53.669146570666086,39.64401968594255],[53.55421355675007,39.65359839077654],[53.5159025521114,39.77811010952654],[53.688303980334055,39.979247652251146],[53.506323847277415,39.99840124722185],[53.362654718859446,39.96009024258318],[53.04658416221882,39.99840124722185],[52.98911574791218,39.93135794277849],[52.84545043419148,40.18038138027849],[52.82629302452351,40.46771963711443],[52.90291503380085,40.56349905605974],[52.96996215294148,40.822101198393725],[53.056162867052805,41.05197104092302],[53.180674585802805,40.84125479336443],[53.257300409777415,40.764632784087084],[53.43927672813679,40.802943788725756],[53.61168197105671,40.74547918911638],[53.64999297569538,40.879569612700365],[53.7649259896114,40.86999090786638],[53.84155181358601,40.640121065337084],[54.10973266075398,40.678432069975756],[54.22466567466999,40.72632177944841],[54.41622451256062,40.65927847500505],[54.45453551719929,40.71674307461443],[54.36833480308796,40.89872320767107],[54.60778335045124,40.81252249355974],[54.81849578331257,40.879569612700365],[54.828074488146555,40.984923921782396],[54.751448664171946,41.13817175503435],[54.35875609825398,41.38719519253435],[54.16719726036335,41.48297461147966],[54.119307550890696,41.779891573149584],[54.02352813194538,41.85651358242693],[54.02352813194538,42.04807242031755],[53.98521712730671,42.10553701992693],[53.73619368980671,42.13427313442888],[53.26687529991413,42.086383424956225],[53.06574157188679,42.028915010649584],[52.94122985313679,41.7703128683156],[52.998694452746165,41.68411215420427],[52.931651148302805,41.37762030239763],[52.855025324328196,41.38719519253435],[52.692202600939524,41.53086432095232],[52.68262389610554,41.693690859038256],[52.55927184532429,41.757838808257006],[52.600745233996165,41.93767889614763],[52.51981643150593,42.072555147368334],[52.672678980334055,42.27936895962419],[52.75360778282429,42.55811651821794],[52.83453277061726,42.648036562163256],[52.76259902427937,42.755939089018725],[52.58275893638874,42.827872835356615],[52.37594893883015,42.800895296294115],[52.295020136339915,42.87283285732927],[52.0702238411739,42.827872835356615],[51.88139632652546,43.05266913052263],[51.737525019152415,43.178554140288256],[51.422808680041086,43.16956289883318],[51.458777460558665,43.385367952544115],[51.36885741661335,43.556212984282396],[51.17103484581257,43.7180667745656],[50.99119857261921,44.077743135649584],[50.95522979210163,44.20362814541521],[50.70345977257038,44.25757940884294],[50.388743433459055,44.29354818936052],[50.32580092857624,44.36548193569841],[50.33479217003132,44.56330450649919],[50.54160598228718,44.64423330898943],[50.874304804308665,44.626247011382006],[51.332888636095774,44.482379518706225],[51.57567122886921,44.554313265044115],[51.4857511849239,44.626247011382006],[51.18902114341999,44.77011831875505],[51.09910109947468,44.87802084561052],[51.21599486778523,45.039874635893725],[51.34188369224812,45.05785711880388],[51.37784865806843,45.17475088711443],[51.5127287239864,45.37257345791521],[51.629622492296946,45.35459097500505],[51.84542754600788,45.43551596279802],[51.99829009483601,45.38156469937029],[52.60973647545124,45.39955099697771],[53.059329065783274,45.33660467739763],[53.059329065783274,45.45349844570818],[52.843524012072336,45.50745352383318],[52.83453277061726,45.64232977505388],[53.050337824328196,45.831161104399584],[53.149249109728586,45.95704611416521],[53.257151636584055,46.31672247524919],[53.12227538536335,46.49655874844255],[53.284129175646555,46.67639502163591],[53.185217890246165,46.865226350981615],[53.02336409996296,46.91917761440935],[52.55578521202351,46.98212011929216],[52.37594893883015,46.87421759243669],[52.14215758751179,46.838248811919115],[51.935347589953196,46.89220007534685],[51.79147628258015,47.009093843657396],[51.36885741661335,47.09002264614763],[51.117083582384836,47.06304510708513],[50.82035354088093,46.91917761440935],[50.63152221153523,46.910182558257006],[50.27184966514851,46.68538626309099],[49.9481420845821,46.559501253325365],[49.53451446007038,46.54151877041521],[49.23778441856648,46.26276739712419],[49.05794433067585,46.13688238735857],[48.833148035509836,46.082931123930834],[48.833148035509836,45.92107733364763],[48.63532927940632,45.975028597075365],[48.30262664268757,45.768214784819506],[47.871016535265696,45.67829855557146],[47.685585763443804,45.74472620669904],[47.73181780151994,45.92199221588653],[48.1859201364166,46.463958239818275],[47.601491410097445,46.9683278048831],[47.93221423051123,47.370545798936526],[47.041241015614226,47.45183115622005],[46.75941437549585,47.695051199142036],[59.62130734023128,49.5544420724766],[67.01950748716298,47.468245825098144],[69.98049004600189,43.89355926599254],[76.09307777771363,40.62877811823045],[73.93433463603346,39.16591740513127],[73.81993726011267,36.74340689958548],[72.6658148250412,36.4136576324222],[70.04109776633763,35.66373847279261],[69.98256643650245,35.95541587152402],[69.64740227370207,36.12280980983646],[69.489677961796,36.519932051773],[69.35166918887819,36.353387200857625],[68.61233647681848,35.82763899060434],[67.90257707324116,35.41897647960695],[67.60684398841728,35.080866035045794],[67.89518291512033,34.8785615682468],[68.36607314545293,34.64014422635339],[67.72451268957475,34.410062198594],[67.42374014796087,34.109578136022776],[67.36221972625532,34.04811672021007],[67.16952990499314,34.043681652309594],[67.1670704575425,34.111316457202435],[67.14921128017005,34.6024438349445],[67.05777738865662,37.11687585156395],[66.77952562302279,38.04438173701],[65.01726444067529,38.50813467973303],[62.69849972706014,39.99214409644672],[61.95649501870329,41.290652336071204],[61.21449031034645,41.10515115898199],[60.93946890210272,40.99982381114396]],[[61.123260762496,46.56533479526449],[60.938085937500006,46.48984375],[60.78310546875002,46.632666015625],[60.84292734623507,46.77328051105081],[60.657354521386296,46.82193373637954],[60.52311035021909,46.72728984709923],[60.72802734375,46.676025390625],[60.65117187500002,46.5890625],[60.359375,46.63525390625],[60.2705078125,46.69970703125],[60.00917968750002,46.56064453125],[60.02070312500001,46.4494140625],[60.211190070154124,46.28705644180795],[60.82255859375002,46.2431640625],[60.60503877821078,46.126864803693984],[60.47869132299459,46.204798832250326],[60.300028124602946,46.16379468557784],[60.018707618848154,46.212995991577614],[59.8154296875,46.181396484375],[59.77890625,46.30146484375],[59.53076171875,46.342675781249994],[59.54984010925688,45.99432927168688],[59.431389369991685,45.80335953140493],[59.28727430388571,45.835004190392546],[59.36031892643258,45.93257643269082],[59.328732062628525,46.02586525287821],[59.0701146152329,46.001186449324834],[58.81544552581277,45.931203365557586],[58.720703125,45.84765625],[58.56005859375,45.4572265625],[58.40410156250002,45.25302734375],[58.23212890625001,44.851318359375],[58.29667968750002,44.638427734375],[58.19851459213994,44.519655010233876],[58.241946529870496,44.35896658585433],[58.39988084889073,44.16669007761383],[58.344603837233656,43.86571091710029],[58.367306895592854,43.73711826857644],[58.77991030403322,43.74710211465171],[58.8272905997393,43.84400139886814],[59.01878596155133,43.86108496114885],[59.00792797711865,43.9794674283752],[59.126378716383826,44.00219262770618],[59.24779072413068,43.85396740491545],[59.50542108203239,43.91408401214207],[59.715671144228125,43.66932676263591],[60.07694589898692,43.608606228433],[60.94361047461047,44.44112794636124],[61.109441509581735,44.71673774845503],[61.72735953274841,44.933769350611186],[61.86160370391561,45.048255586483364],[61.67997923704234,45.10680631329251],[61.174589416177575,45.18756344758733],[61.02060345513286,45.48730774453474],[61.040345245010386,45.73863843187627],[60.99888748626755,45.92159094381482],[61.158795984275535,46.18327546866901],[61.26935000758971,46.251574511149656],[61.56152849777715,46.59722199905923],[61.654314910201485,46.76888604094127],[61.46578081687108,46.76685770303427],[61.24960821771218,46.61146341148169],[61.123260762496,46.56533479526449]]]},"properties":{"name":"Western Gokturk Khaganate","role":"ally","label":"Баруун Түрэг","labelAt":[63.03,43.21]}},{"type":"Feature","geometry":{"type":"Polygon","coordinates":[[[72.6658148250412,36.4136576324222],[72.31577517459549,36.03750979665179],[72.31577517459549,35.82132055713479],[73.18954805013678,35.88033987212975],[72.93874287289808,35.47287263116307],[72.99390555911053,35.337819518192205],[72.73789287838773,35.250757688727774],[72.39543508425993,34.2943508751888],[71.77901105482992,33.97309399654179],[71.27673962344247,33.47940525965929],[71.09556253093147,32.99413553583542],[71.01806257344278,32.9829935511897],[70.98666415852516,32.712616862796615],[70.62558238697254,31.743161969153125],[70.47643991611386,31.989822724674255],[69.68362993944399,32.48115699511818],[69.1891049044915,32.036413944943995],[68.80447432175065,32.24246140479479],[68.70290266337554,32.17642393528566],[68.55366269474875,32.28299987820581],[67.91027418510205,32.69003061092147],[67.20204810371217,33.14943118753633],[67.18965515555954,33.49023726173375],[67.52214941497476,33.70681929359105],[67.84022711212484,33.74373299044811],[68.08063467392428,33.82365817785543],[67.60721670607305,33.93113190230206],[67.42374014796087,34.109578136022776],[67.72451268957475,34.410062198594],[68.36607314545293,34.64014422635339],[67.89518291512033,34.8785615682468],[67.60684398841728,35.080866035045794],[67.90257707324116,35.41897647960695],[68.61233647681848,35.82763899060434],[69.35166918887819,36.353387200857625],[69.489677961796,36.519932051773],[69.64740227370207,36.12280980983646],[69.98256643650245,35.95541587152402],[70.04109776633763,35.66373847279261],[72.6658148250412,36.4136576324222]]]},"properties":{"name":"Kingdom of Kapisa","role":"land"}},{"type":"Feature","geometry":{"type":"Polygon","coordinates":[[[65.50312218195332,30.55065451550481],[65.4632725558046,30.54109025110833],[64.7918300430142,29.75144755386506],[64.46953763687482,29.7747623284699],[64.01295672817733,29.611445093822386],[63.31465651487533,29.634792373206235],[62.88493330668948,29.86796713516136],[62.85807560617786,30.33268303179034],[62.96550640822432,30.772130306453402],[62.88493330668948,31.09465608340875],[63.04607950975918,31.484826825442166],[63.47580271794503,31.53062294722779],[64.41582223585158,31.690732482580238],[64.42018371450048,31.747312783549557],[65.54760792676015,31.52020708079195],[65.91110074473112,31.39962769946057],[65.51731685859589,30.672906380375785],[65.50312218195332,30.55065451550481]]]},"properties":{"name":null,"role":"land"}},{"type":"Feature","geometry":{"type":"Polygon","coordinates":[[[64.42018371450048,31.747312783549557],[64.49639533738642,32.73598587067424],[65.40955715478135,33.41115749095052],[66.3227189721763,34.058873604621205],[67.1670704575425,34.111316457202435],[67.16952990499314,34.043681652309594],[67.36221972625532,34.04811672021007],[67.42374014796087,34.109578136022776],[67.60721670607305,33.93113190230206],[68.08063467392428,33.82365817785543],[67.84022711212484,33.74373299044811],[67.52214941497476,33.70681929359105],[67.18965515555954,33.49023726173375],[67.20204810371217,33.14943118753633],[67.91027418510205,32.69003061092147],[68.55366269474875,32.28299987820581],[68.70290266337554,32.17642393528566],[68.23145324950411,31.869908054855173],[67.63488336606937,31.629610333003313],[67.375846442999,31.308245758425432],[67.13953706823911,31.180621794495128],[67.14700642881205,31.240739536663426],[66.61815367780407,30.818271983154755],[65.50312218195332,30.55065451550481],[65.51731685859589,30.672906380375785],[65.91110074473112,31.39962769946057],[65.54760792676015,31.52020708079195],[64.42018371450048,31.747312783549557]]]},"properties":{"name":"Kingdom of Zunbil","role":"land"}},{"type":"Feature","geometry":{"type":"MultiPolygon","coordinates":[[[[126.622208,33.23999],[126.330833,33.225548],[126.170532,33.262497],[126.183594,33.352776],[126.31749,33.452774],[126.633614,33.531662],[126.793053,33.550827],[126.941093,33.45388],[126.843048,33.308327],[126.622208,33.23999]]],[[[126.186653,34.351387],[126.10192900000015,34.424995],[126.23887600000012,34.569992],[126.382751,34.471931],[126.346939,34.40470900000014],[126.186653,34.351387]]],[[[128.754425,34.87693800000011],[128.741913,34.781662],[128.604126,34.80915800000014],[128.501923,34.887497],[128.71109000000013,34.976654],[128.754425,34.87693800000011]]],[[[126.501389,37.594437],[126.371918,37.62693800000011],[126.368042,37.790276],[126.51053600000012,37.769989],[126.501389,37.594437]]]]},"properties":{"name":null,"role":"land"}},{"type":"Feature","geometry":{"type":"Polygon","coordinates":[[[125.29374221275593,38.68870123501482],[127.40455916832234,39.07533987637224],[127.95601943443562,38.69407232876482],[128.26961771449336,38.42048735945784],[128.36355600000013,38.625244],[128.641083,38.11721],[128.858002,37.859436],[129.049988,37.685822],[129.066376,37.62443500000012],[129.342468,37.257217],[129.433594,37.058884],[129.427765,36.878876],[129.474976,36.774437],[129.416931,36.616661000000136],[129.450531,36.506386],[129.38192700000013,36.308563],[129.386902,36.036018],[129.583862,35.988884],[129.43942300000015,35.475822],[129.281097,35.30082700000014],[129.237488,35.18990300000013],[129.136932,35.11221300000011],[128.978577,35.084991],[128.73495500000013,35.092766],[128.57275400000015,35.169991],[128.477173,35.05387900000011],[128.451904,34.845543],[128.3355100000001,34.871376],[128.329132,34.949432],[128.1573606657165,34.89371535617285],[128.0412893567349,36.56037232029632],[127.67028700255646,37.209626440108565],[126.66989334083735,37.50845957118826],[126.54749300000015,37.647217],[126.532761,37.762497],[126.44158454762731,37.85020116184802],[126.33825255076913,37.82619938230537],[126.33825255076913,37.67381810708793],[126.20971969078327,37.75405081387224],[126.0525007576778,37.60090597744646],[125.90900710533406,37.51145514126482],[125.74116805504109,37.78495367642107],[125.56173995445515,37.83554800625505],[125.26937392662312,37.48468359585466],[125.18160537193562,37.65644415493669],[125.07696059654499,37.770873628813646],[124.76971724937702,37.93585547085466],[124.69365981529499,38.13954123135271],[124.73619368980671,38.27978094692888],[124.9293547005489,38.46493872280779],[125.26861098716999,38.56758078213396],[125.29374221275593,38.68870123501482]]]},"properties":{"name":"Silla","role":"land"}},{"type":"Feature","geometry":{"type":"Polygon","coordinates":[[[78.54104452261383,27.627746371315755],[80.46023743335213,25.70855346057745],[82.59350096987806,24.781047575131392],[83.98475979804715,24.781047575131392],[84.81951509494861,23.85354168968533],[84.91226568349322,22.740534627150062],[84.726764506404,21.90577933024861],[84.726764506404,20.88552285625795],[85.37910750816609,19.60537489529314],[85.11320784996296,19.442306123930834],[84.90661910484577,19.18141134854021],[84.65877059410359,18.933131777007006],[84.2627287239864,18.45584066982927],[83.9876814217403,18.20749434109392],[83.68471816490437,18.08344992275896],[83.38139632652546,17.710679613310717],[83.07697585533406,17.500392519194506],[82.5464201302364,17.226087175566576],[82.35399917076374,17.085914217192553],[80.27473625626293,19.865266382267286],[80.18468948624727,20.94582762245524],[80.08923507917372,22.09128050733782],[79.43998095936148,22.184031095882432],[77.44770248190667,21.807459590569678],[76.75346749056952,22.3093604247921],[76.81211908998044,22.327460417982696],[77.2826728548419,23.171885892104015],[77.46072022533004,23.615430205845612],[77.44800255600944,24.613683617800216],[76.95201345250683,25.063788946016658],[76.7739660820187,25.833188372015833],[76.92657811386566,26.039050143765124],[76.93929578318624,26.278766129123664],[76.1126472773485,26.32437038227348],[75.83285855229573,26.130428589943318],[75.31143411015191,25.512246701612483],[73.64541942915585,25.155915305420958],[71.67418068446584,25.10986080329285],[71.78949469760963,25.27006901661501],[72.05864828943977,25.877027700289904],[72.4239281640664,26.067147719262994],[72.80843329525227,26.515294670001822],[73.42364150514976,27.030221379970456],[73.63005952305456,27.14044247369888],[74.1173958209184,26.544342617090322],[76.30908035561204,27.045147438940386],[78.54104452261383,27.627746371315755]]]},"properties":{"name":"Hindu kingdoms","role":"land"}},{"type":"Feature","geometry":{"type":"Polygon","coordinates":[[[72.68538098847628,21.68423586591879],[73.45465438934711,21.985883246282082],[74.09053785537617,21.879708488469472],[75.09523373170202,21.997675547334975],[76.04905893074559,22.09197862678035],[76.75346749056952,22.3093604247921],[77.44770248190667,21.807459590569678],[79.43998095936148,22.184031095882432],[80.08923507917372,22.09128050733782],[80.18468948624727,20.94582762245524],[80.27473625626293,19.865266382267286],[82.35399917076374,17.085914217192553],[82.26742080162312,16.857019029814623],[82.23458388756062,16.647302232939623],[82.08141616295124,16.462741457182787],[81.78898147056843,16.32870253201189],[81.59676650474812,16.302877031523607],[81.36909774254109,16.34686430569353],[81.25310042808796,16.225911699492357],[81.0879011483028,15.826792322356127],[80.96311477134968,15.723398767668627],[80.73596480797077,15.837270342070482],[80.45975783775593,15.773146234709642],[80.30021956871296,15.645742975432299],[80.16343215416218,15.39131888027849],[80.08940413902546,15.175155245024584],[80.0870695442989,14.94643362637224],[79.43998095936148,14.94948518940318],[79.06897860518305,15.227736955036999],[79.06897860518305,17.268249903018326],[78.97622801663844,17.63925225719675],[78.04872213119239,17.453751080107537],[75.080703297765,14.392981658135547],[74.52085177973689,14.155057073232983],[74.40150741050984,14.419635378081225],[73.84143355797077,15.390475832182787],[73.57273391197468,16.037927232939623],[73.40928939293171,16.558538042265795],[73.18471275450153,17.51732606198986],[73.06422713707234,18.031716905791185],[72.85335067222859,19.244680010039232],[72.78251174400593,19.94968756313982],[72.75949386070515,20.057649217802904],[72.86443618248249,20.311982713896654],[73.10968306968952,20.687320314604662],[73.11286452720906,20.827090822417162],[72.93113234947468,20.95375784512224],[72.76573470543171,21.150355898100756],[72.68538098847628,21.68423586591879]]]},"properties":{"name":"Chalukyas","role":"land"}},{"type":"Feature","geometry":{"type":"Polygon","coordinates":[[[76.92164753014544,29.387818748901008],[76.93571506865712,29.23307582527246],[78.54104452261383,27.627746371315755],[76.30908035561204,27.045147438940386],[74.1173958209184,26.544342617090322],[73.63005952305456,27.14044247369888],[73.80814663633566,27.23553570540424],[74.48103061591101,27.355127960623182],[74.75018420774116,27.662057622079956],[74.92321151677481,27.440472039804245],[74.80785997741903,27.132925670599676],[75.0577883126899,27.150033895171607],[75.30771664796073,27.406342315261753],[75.53841972667226,27.798195318619655],[75.94215011441749,27.900186848775697],[76.11517742345114,28.307190280665907],[75.73067229226524,28.42560805058289],[75.28849139140144,28.64517542845523],[74.85268517338432,28.895743596274965],[76.92164753014544,29.387818748901008]]]},"properties":{"name":"Chauhans","role":"land"}},{"type":"Feature","geometry":{"type":"Polygon","coordinates":[[[78.34239662748489,32.59394588131141],[76.84296448011251,30.253332299263132],[76.92164753014544,29.387818748901008],[74.85268517338432,28.895743596274965],[74.67328318150398,28.99889134073166],[74.15420125440298,29.485371199877672],[73.82737189289496,29.485371199877672],[73.28906470923468,29.015704941534498],[72.5080342152244,28.983175799542934],[72.49660793031512,29.332878462902446],[72.86299140706373,29.93441371245542],[72.59838111830085,30.356853097370205],[71.70277706402648,30.934738484297277],[71.0310740233207,30.68999686121838],[69.7080225795063,30.304147197553483],[68.03894229654044,30.163459603869622],[67.02421073965739,30.25240867381532],[67.13953706823911,31.180621794495128],[67.375846442999,31.308245758425432],[67.63488336606937,31.629610333003313],[68.23145324950411,31.869908054855173],[68.70290266337554,32.17642393528566],[68.80447432175065,32.24246140479479],[69.1891049044915,32.036413944943995],[69.68362993944399,32.48115699511818],[70.47643991611386,31.989822724674255],[70.62558238697254,31.743161969153125],[70.98666415852516,32.712616862796615],[71.01806257344278,32.9829935511897],[71.09556253093147,32.99413553583542],[71.0484344273573,32.86790632281059],[71.61919741757028,32.637497303553566],[72.55524872151958,32.79116955766777],[73.33148638820924,33.135961983286656],[74.3588597705926,33.1550776253817],[75.18075847649932,32.94457673936321],[76.13964030005715,33.002035962487646],[76.75606432948715,32.75277631946283],[77.25833576087462,33.059457786162575],[77.23298961936057,33.377056710575644],[77.33709185919311,33.3035727765762],[78.34239662748489,32.59394588131141]]]},"properties":{"name":"Hindu kingdoms","role":"land"}}]}