{"type":"FeatureCollection","features":[{"type":"Feature","geometry":{"type":"Polygon","coordinates":[[[33.78049758384968,35.20813711758318],[33.77266601036335,35.12928351040544],[33.92467406700398,34.95322760220232],[33.68582061241413,34.934867464262865],[33.53851226280476,34.94415625210466],[33.48393538902546,34.79579123135271],[33.131392511828196,34.6803356039113],[32.91454604576374,34.635726534087084],[32.91451552818562,34.541259371001146],[32.81665709923054,34.53863867397966],[32.784136805041086,34.625228487212084],[32.60339263389851,34.61473425503435],[32.27109054039265,34.71969565029802],[32.270979914171946,34.81415518398943],[32.19850066612507,34.861388765532396],[32.143721613390696,35.04254492397966],[32.30098632286335,35.016261659819506],[32.48311522911335,35.15294226284685],[32.59698394249226,35.15557440396013],[32.744952234728586,35.11427267666521],[32.81907180259968,35.28174551602068],[32.79511168907429,35.36061056729021],[33.07747939537312,35.31861075039568],[33.37370971153523,35.30648001309099],[33.53904250572468,35.33169516201677],[33.90731719444538,35.436847292143725],[34.21733764122273,35.573566042143725],[34.24465468834187,35.51184424038591],[34.04842666099812,35.40793188687029],[33.78049758384968,35.20813711758318]]]},"properties":{"name":"Cyprus","role":"land"}},{"type":"Feature","geometry":{"type":"MultiPolygon","coordinates":[[[[120.62239364097859,21.92519911404314],[120.57657912681843,21.95050963040056],[120.52810195396687,22.096486650664232],[120.1134367317989,22.641852937895678],[119.96409133384968,23.086133562285326],[119.95028212974812,23.2830081808156],[120.02075484703327,23.619784914214037],[120.6741596643803,24.551345764602157],[120.558868,24.385273],[120.471909,24.193045],[120.4272,24.149998],[120.278702,23.889069],[120.1933140000001,23.781109],[120.11554,23.631386],[120.148331,23.327221],[120.055542,23.153049],[120.049149,23.060829],[120.163879,22.953606],[120.199707,22.786942],[120.328598,22.519444],[120.416901,22.482502],[120.573036,22.366108],[120.674988,22.181938],[120.69555011623473,21.970797727388323],[120.62239364097859,21.92519911404314]]],[[[120.72771726859703,24.626902539736413],[120.85697463463093,24.8092532980031],[120.90708832908835,24.844964321936814],[120.871597,24.73999],[120.72771726859703,24.626902539736413]]]]},"properties":{"name":null,"role":"land"}},{"type":"Feature","geometry":{"type":"Polygon","coordinates":[[[109.42965224693562,18.096622072417162],[108.93858626793171,18.33060225125017],[108.65192702720906,18.482448183257006],[108.56047347496296,19.060296617705248],[108.57689956138874,19.187371813017748],[108.68497756431843,19.295583330351732],[108.87368300865437,19.40395887966814],[109.19816115806843,19.684140764433764],[109.42011550377156,19.659205995757006],[109.44225600670124,19.73547514553728],[109.5503263802364,19.91355665798845],[109.65765670250202,19.901086412627123],[109.91588118980671,19.800006471831225],[110.06061843345906,19.940053545195482],[110.25832656334187,19.940475069243334],[110.61735061119343,20.017461382109545],[110.88536361168171,19.70678290005388],[110.61250594566609,19.47118719692888],[110.4270353646114,19.2294193136281],[110.2987165779903,18.898843370634935],[110.36146834800984,18.765576921660326],[110.26251510093952,18.62562712307634],[110.13131240318562,18.58723600979509],[109.66907027672077,18.41473539944353],[109.42965224693562,18.096622072417162]]]},"properties":{"name":"Hainan","role":"land"}},{"type":"Feature","geometry":{"type":"Polygon","coordinates":[[[106.45149726589356,16.187961290965557],[107.37534490539612,16.691467982144694],[107.69201949547077,16.37142714138689],[107.80916884849812,16.28274305935564],[108.0953474373653,16.25158842678728],[108.23614791343952,16.080380998808764],[108.36306289146687,15.623269640166185],[108.49894240806843,15.36310728665056],[108.78612044761921,15.090558611113451],[108.91776565025593,14.792262636382006],[109.07114699791218,14.170025430876635],[109.10289689687369,14],[107.79168284548578,14],[107.48729038035492,14.913177395392609],[107.4622563210802,14.98827957321677],[106.45149726589356,16.187961290965557]]]},"properties":{"name":"Champa","role":"land"}},{"type":"Feature","geometry":{"type":"Polygon","coordinates":[[[97.41847518394734,16.482848726469896],[97.35199264000202,16.527171693999193],[97.21499160240437,16.93980749722185],[96.98308089683796,17.244233690459154],[96.88161757896687,17.345660768706225],[96.77038100670124,17.332707964140795],[96.73407271812702,16.887960039336107],[96.66289809654499,16.69722708340349],[96.4692488045528,16.512576662260912],[95.71379378746296,16.15521391506853],[95.55232528160359,15.875349603850267],[95.32981399009968,15.677930437285326],[95.22297194908406,15.804764352995775],[95.22019484947468,16.00168951626482],[95.12479690025593,15.995128236967943],[94.97264388511921,15.835991464812182],[94.82800582359577,15.84203966732683],[94.75341323326374,15.93716963406267],[94.81927779625202,16.21047171230974],[94.53972152183796,16.13363607998552],[94.41559890220906,16.076203905302904],[94.3040876717403,15.948904596526049],[94.14435866783406,16.00573881741228],[94.14335921715046,16.215379320341967],[94.3920011849239,16.908359132964037],[94.4648542733028,17.26426275845232],[94.46533492515827,17.6644721853322],[94.42045882652546,18.140813432890795],[94.2441450107481,18.58690895858004],[95.60483345670862,18.860091120766675],[96.69927277139946,19.124266127761025],[97.00836514269545,19.198874631177297],[97.44394394179481,19.10207934248855],[97.73432980786106,18.37611467732294],[97.41847518394734,16.482848726469896]]]},"properties":{"name":"Mon state","role":"land"}},{"type":"Feature","geometry":{"type":"Polygon","coordinates":[[[96.69927277139946,19.124266127761025],[95.60483345670862,18.860091120766675],[94.2441450107481,18.58690895858004],[94.05371383140827,19.061149202544115],[93.9655866951778,19.194356523711107],[94.29809705941052,22.29632386921722],[94.878868791543,22.68350502397221],[95.45964052367549,22.731902668316586],[95.89521932277485,22.63510737962784],[96.47599105490734,21.76394978142911],[96.69927277139946,19.124266127761025]]]},"properties":{"name":"Pyu state","role":"land"}},{"type":"Feature","geometry":{"type":"Polygon","coordinates":[[[37.89511991723812,18.56012241001322],[37.07907389023707,17.094748381529282],[35.32767061354656,15.422954344688346],[34.45196897520131,16.457874462732732],[33.81509505640476,16.776311422131005],[32.38212873911253,16.696702182281438],[31.66564558046642,16.61709294243187],[31.18799014136901,16.219046743184027],[30.78994394212117,15.502563584537913],[29.45340165386746,17.829544899145432],[28.612697221302753,20.56183430498075],[29.344724201269283,24.0279744911095],[30.818889214610202,23.659433237774273],[32.51417897995226,23.73314148844132],[35.189864191515696,24.39991911526384],[35.45345977257038,24.152688585478685],[35.65656951378132,23.994273744780443],[35.72469619224812,23.91181906338396],[35.61630156944538,23.835347734648607],[35.48792937706257,23.790595613676928],[35.468489679796946,23.720668398100756],[35.575850519640696,23.231660448271654],[35.74630263756062,22.914340578276537],[36.1113615364864,22.64825590725603],[36.29022124717976,22.572381578642748],[36.47324660728718,22.337684236723803],[36.66042998741413,22.166537843901537],[36.90349868248249,21.728648744780443],[37.12776854942585,21.227176271635912],[37.165026901698354,20.76426918196936],[37.25457290123249,19.651727281767748],[37.39818480919148,18.91500052090349],[37.47998717735554,18.819871507841967],[37.89511991723812,18.56012241001322]]]},"properties":{"name":"Makkura","role":"land"}},{"type":"Feature","geometry":{"type":"Polygon","coordinates":[[[30.78994394212117,15.502563584537913],[31.18799014136901,16.219046743184027],[31.66564558046642,16.61709294243187],[32.38212873911253,16.696702182281438],[33.81509505640476,16.776311422131005],[34.45196897520131,16.457874462732732],[35.32767061354656,15.422954344688346],[35.500149928054235,14],[30.471506982722893,14],[30.471506982722893,14.308424986794389],[30.78994394212117,15.502563584537913]]]},"properties":{"name":"Alwa","role":"land"}},{"type":"Feature","geometry":{"type":"Polygon","coordinates":[[[39.20794204185749,16.326509081084154],[39.517928156359446,15.46304854031267],[39.79644683311726,15.088771425444506],[39.88854125450398,15.18427427883806],[39.85619262169148,15.400236688811205],[39.89788344810749,15.50198610897722],[40.03721145103718,15.387916170317553],[40.217452082140696,15.083317362028978],[40.38988402794148,14.90578707333269],[40.739138636095774,14.919243417937182],[40.63650937235158,14],[37.32277482651148,14],[39.20794204185749,16.326509081084154]]]},"properties":{"name":"Axum","role":"land"}},{"type":"Feature","geometry":{"type":"Polygon","coordinates":[[[35.189864191515696,24.39991911526384],[32.51417897995226,23.73314148844132],[30.818889214610202,23.659433237774273],[29.344724201269283,24.0279744911095],[28,24.100068150465237],[28,30.998851531998802],[28.517182383044013,30.961799226958178],[28.966422113878973,30.784841142851732],[29.248847040636786,30.753661714751146],[29.359381708605536,30.81107100125017],[29.683102640612372,31.05317076321306],[30.099139246447333,31.231925569731615],[30.47605613182331,31.31528814907732],[30.827059778673895,31.43673666592302],[30.995955500109442,31.468850694853685],[31.151381525500067,31.443749986845873],[31.392270121081122,31.444261156279467],[31.71741584251667,31.38775213833513],[31.808123621447333,31.178281389433764],[32.07651046226765,31.013650499541185],[32.30937865684773,31.084018312651537],[32.59724334190632,30.963901125151537],[32.76873305748249,30.95155295010271],[33.02139190147663,31.132072054106615],[33.12956527183796,31.051686845976732],[33.557601007921946,30.967715822417162],[33.70960906456257,30.99570997830095],[33.916968378527415,31.070052705962084],[34.19527724693562,31.23814161892595],[34.50065902183796,31.621099077422045],[34.59913543175007,31.817897402007006],[34.758502039416086,32.300719820219896],[34.84289077232624,32.670699678618334],[34.956587824328196,32.704818330962084],[34.97200683067585,32.938407503325365],[35.088973078234446,33.069259248930834],[35.13231185386921,33.23151739712419],[35.20838836143757,33.33358725186052],[35.356089624865305,33.63978155728044],[35.34855941246296,33.74446829434099],[35.42986586998249,33.74446829434099],[35.49185088585163,33.83082541104021],[35.532080683214915,34.118705354887865],[35.7162084908321,34.312369905669115],[35.82100585411335,34.343776308257006],[35.873065027697336,34.422286592680834],[35.7507543892696,34.74680670376482],[35.80885222862507,35.01379736538591],[35.841380152209055,35.04263266201677],[35.796431574328196,35.270717226225756],[35.60734084556843,35.41754492397966],[35.7331762642696,35.58536108608904],[35.739504847033274,35.690265260893725],[35.85594466636921,35.83450277920427],[35.71850493858601,36.09155615444841],[35.70863250206257,36.21223410244646],[36.09526351402546,36.48246344204607],[36.0824308724239,36.62153204556169],[35.95679381798054,36.74749334927263],[35.89087584923054,36.77111395474138],[35.67174056480671,36.60578497524919],[35.56761458824421,36.58741720791521],[35.49458983848835,36.443099580962084],[35.22052672813679,36.38800390835466],[35.07137206505085,36.4877086507863],[34.66238311241413,36.64777334805193],[37.34925784721369,38.83410556275771],[40.6289667242533,39.883612403410396],[41.2777620965858,41.28002979187384],[41.52111342857624,41.46583517666521],[41.666113886339915,41.729152284819506],[41.68046859215046,41.79333838101091],[43.361727296702725,41.32052112179959],[44.04926667709765,41.127165700318066],[45.761100353084615,40.645749898743766],[46.829363867475664,40.3453241370081],[48.237891318985234,39.949206580951184],[48.95942727193395,40.14598911357356],[48.63145638422998,41.19549595422624],[49.08690174463439,41.452765992874305],[49.24352935264851,41.29340323086443],[49.28607848594929,41.05938299771013],[49.34990218590046,40.95301016445818],[49.477549585802805,40.83600195522966],[49.60519698570515,40.76153906460466],[49.60519698570515,40.68707617397966],[49.80730346153523,40.58070334072771],[50.0200529427364,40.6019779073781],[50.190249475939524,40.570067964751146],[50.42426970909382,40.410506807524584],[50.4668188423946,40.26158484097185],[50.30725768516804,40.32540854092302],[50.12642577598835,40.34668310757341],[49.913680109484446,40.32540854092302],[49.849856409533274,40.27222403164568],[49.66902068565632,40.24031027432146],[49.57328322838093,40.17648657437029],[49.54137328575398,39.87864264126482],[49.445635828478586,39.655257784087084],[49.403086695177805,39.48506125088396],[49.498824152453196,39.378688417632006],[49.48818496177937,39.29359015103044],[49.33926299522663,39.282950960356615],[49.27543929527546,39.017020784575365],[49.179705652697336,39.14466818447771],[49.041419062121165,39.14466818447771],[49.020144495470774,39.00638159390154],[49.05205825279499,38.9319225179738],[48.945681604845774,38.83618506069841],[48.988230738146555,38.719176851469896],[48.824954065783274,38.30957754727068],[48.809187921984446,37.98856695767107],[48.74478057335163,37.727016054350756],[48.837229761584055,37.51097448940935],[49.05953124473835,37.39755972500505],[49.475806269152415,37.291610323149584],[49.84801391075398,37.268214784819506],[50.038714441759836,37.22470434780779],[50.25221160362507,36.89478644009294],[50.56095412681843,36.686427675444506],[51.41704085777546,36.45569189663591],[51.79552367637898,36.43234976406755],[51.993052515490305,36.45890387173357],[52.60216430137898,36.57688101406755],[53.139014276964915,36.64352758999529],[53.79965499351765,36.67903860684099],[53.98448852012898,36.781913362700365],[54.06743911216999,36.94152411099138],[54.86755273069272,36.805650524911364],[61.106987527332436,38.69900562828148],[61.452259631589584,39.27445913537674],[61.276375378160836,39.69658134360576],[60.87680612449434,40.65554755240535],[59.72589911030383,41.80645456659586],[58.69008279753237,42.72718017794827],[58.69008279753237,44.108268594976884],[61.452259631589584,45.25917560916739],[63.5238922571325,45.02899420632929],[64.55970856990398,44.108268594976884],[67.20679470254214,41.69136386517681],[68.58788311957075,40.65554755240535],[69.96897153659937,40.5404568509863],[70.88969714795176,41.0008196566625],[71.69533205788512,40.88572895524346],[73.19151117633278,39.96500334389104],[73.19151117633278,37.317917211252876],[73.65187398200901,35.24628458570996],[72.84855423490407,33.34569850268744],[72.2707855649804,32.36901705023369],[72.0406041621423,30.182293723271712],[69.73987936422729,26.383799530428668],[68.86453405136173,24.48087493724264],[68.0721769661739,23.67518766995134],[68.04699996422077,23.764070116240404],[67.69232467125202,23.814155183989428],[67.48602584312702,23.928060136992357],[67.31589034508015,24.092885576445482],[67.2042341561153,24.588166795927904],[67.1535978646114,24.65159186001482],[66.99953750084187,24.714782320219896],[66.70171645591999,24.752278886992357],[66.65421584556843,24.783935152251146],[66.64811232994343,24.90462454434099],[66.70050338218952,25.114379488188646],[66.62050918052937,25.31748541470232],[66.43233016441609,25.488610826689623],[66.30008986900593,25.494687639433764],[65.76880172203327,25.309339128691576],[65.21567061851765,25.270059190947435],[64.85119155357624,25.20576437588396],[64.42497542808796,25.173116289336107],[64.23826125572468,25.210826479155443],[64.05922225425984,25.401034914214037],[63.650332483752024,25.336646639067553],[63.40352538536335,25.164601885039232],[63.01806167076374,25.15743979092302],[62.44957259605671,25.16259916897478],[61.8132658333614,25.053256593901537],[61.34399321983601,25.026860796172045],[60.85827544639851,25.095714174467943],[60.7522306771114,25.18442877407732],[60.479590448839915,25.29820593472185],[60.29817870567585,25.323236070830248],[59.654585871203196,25.321876131255053],[59.30209258507038,25.340196214873217],[59.03145888756062,25.307866655547045],[58.74442580650593,25.535960756499193],[58.36867812584187,25.54787977810564],[57.900454554064524,25.540891252715014],[57.805090937121165,25.64833029385271],[57.464880976183665,25.704793535429857],[57.32798293541218,25.787087999541185],[57.254771265490305,25.793286882597826],[57.24507049034382,26.01846274014177],[57.112402948839915,26.076190553862475],[57.06634047935749,26.307468019682787],[56.93497756431843,26.464543901640795],[56.929087671740305,26.75186689968767],[56.79043105552937,26.97391279812517],[56.683550867541086,26.968356691557787],[56.66781905601765,27.04989584561052],[56.43094924400593,27.106566988188646],[55.89973357628132,27.104804598051928],[55.8053198189571,27.005092226225756],[55.42489913414265,26.963107668120287],[55.34008696983601,26.79935225125017],[55.098128351671946,26.73744162197771],[54.92553237388874,26.53802641506853],[54.75987533043171,26.41062506313982],[54.64605620811726,26.39131888027849],[54.064944300158274,26.70138319607439],[53.63393691490437,26.74793966885271],[53.380679163439524,26.9095893728322],[52.89083388756062,27.05232390042009],[52.77987197349812,27.18784865017595],[52.63377669761921,27.314601503569506],[52.41038802574421,27.580957018095873],[51.961550745470774,27.776948534209154],[51.611304316027415,27.82704123135271],[51.350134882433665,28.03613432522478],[50.796755823595774,29.01329382534685],[50.702456507189524,29.133781038481615],[50.704722437365305,29.400607668120287],[50.359839472277415,29.74293478604021],[50.13237288902546,30.06642874355974],[49.71784881065632,30.002053819853685],[49.51097396324421,30.020675264555834],[49.45236495445515,30.07772596951189],[49.321360620959055,30.102862917143725],[49.235083612902415,30.223380647856615],[49.22222808311726,30.47745855923357],[49.02017119835163,30.43257101650896],[48.945723566515696,30.387942873198412],[48.80132964561726,30.08272513027849],[48.713843378527415,29.99996145840349],[48.51058486412312,29.993188463408373],[48.21184829185749,29.948093019682787],[48.028277430041086,29.973121248442553],[47.911360773546946,29.890292726714037],[47.99603179405476,29.490258775908373],[47.84490874717976,29.50315436001482],[47.61403945396687,29.272241197783373],[47.80355742882038,29.184920870024584],[47.99150756309773,29.277490221220873],[48.1290617317989,29.268191896635912],[48.462683710558665,28.385850511748217],[48.58751204918171,28.093883119780443],[48.75173858116413,27.871879183012865],[48.85502150963093,27.522691332060717],[49.13191131065632,27.53597220059099],[49.243506464464915,27.479030214507006],[49.151927027209055,27.372457109648607],[49.321604761584055,27.161550127226732],[49.427317652209055,27.131045900542162],[49.532542261584055,27.009526811797045],[49.93138411949421,26.9341255056447],[50.12176421592976,26.737586580473803],[50.09017470787312,26.61149176235857],[49.983958277209055,26.59574469204607],[49.93417266319538,26.48306807156267],[50.07624724815632,26.311841570097826],[49.9919767708614,26.04484137173357],[49.93686202476765,25.955783449370287],[50.01140502403523,25.835229479033373],[50.14689162681843,25.535644136626146],[50.21432403038288,25.588124834257982],[50.38191894005085,25.461173616606615],[50.429209742052805,25.18402250881853],[50.61889556358601,24.870853029448412],[50.606543573839915,24.68021734829607],[50.77828124473835,24.47092970486345],[50.968333277209055,24.436244569975756],[50.96494582603718,24.712745271880053],[50.89617827842976,24.909551225859545],[50.8473234505489,25.265224062163256],[50.93111327598835,25.538573824126146],[51.01538756798054,25.588124834257982],[50.988955530627024,25.67209395046892],[51.06882766197468,25.945460878569506],[51.21702102134968,26.066470705229662],[51.35766509483601,26.02896078701677],[51.388796839220774,25.887261949736498],[51.50592711876179,25.845275484282396],[51.586672815783274,25.60911902065935],[51.53905394981648,25.420184694487475],[51.55285552452351,25.10153158779802],[51.606150660021555,24.98728712673845],[51.558917078478586,24.815652452666185],[51.287825617296946,24.410777651030443],[51.2914152474239,24.28136786099138],[51.45416930626179,24.218226991850756],[51.52285293052937,24.160663210112475],[51.60644057701374,24.202647768217943],[51.58590224693562,24.003221117216967],[51.764571222765696,24.00286444302263],[51.94559768150593,23.945495210844896],[52.25463775108601,23.987481676298998],[52.3010473580196,24.081946932036303],[52.38302901695515,24.10818251248064],[52.48116210411335,24.055703722197435],[52.671649012072336,24.074679933745287],[52.93944076011921,24.02441557522478],[53.0757055611446,24.087190233427904],[53.68676284263874,23.987481676298998],[54.01652816246296,24.05045660610857],[54.107520136339915,24.10293348904314],[54.27599242637898,24.109820924956225],[54.34709838341023,24.154452882964037],[54.48741439293171,24.34434279080095],[54.59216216514851,24.37732847805681],[54.77081969688679,24.73348196621599],[55.09080031822468,25.02003630276384],[55.457198175890696,25.420184694487475],[55.53048613975788,25.37295492764177],[56.01545623253132,25.771625124174975],[56.29730895469929,26.15973051663103],[56.36705306480671,26.23611982937517],[56.40502837608601,25.861381136137865],[56.16130736778523,25.47334440823259],[56.36601928184773,25.454724870879076],[56.406260523302805,25.308688722807787],[56.40537551353718,24.8195072042531],[56.610796961291086,24.47688253994646],[56.79418853233601,24.26761397000017],[57.146197351916086,23.9824710714406],[57.45101455162312,23.805223070341967],[57.90421584556843,23.571113191801928],[58.08071807335163,23.501605592924975],[58.46465590904499,23.50877150173845],[58.62849334190632,23.4582954275197],[59.02163604210163,23.020764909941576],[59.25432113121296,22.72900541897478],[59.46142104576374,22.538865648466967],[59.82569030235554,22.37445219631853],[59.837283167345774,22.279178224760912],[59.53569320152546,21.8020511495656],[59.25884917686726,21.47744711514177],[58.86135390709187,21.11447676296892],[58.51204970787312,20.421229921538256],[58.403086695177805,20.357472978789232],[58.15044692466999,20.39505537625017],[58.04437163780476,20.43295057888689],[57.93127349327351,20.400937639433764],[57.80608275841023,20.171960436064623],[57.77755263756062,19.669990144926928],[57.778426203234446,19.31421049709978],[57.83862975548054,19.03480681057634],[57.65703490684773,18.970885835844896],[57.18620971153523,18.938108049590014],[56.90431121300007,18.81680067654314],[56.73888686607624,18.689376436430834],[56.608599695666086,18.466741167265795],[56.549361261828196,18.218829714018725],[56.4575529427364,18.09156187649431],[56.2575903267696,17.97677382107439],[56.01284316490437,17.93178518887224],[55.70811751793171,17.95018347378435],[55.561072382433665,17.937171541411303],[55.38948729942585,17.8097415792531],[55.290408167345774,17.676099382597826],[55.23443511436726,17.44726141567888],[55.23563674400593,17.28843458767595],[55.19483855675007,17.148564897734545],[54.91061309288288,16.97005995388689],[54.756079706652415,16.95067175503435],[54.40687468956257,17.045220934111498],[54.08425811241413,17.01911886807146],[53.681250605089915,16.897540651518725],[53.33573440025593,16.763379656035326],[52.894324335558665,16.60995253201189],[52.65216735313679,16.488719545561693],[52.35659697960163,16.233945451933764],[52.23764327476765,16.10025557156267],[52.16285613487507,15.871372781950853],[52.135169062121165,15.687059961516283],[51.95041182945515,15.540526949126146],[51.312563929064524,15.246890627104662],[50.29111770103718,14.958784662444017],[49.71286300133015,14.773288332182787],[49.33384993980671,14.632695757109545],[49.17317870567585,14.498915277678392],[48.96038726280476,14.21889742489519],[48.76460174034382,14.097749315459154],[48.536746057970774,14.046437822539232],[48.270144495470774,14.077626787382982],[48.0361662239864,14.045357309538744],[47.950421340160844,14],[43.255863968471914,14],[43.2069425911739,14.079471193510912],[43.05326369713093,14.60650786038103],[42.79587844322468,15.47008093472185],[42.763525995714915,15.666981302458666],[42.88387969444538,15.984922014433764],[42.81439879844929,16.40412863369646],[42.76366332481648,16.64545591946306],[42.53529265831257,17.07066687222185],[42.206519159777415,17.514735780913256],[42.009444269640696,17.736680589873217],[41.628558191759836,18.047204576689623],[41.39917663048054,18.440644823271654],[41.033022913439524,19.28490790005388],[40.81975844810749,19.68472059841814],[40.69382003258015,19.868707262236498],[40.336348566515696,20.096686922270678],[39.76407912681843,20.40679510708513],[39.526900324328196,20.692212663847826],[39.16673949669148,21.218801103789232],[39.10333922813679,22.0001655447072],[39.1021948189571,22.400445543486498],[39.05560210655476,22.571889482695482],[38.91509536216999,22.87021406765642],[38.490122827990305,23.612683855254076],[38.329417261584055,23.83471830959978],[37.988421473009836,24.11356123562517],[37.78184798668171,24.214786134917162],[37.55722335289265,24.27148588772478],[37.41881087730671,24.398265443999193],[37.201453241808665,24.65831335659685],[37.26854232261921,24.969781480986498],[37.21826842735554,25.166631303984545],[37.00525573204304,25.534686647612475],[36.669295343859446,26.016835771757982],[36.31222442100788,26.42269667263689],[35.831072840197336,27.095153413969896],[35.59481337974812,27.51398619290056],[35.43649581383015,27.72965582485857],[35.111590418322336,28.072061144072435],[34.76388076256062,28.096747957426928],[34.798899683459055,28.230243288237475],[34.88559249351765,28.357480608183764],[35.025679621203196,28.948632799345873],[35.09547332237507,29.342677675444506],[35.0733976692989,29.418868623930834],[34.98467925499226,29.46721991177263],[34.76433471153523,29.24668654080095],[34.54894927452351,28.731626115996264],[34.398840937121165,28.095985017973803],[34.32201293419148,27.828979097563646],[34.24119857261921,27.75892027493181],[34.0580053658321,27.79031332607927],[33.85604384849812,28.024955354887865],[33.50405791710163,28.329183183867357],[33.33074096153523,28.551192842680834],[33.17847350548054,28.995608888823412],[32.94378188560749,29.19842108364763],[32.81360534141804,29.477700792509935],[32.73727706383015,29.693547807890795],[32.647959742052805,29.85220106716814],[32.43838027427937,29.775519930083178],[32.318491968615305,29.54019697781267],[32.59057525108601,28.93719633694353],[32.64934447716023,28.765781007964037],[32.934676203234446,28.37882574673357],[33.35421660850788,27.90954741116228],[33.566939386828196,27.36995085354509],[33.80406478355671,26.93206938381853],[33.928809198839915,26.56382330532732],[34.10422042320515,26.354524217802904],[34.514842066271555,25.573916994292162],[34.99740127037312,24.71719893093767],[35.189864191515696,24.39991911526384]]]},"properties":{"name":"Abbasid Caliphate","role":"land"}},{"type":"Feature","geometry":{"type":"MultiPolygon","coordinates":[[[[68.0721769661739,23.67518766995134],[68.86453405136173,24.48087493724264],[69.73987936422729,26.383799530428668],[72.0406041621423,30.182293723271712],[72.2707855649804,32.36901705023369],[72.84855423490407,33.34569850268744],[76.75970453702153,33.18387536469871],[76.75932292032338,31.908654244557475],[77.10459502458055,31.333200737462224],[77.56495783025674,31.103019334624125],[78.48568344160915,30.527565827528864],[79.0611369487044,28.801205306243105],[79.14818133348803,28.336681312199808],[77.06013118879203,29.420755243488284],[72.62766425774089,28.366551993013818],[74.1173958209184,26.544342617090322],[76.10516385314365,26.99855206169772],[72.26562547084175,24.223124794410293],[70.3806486458614,22.860560976225756],[70.31022170494343,22.82864340420427],[70.04594710777546,22.777261339384935],[69.66488936851765,22.789163194853685],[69.10719588707234,22.898904405791185],[68.79081252525593,23.028724275786303],[68.37294295738484,23.326415621001146],[68.0721769661739,23.67518766995134]]],[[[79.0477855784419,27.760018565682024],[79.2465183230073,27.81189282357719],[79.28046073820109,27.630754588038034],[79.0477855784419,27.760018565682024]]]]},"properties":{"name":"Hindu states","role":"land"}},{"type":"Feature","geometry":{"type":"Polygon","coordinates":[[[70.3806486458614,22.860560976225756],[72.26562547084175,24.223124794410293],[73.91520626221168,23.111399465707596],[72.6930851549148,22.104650299819557],[72.69562056968952,22.12853582974138],[72.31904891441609,22.11503180142107],[72.23298171470906,22.019551836211107],[72.12713912437702,21.828742586333178],[72.13103774498249,21.746179186064623],[72.25569442222859,21.632083498198412],[72.28899672935749,21.54956968899431],[72.25619796226765,21.352563463408373],[72.1208601326778,21.155339800078295],[71.89442733238484,20.989677034575365],[71.52892592857624,20.823730074126146],[71.30259231041218,20.772426210600756],[71.0244474739864,20.657476030547045],[70.85505202720906,20.650762163359545],[70.46747878502156,20.77700003262224],[70.20994857261921,20.94797857876482],[69.75222304771687,21.398070894438646],[69.12606337974812,21.96850737209978],[68.8941755623653,22.285655580717943],[69.01423171470906,22.30496748562517],[69.49224379966999,22.24880941982927],[69.76916793297077,22.287507616240404],[69.96852401207234,22.35145720120134],[70.17620376060749,22.478955827910326],[70.41056350181843,22.752622209746264],[70.3806486458614,22.860560976225756]]]},"properties":{"name":"Vallabhi","role":"land"}},{"type":"Feature","geometry":{"type":"Polygon","coordinates":[[[79.02892958909884,14],[78.99063188711358,15.148931059557563],[78.94604624728534,16.486500254404653],[78.71586484444724,17.522316567176112],[78.94604624728534,19.01849568562378],[78.83095554586629,20.39958410265239],[84.90316249640829,22.849772872169332],[84.91226568349322,22.740534627150062],[84.726764506404,21.90577933024861],[84.726764506404,20.88552285625795],[85.37910750816609,19.60537489529314],[85.11320784996296,19.442306123930834],[84.90661910484577,19.18141134854021],[84.65877059410359,18.933131777007006],[84.2627287239864,18.45584066982927],[83.9876814217403,18.20749434109392],[83.68471816490437,18.08344992275896],[83.38139632652546,17.710679613310717],[83.07697585533406,17.500392519194506],[82.5464201302364,17.226087175566576],[82.35399917076374,17.085914217192553],[82.26742080162312,16.857019029814623],[82.23458388756062,16.647302232939623],[82.08141616295124,16.462741457182787],[81.78898147056843,16.32870253201189],[81.59676650474812,16.302877031523607],[81.36909774254109,16.34686430569353],[81.25310042808796,16.225911699492357],[81.0879011483028,15.826792322356127],[80.96311477134968,15.723398767668627],[80.73596480797077,15.837270342070482],[80.45975783775593,15.773146234709642],[80.30021956871296,15.645742975432299],[80.16343215416218,15.39131888027849],[80.08940413902546,15.175155245024584],[80.0870695442989,14.94643362637224],[80.16166213463093,14.254099451262377],[80.16731557037104,14],[79.02892958909884,14]]]},"properties":{"name":"Hindu states","role":"land"}},{"type":"Feature","geometry":{"type":"Polygon","coordinates":[[[78.83095554586629,20.39958410265239],[78.94604624728534,19.01849568562378],[78.71586484444724,17.522316567176112],[78.94604624728534,16.486500254404653],[78.99063188711358,15.148931059557563],[79.02892958909884,14],[74.59079397930536,14],[74.40150741050984,14.419635378081225],[73.84143355797077,15.390475832182787],[73.57273391197468,16.037927232939623],[73.40928939293171,16.558538042265795],[73.18471275450153,17.51732606198986],[73.06422713707234,18.031716905791185],[72.97611020320149,18.538566210781177],[72.85335067222859,19.244680010039232],[72.78251174400593,19.94968756313982],[72.75949386070515,20.057649217802904],[72.88083899016083,20.337086357612478],[75.03296239903761,20.51467480407144],[78.83095554586629,20.39958410265239]]]},"properties":{"name":"Rashtrakuta state","role":"land"}},{"type":"Feature","geometry":{"type":"Polygon","coordinates":[[[102.42454933677173,24.88812145799538],[104.03581915663845,26.38430057644304],[104.84145406657181,26.039028472185887],[105.30181687224801,26.039028472185887],[106.22254248360042,26.61448197928114],[108.75453791481954,26.154119173604936],[108.29417510914332,24.31266795090012],[108.52435651198144,23.85230514522392],[108.40926581056239,23.161760936709612],[107.25835879637188,22.701398131033407],[105.76217967792421,21.89576322110005],[104.6112726637337,20.284493401233338],[104.37053248094891,19.482026125283994],[102.07927723251458,19.824130595557133],[100.69818881548598,19.47885849129998],[100.12273530839072,20.169402699814288],[100.35291671122881,20.744856206909542],[101.42947309529906,21.975206360132667],[101.96418653109554,22.586307429614358],[102.42454933677173,24.88812145799538]]]},"properties":{"name":"Nan Chao","role":"land"}},{"type":"Feature","geometry":{"type":"Polygon","coordinates":[[[97.97914412925984,14.23516710873308],[99.77746320413357,14.990321135956993],[100.58309811406691,14.990321135956993],[101.27364232258122,14.41486762886174],[101.11716262378073,14],[98.06667771307889,14],[97.97914412925984,14.23516710873308]]]},"properties":{"name":"Dvaravati","role":"land"}},{"type":"Feature","geometry":{"type":"Polygon","coordinates":[[[107.48729038035492,14.913177395392609],[107.79168284548578,14],[103.40146753945078,14],[104.72636336515275,14.52995833028079],[107.48729038035492,14.913177395392609]]]},"properties":{"name":"Chen-La","role":"land"}},{"type":"Feature","geometry":{"type":"Polygon","coordinates":[[[106.45149726589356,16.187961290965557],[107.4622563210802,14.98827957321677],[107.48729038035492,14.913177395392609],[104.72636336515275,14.52995833028079],[103.40146753945078,14],[101.11716262378073,14],[101.27364232258122,14.41486762886174],[100.58309811406691,14.990321135956993],[99.77746320413357,14.990321135956993],[97.97914412925984,14.23516710873308],[97.82298568199421,14.616008363921068],[97.74229720543171,15.009702287871264],[97.6640730233028,15.790937029082201],[97.61144545982624,16.095754228789232],[97.59611037681843,16.34982069607439],[97.57322219322468,16.44506987209978],[97.41847518394734,16.482848726469896],[97.73432980786106,18.37611467732294],[97.44394394179481,19.10207934248855],[97.00836514269545,19.198874631177297],[96.69927277139946,19.124266127761025],[96.47599105490734,21.76394978142911],[95.89521932277485,22.63510737962784],[95.45964052367549,22.731902668316586],[94.878868791543,22.68350502397221],[94.29809705941052,22.29632386921722],[93.9655866951778,19.194356523711107],[93.83903792808796,18.952691637236498],[93.69466689537312,19.009553514677904],[93.45794204185749,19.174213014799975],[93.67500594566609,19.250913225371264],[93.81499770591999,19.257560335356615],[93.72381881187702,19.5940376150197],[93.33432296226765,20.025172792632006],[93.24848464439656,20.037692629057787],[93.06563094566609,19.99283369656267],[92.89442733238484,20.113166414458178],[92.93328383873249,20.31016882534685],[92.92148116539265,20.37367209072771],[92.82709792564656,20.424287401396654],[92.66279128502156,20.404885851103685],[92.4033537239864,20.61396177883806],[92.17629531334187,20.886634432036303],[91.94604781578327,21.36257895107927],[91.84590438316609,21.908670030791185],[91.6517870269344,22.356924150680594],[92.98711182040957,24.08248654806202],[93.41314187588453,24.246344261706238],[94.48329093885722,24.657940055157276],[97.93601198142875,24.88812145799538],[98.39637478710496,24.42775865231917],[98.2812840856859,22.586307429614358],[99.4321910998764,21.89576322110005],[101.42947309529906,21.975206360132667],[100.35291671122881,20.744856206909542],[100.12273530839072,20.169402699814288],[100.69818881548598,19.47885849129998],[102.07927723251458,19.824130595557133],[104.37053248094891,19.482026125283994],[104.26600055947655,19.13358638704283],[104.3810912608956,18.327951477109472],[105.41690757366706,17.407225865757063],[106.45149726589356,16.187961290965557]]]},"properties":{"name":"Rajput Clans and Small States","role":"land"}},{"type":"Feature","geometry":{"type":"Polygon","coordinates":[[[127.67152694175984,39.86643561001482],[127.55238631675984,39.764159761626146],[127.44079879234577,39.623656831938646],[127.2768888802364,39.22168692227068],[127.40455916832234,39.07533987637224],[127.95601943443562,38.69407232876482],[128.26961771449336,38.42048735945783],[128.4510603279903,38.255424104887865],[128.9809217781856,37.53040655728044],[129.12926772545123,37.30785711880388],[129.24999526451373,37.008876405913256],[129.25080398033404,36.671527467924975],[129.23533156822467,36.24512442227068],[129.17754653404498,35.958697878081225],[129.24174025963092,35.90793951626482],[129.46677688072467,35.92748602505388],[129.4122419686153,35.74289663906755],[129.28525832603717,35.50729712124529],[129.0600233406856,35.169784151274584],[128.97818684994573,35.089154494240915],[128.91775039146685,35.02960928555193],[128.80851272056842,35.01031073208513],[128.55295852134967,35.105163179594896],[128.37973462296088,35.00482007157996],[128.32027994049614,34.94809832777141],[128.16448501060748,34.799464784819506],[127.97069838951374,34.83716543789568],[127.91561994663591,34.880016957016174],[127.86763354498882,34.917350804893196],[127.66134178330505,34.905539437987514],[127.63839835190437,34.90132283250682],[127.57686679533917,34.88631382510549],[127.35909560631062,34.80417975063982],[127.22625581501744,34.71084916264209],[126.99213664327883,34.54636170186553],[126.8341537115979,34.435366044887694],[126.67125902453992,34.4141966464544],[126.5012152661373,34.33095713564836],[126.4095793099239,34.26900442715349],[126.38093239964809,34.54690151703139],[126.35425670700678,34.694227683117724],[126.28663924644734,34.98607977505388],[126.22541335533406,35.163993440825365],[126.3003034920528,35.36765249844255],[126.52496521538974,35.57886889361113],[126.52485732813734,35.66881881142103],[126.52477553795124,35.73701056118669],[126.614151,35.90496600264501],[126.62166502485908,35.943552890735525],[126.60686019371296,35.99163397427263],[126.43670180748249,36.13125952358904],[126.3938322396114,36.26479300137224],[126.39824398788753,36.40139591354638],[126.3706402401706,36.591604967449406],[126.33410464308294,36.639458179397025],[126.29298233681446,36.65750336499373],[126.2354500571956,36.68274953325933],[126.13793104196321,36.697468880075334],[125.96027663658406,36.722125612456225],[126.18617484286975,36.86416048480286],[126.3118464811895,36.928765394084934],[126.35740194431817,36.945899436177434],[126.47708887533084,36.9232962514529],[126.5069960868761,36.911072192170614],[126.68535140465046,36.8381725179738],[126.79735306470363,36.944461181079404],[126.79267884224022,37.01313652508003],[126.766668376449,37.096835213886784],[126.73009938646892,37.139480753472846],[126.65946741158328,37.221849412893484],[126.44296554039265,37.47432669277849],[126.39749561396027,37.5988751948043],[126.37168006407177,37.62979709104956],[126.20971969078327,37.75405081387224],[126.0525007576778,37.60090597744646],[125.90900710533406,37.51145514126482],[125.74116805504109,37.78495367642107],[125.56173995445515,37.83554800625505],[125.26937392662312,37.48468359585466],[125.18160537193562,37.65644415493669],[125.07696059654499,37.770873628813646],[124.76971724937702,37.93585547085466],[124.69365981529499,38.13954123135271],[124.73619368980671,38.27978094692888],[124.9293547005489,38.46493872280779],[125.26861098716999,38.56758078213396],[125.29374221275593,38.68870123501482],[125.02792647789265,38.81562002773943],[125.21087935875202,39.211165987212084],[125.29609206627156,39.36432608242693],[125.20653823326374,39.485282503325365],[124.92233565758015,39.61860617275896],[124.68842605064656,39.60537680264177],[124.54809096763874,39.541339479643725],[124.44284347008015,39.57300528164568],[124.20898726890827,39.738326631743334],[124.14974443422744,39.821007217304334],[126.70868733619149,39.96500334389105],[127.67152694175984,39.86643561001482]]]},"properties":{"name":"Silia","role":"land"}},{"type":"Feature","geometry":{"type":"Polygon","coordinates":[[[127.67152694175984,39.86643561001482],[126.70868733619149,39.96500334389105],[124.14974443422744,39.821007217304334],[124.10407546470906,39.884784303862475],[123.91652968834187,39.80788382168474],[123.36642745445515,39.749389253813646],[123.03905776451374,39.67220266934099],[122.02749160240437,39.25575979824724],[121.74316695640827,39.08944662686052],[121.48840621422077,38.87860449429216],[121.21647933433796,38.756957613188646],[121.06533339927937,38.7502818929738],[121.12369826744343,38.86512335415544],[121.51177504966999,39.171859346587084],[121.66015151451374,39.33151587124529],[121.44896224449421,39.38210257168474],[121.28217605064656,39.3498912679738],[121.21334365318562,39.48363836880388],[121.23940566490437,39.553832613188646],[121.66813186119343,39.90540655728044],[121.78898909996296,40.07807882900896],[122.03651717613484,40.264037691313646],[122.10791305015827,40.35372122402849],[122.08235457847859,40.48801382656755],[126.01814312767718,42.15172667085302],[128.5501385588963,43.64790578930068],[130.3915897816011,44.798812803491195],[131.77267819862973,45.14408490774835],[132.92358521282023,44.33844999781499],[132.8273573250606,42.86189993496599],[132.59443191002154,42.89997442837419],[132.48473647545123,42.880492769438646],[132.3330946297481,42.963683687407396],[132.18178847740435,43.19463690396013],[131.88309768150592,43.071979128081225],[131.67460158775592,43.026603304106615],[131.86515334556842,43.29038199063005],[131.58420852134967,43.21272238369646],[131.35679152916217,42.99385031338396],[131.06461623619342,42.74924048062029],[130.4676161141231,42.298785768706225],[129.8247175545528,41.8613658773488],[129.64126113365435,41.655849062163256],[129.5907087654903,41.46990545864763],[129.6310682625606,41.277789674956225],[129.5614118904903,41.07268866177263],[129.47782424400592,40.682025514799975],[129.17704299400592,40.63022192593279],[129.01484206627154,40.52752264614763],[128.44658950279498,40.06586798306169],[128.23623183677935,39.96959265347185],[127.93131545494343,39.9562259542531],[127.67152694175984,39.86643561001482]]]},"properties":{"name":"Parhae","role":"other","label":"Бохай","labelAt":[127.63,41.94]}},{"type":"Feature","geometry":{"type":"Polygon","coordinates":[[[107.37534490539612,16.691467982144694],[106.45149726589356,16.187961290965557],[105.41690757366706,17.407225865757063],[104.3810912608956,18.327951477109472],[104.26600055947655,19.13358638704283],[104.37053248094891,19.482026125283994],[104.6112726637337,20.284493401233338],[105.76217967792421,21.89576322110005],[107.25835879637188,22.701398131033407],[108.40926581056239,23.161760936709612],[108.52435651198144,23.85230514522392],[108.29417510914332,24.31266795090012],[108.75453791481954,26.154119173604936],[106.22254248360042,26.61448197928114],[105.30181687224801,26.039028472185887],[104.84145406657181,26.039028472185887],[104.03581915663845,26.38430057644304],[102.42454933677173,24.88812145799538],[103.000002843867,26.38430057644304],[104.1509098580575,27.995570396309752],[104.1509098580575,28.68611460482406],[103.57545635096224,30.297384424690776],[104.26600055947655,31.908654244557486],[103.00594580115165,33.168709002882395],[102.7698214410289,33.404833363005146],[103.13087089214311,34.15470529993467],[104.26600055947655,36.51228230131952],[104.26600055947657,37.20282650983383],[104.03581915663845,38.00846141976718],[104.15090985805752,40.310275448148204],[104.84145406657181,41.231001059500606],[107.48854019920998,41.115910358081564],[110.7110798389434,40.88572895524346],[116.23543350705785,41.57627316375776],[123.37105699503901,42.957361580786376],[125.09741751632478,42.957361580786376],[126.01814312767718,42.15172667085302],[122.08235457847859,40.48801382656755],[121.75361922691609,40.73695334072771],[121.42673018883015,40.86432608242693],[121.01060775230671,40.85068091030779],[120.78842452476765,40.68381460781755],[120.27274611900593,40.1517711507863],[120.11272719810749,40.0811038839406],[119.82381728599812,40.0421634542531],[119.54778579185749,39.933044038969896],[119.38549331138874,39.8434329855031],[119.21067336509968,39.63902624722185],[119.09059432457234,39.339103304106615],[118.97764113853718,39.22413595791521],[118.78126815269734,39.16635855313005],[118.5593366951778,39.172286592680834],[118.41243270347859,39.05088003750505],[118.27459243248249,38.99961050625505],[118.06992629478718,39.2541881429738],[117.91011336754109,39.26024206753435],[117.75288680504109,39.20253714199724],[117.57505324791218,38.915336214262865],[117.43950179527546,38.60277136440935],[117.4790373177364,38.449916444975756],[117.58946517418171,38.28448065396013],[117.84067061851765,38.16392096157732],[118.20027450035359,38.04361303921404],[118.74464705894734,38.063834749419115],[118.87524703453327,37.949428163725756],[118.86725905845906,37.70737417813005],[118.81164840172077,37.446132265288256],[118.83700087974812,37.204215608794115],[118.9546003670528,37.07711752529802],[119.28440383384968,37.04596670742693],[119.59885695884968,37.11661871548357],[119.94069961021687,37.35291250820818],[120.16939071129109,37.57625540371599],[120.41806319664265,37.67865713711443],[120.6581144661739,37.73646505947771],[120.78740218590046,37.70487555142107],[121.18977645347859,37.42548330898943],[121.43434432457234,37.336837373930834],[121.89484694908406,37.37596472378435],[122.05756667564656,37.3635631429738],[122.26948836754109,37.30032309170427],[122.3928556771114,37.3005748617238],[122.28126815269734,36.98200567837419],[122.25558761070515,36.7336917745656],[121.84669784019734,36.86017569180193],[121.60988143394734,36.834228121001146],[120.85548690269734,36.58444937344255],[120.53731063316609,36.386519991118334],[120.50483230064656,36.055568300444506],[120.26971724937702,35.98509558315935],[120.20366958091999,36.03586538906755],[120.19649032066609,36.156737886626146],[120.13933852623249,36.19480093594255],[119.91377547691609,36.14344366665544],[119.97557357261921,35.93359717007341],[119.90734389732624,35.768058382231615],[119.68883040855671,35.5449710714406],[119.06016066978718,35.04126700039568],[119.00324538658406,34.939471803862475],[119.02086165855671,34.6919322835988],[119.29992202232624,34.59093054409685],[119.97359755943562,34.13522299404802],[120.14943221519734,33.894332491118334],[120.34028151939656,33.33605536099138],[120.64058974693562,33.04462393398943],[120.71938613365437,32.84798391934099],[120.66086104820515,32.543117128569506],[120.73830703209187,32.46073492642107],[121.05076125572468,32.328048311430834],[121.23053267906452,32.061767183501146],[121.48366836021687,31.948009096342943],[121.60595992515827,31.827626787382982],[121.64503768394734,31.688027940947435],[121.62330916832234,31.618154131132982],[121.26826766441609,31.452338777739428],[121.49887374351765,31.28138693447771],[121.64023116539265,30.926120363432787],[121.6318693489864,30.7927680837697],[121.56893447349812,30.710101686674975],[121.32843306968952,30.69054754849138],[121.03547194908406,30.594703279692553],[120.60866836021687,30.346181474882982],[120.22693160484577,30.25015028591814],[119.94366744468952,30.116218172270678],[120.26755050133015,30.0216499197072],[120.43786147545124,29.99661024685564],[120.86273482750202,30.187980257231615],[121.08252242515827,30.213830553252123],[121.15524581383015,30.18857916470232],[121.3912687630489,29.922397218901537],[121.56523421715046,29.846555315215014],[121.77031997154499,29.834281526762865],[121.77436355064656,29.7644534933156],[121.67039016197468,29.624536119658373],[121.49843886802937,29.522582613188646],[121.36191085289265,29.4143501150197],[121.41146377037312,29.344604097563646],[121.55819991539265,29.357616029936693],[121.64916518638874,29.319707475859545],[121.56675246666218,29.173480592924975],[121.43251326988484,28.836659990507982],[121.3458357186153,28.544379793364428],[121.35852340172077,28.3856635915822],[121.25970748375202,28.182250581938646],[121.16591170738484,28.124896608549975],[121.00856307457234,28.276980959135912],[120.94237807701374,28.213330827910326],[120.68650344322468,27.86989554043474],[120.50590041588093,27.59010466213884],[120.35180953453327,27.177013002592943],[120.08409408043171,26.985940538603685],[119.97135451744343,26.788837038237475],[119.85703566978718,26.706031404692553],[119.60071090172077,26.692800127226732],[119.42890456627156,26.590831361967943],[119.55488875816609,26.26721342678728],[119.43603042076374,26.03833922024431],[119.4703474373653,25.77168234463396],[119.42860701988484,25.650926195341967],[119.33538344810749,25.530067049223803],[119.0958586067989,25.440650545317553],[119.02366927574421,25.31348570461931],[118.81294539879109,24.8494144308156],[118.53120711754109,24.690036379057787],[118.34562972496296,24.467338167387865],[118.12423995445515,24.53039129849138],[117.92490676353718,24.561727129179857],[117.79609206627156,24.42171438809099],[117.84909347008015,24.047095857817553],[117.75324538658406,23.983384691435717],[117.4058943123653,23.6904731618947],[116.96271041343952,23.556155763823412],[116.70913222740437,23.34602316494646],[116.4520597786739,23.250201784331225],[116.40389541099812,23.199287019926928],[116.40021804283406,22.983321748930834],[116.34061721275593,22.91333159084978],[116.08469680259968,22.8873782980031],[115.86004928062702,22.83609541531267],[115.70670607994343,22.638873659331225],[115.30879500816609,22.771407686430834],[115.18552688072468,22.745751939970873],[115.04353621910359,22.599364839751146],[114.8478117317989,22.510015093047045],[114.5587492317989,22.46494825955095],[114.53746322105671,22.674502931792162],[114.30387404869343,22.64860113735857],[113.98913863609577,22.552667223173998],[113.84516433189656,22.463439546782396],[113.71678451011921,22.482215486723803],[113.46257308433796,22.7738529073781],[113.3766203255489,22.646646105009935],[113.41929152916218,22.570508562285326],[113.37770369957234,22.16390761013689],[113.28367904136921,22.03033026333513],[113.09672072838093,21.97912176724138],[112.87131026695515,22.061215959746264],[112.8155622811153,21.934060655791185],[112.81533339927937,21.826074205595873],[112.7495222420528,21.756068788725756],[112.47251418541218,21.73007734890642],[112.30786422203327,21.678912721831225],[112.03952315758015,21.65928991909685],[111.83120253990437,21.754121385771654],[111.73399642418171,21.70945509548845],[111.53608230064656,21.49307211514177],[111.43422225425984,21.461099230009935],[111.08559707115437,21.479402147490404],[110.74959853599812,21.37706335659685],[110.5664167733028,21.230577074248217],[110.36344436119343,21.242852770048998],[110.23882583091999,21.28069647427263],[110.20257094810749,21.096425615507982],[110.07242873619343,20.91828878994646],[110.07721999595906,20.867482744414232],[110.29317000816609,20.582110964018725],[110.41411879966999,20.5251956808156],[110.43365767906452,20.436297975737475],[110.27128890465046,20.315265260893725],[109.9282560677364,20.2446723806447],[109.71159652183796,20.568162523466967],[109.60293105552937,20.87918051357927],[109.60814956138874,21.057046495634935],[109.78676131675984,21.406783662993334],[109.7798185677364,21.482984148222826],[109.51607802818562,21.596772752959154],[109.4143171639278,21.56479414578142],[109.32187941978718,21.4312015401906],[109.11740401695515,21.39900930996599],[108.81303695152546,21.493642412382982],[108.55499556968952,21.823396288115404],[108.46664718101765,21.78510435696306],[108.38727096031452,21.53085287686052],[108.26594069908406,21.47342451687517],[108.11670211265827,21.498511873442553],[107.90002730797077,21.47900541897478],[107.78977492759968,21.402537904936693],[107.41781142662312,21.18578680630388],[107.46579268883015,20.976270281035326],[107.37433913658406,20.880792223173998],[106.8070402474239,20.905006014067553],[106.7462492317989,20.815949999052904],[106.77157119224812,20.63813933010759],[106.38092330406452,20.11008795376482],[106.28142836998249,20.046357713896654],[106.04167464683796,19.937850557524584],[105.96486953209187,19.88052328701677],[105.84338668297077,19.70240934963884],[105.70696547935749,19.2828803884572],[105.53258040855671,18.844211183745287],[105.65331557701374,18.742835603911303],[105.86413100670124,18.489196382719896],[106.36444381187702,18.007497392851732],[106.39383986900593,17.66453894253435],[106.43306258629109,17.550279222685717],[106.62225631187702,17.328355394560717],[107.11497024009968,16.954610429961107],[107.37534490539612,16.691467982144694]]]},"properties":{"name":"Tang Empire","role":"other","label":"Тан улс","labelAt":[112.27,31.89]}},{"type":"Feature","geometry":{"type":"MultiPolygon","coordinates":[[[[139.80463698814654,39.890746675688646],[141.46714309166217,40.5140872823781],[141.5662489266231,40.456718050200365],[141.67560866783404,40.316222749907396],[141.99811843345904,39.671989046294115],[141.99851516197467,39.448878847319506],[141.8878279061153,39.12996634121599],[141.56858352134967,38.785209261137865],[141.46709731529498,38.58749350186052],[141.49639419029498,38.42189749355974],[141.09665969322467,38.26184424038591],[140.95058730552935,38.12141378994646],[140.87221816490435,37.91744955654802],[140.8808698983028,37.73915060635271],[140.9232282967403,37.62462195034685],[140.98220351646685,37.26819952603044],[140.96393874595904,36.95626028652849],[140.6556043953731,36.618312441069506],[140.54662612388873,36.287223421294115],[140.55544570396685,35.969142519194506],[140.64475539634967,35.835753999907396],[140.83425429771685,35.677123628813646],[140.55686477134967,35.5430065023488],[140.39493850181842,35.40912207241716],[140.3166151375606,35.03381689663591],[139.83010390709185,34.835982881743334],[139.7880964608028,34.96284445400896],[139.92046645591998,35.261901460844896],[140.0028944344356,35.497359834868334],[139.9137068123653,35.55441244717302],[139.68267348716998,35.44583090420427],[139.42260268638873,35.165511690337084],[139.20864394615435,35.16507300015154],[139.05291274498248,35.024886690337084],[139.0228376717403,34.68834265347185],[138.86382583091998,34.5674320089406],[138.74982741783404,34.649703584868334],[138.75103286216998,34.92264898892107],[138.68374160240435,34.99233969326677],[138.4501600594356,34.9029918539113],[138.29520705650592,34.763026796538256],[138.1490583748653,34.5278812276906],[137.75918105552935,34.55247076626482],[137.24822524498248,34.48160894985857],[137.04178908775592,34.72873648281755],[136.7338514656856,34.87408789272966],[136.61693862388873,34.759601198393725],[136.50706008384967,34.51817663784685],[136.71134475181842,34.40433844204607],[136.89858535240435,34.25873144741716],[136.76687148521685,34.16959723110857],[136.3937635750606,34.11170538540544],[136.1992292733028,34.00339087124529],[135.99099257896685,33.72367437954607],[135.75567153404498,33.34231527920427],[135.4460096688106,33.50672491665544],[135.19150832603717,33.60141714688005],[135.06292251060748,33.69002493496599],[134.9692488045528,34.13417013760271],[135.01397231529498,34.204093538481615],[135.23673537681842,34.35053595181169],[135.3170271248653,34.471313081938646],[135.28681472252154,34.5981937276906],[135.20571425865435,34.617084108549975],[134.9356794686153,34.54035147305193],[134.78246596763873,34.55273779507341],[134.42731765220904,34.62817724819841],[134.21349624107623,34.570617281157396],[133.82529738853717,34.385741792876146],[133.58913711021685,34.442374788481615],[132.84772780845904,34.26313360806169],[132.48118117759967,34.12908514614763],[132.38665297935748,34.268539034087084],[132.1834822029903,34.287170015532396],[131.99730971763873,34.09000738735857],[131.9949598641231,33.80434378262224],[131.6548719734981,33.91156347866716],[131.39416030357623,33.93642386074724],[130.89904311607623,33.90366705532732],[130.77932265709185,33.966903291899584],[130.81162551353717,34.1193118917531],[130.89232924888873,34.24644049282732],[131.10976699302935,34.24053534146013],[131.33410170982623,34.291774355132006],[131.67228225181842,34.501952730376146],[132.6628523201778,35.38062628384294],[132.78869155357623,35.38724859829607],[132.98076919029498,35.444869600493334],[133.00620559166217,35.254149996001146],[133.22861770103717,35.31183584805193],[133.80405715416217,35.427482210356615],[134.22356704185748,35.4537731039113],[134.75583938072467,35.531173311430834],[135.15697768638873,35.646468721587084],[135.18804458091998,35.443011842924975],[135.35766128013873,35.32253988857927],[135.72710708091998,35.45048102017107],[135.92803481529498,35.60351904507341],[135.9265241951778,35.76252707119646],[135.97788527916217,35.97254904385271],[136.1872663826778,36.20200308438005],[136.50152114341998,36.46351202603044],[136.66849807213092,36.66749533291521],[136.64042190025592,37.17027624722185],[136.81084731529498,37.31068380947771],[137.30964187095904,37.43265112515154],[137.3349256844356,37.27354010220232],[137.1181745858028,37.14577444668474],[137.01377395103717,37.037353121001146],[136.98302749107623,36.83360632534685],[137.04532912681842,36.668258272368334],[137.17620376060748,36.643066011626146],[137.27591994713092,36.69418676968279],[137.46403029869342,36.85367926235857],[137.57181838463092,36.892081819731615],[138.31724074791217,37.20550879116716],[138.4920301766231,37.301349245268725],[138.69896987388873,37.44820364590349],[138.85615066002154,37.73505743618669],[139.19793227623248,37.92043264980974],[139.35387710045123,38.06723745938005],[139.43984511802935,38.18843802090349],[139.50393203209185,38.4178844320363],[139.74572280357623,38.679584108549975],[139.7414198250606,38.74329718228044],[139.8960829109981,38.99850424404802],[139.96793654869342,39.208968721587084],[140.03008559654498,39.48317679043474],[140.01108840416217,39.69351156826677],[139.86213210533404,39.78246649380388],[139.80463698814654,39.890746675688646]]],[[[130.74401381920123,30.88783415432634],[130.5793104500606,30.906545244414232],[130.55413344810748,30.969977937895678],[130.67454055259967,31.211490236479662],[130.73246291588092,31.478250108916185],[130.5819197029903,31.528737627226732],[130.47443679283404,31.439628206450365],[130.40439895103717,31.229978166777514],[130.23293593834185,31.026460252959154],[130.0862684578731,31.121388994414232],[130.06011489341998,31.216558061797045],[130.20514968345904,31.426370226103685],[130.2193250984981,31.559724413115404],[130.05887893150592,31.97206266995134],[130.44396499107623,32.28393133755388],[130.4811659188106,32.347499452788256],[130.49653151939654,32.55701788540544],[130.25739577720904,32.9120365011281],[130.10752395103717,32.930778108794115],[130.03458693931842,32.81000097866716],[129.8459120125606,32.587421022612475],[129.7337293953731,32.637984834868334],[129.6303358406856,32.86631353970232],[129.46087172935748,32.98657950039568],[129.34337905357623,33.15138968105974],[129.5280409188106,33.297774873930834],[129.85825637291217,33.260367952544115],[130.1761579842403,33.33719977017107],[130.31766799400592,33.546989046294115],[130.42656997154498,33.67417105313005],[130.64440444420123,33.7000003683156],[130.85947707603717,33.67505987759294],[130.97111037681842,33.50388678188982],[131.09250930259967,33.427962862212084],[131.28603652427935,33.39026220913591],[131.56875136802935,33.48606451626482],[131.66982558677935,33.308532320219896],[131.41355422447467,33.11121710415544],[131.59562209556842,33.00366552944841],[131.79528335045123,32.80728491421404],[131.83098891685748,32.69308813687029],[131.5629988045528,32.43224676724138],[131.4536238045528,32.24792822476091],[131.40685561607623,32.08277472134294],[131.31928542564654,31.51120527859392],[131.21062758873248,31.35226973171892],[131.0487928719356,31.275754533965014],[130.9596815438106,31.193025194365404],[130.74401381920123,30.88783415432634]]],[[[132.69875625084185,32.54885824795427],[132.56757644127154,32.63746603604021],[132.4670515389278,32.75788076992693],[132.42185500572467,32.929183565337084],[132.34257033775592,33.10677298184099],[132.12111953209185,33.34754904385271],[132.44994643638873,33.51961477871599],[132.57937148521685,33.640494905669115],[132.7843122811153,33.907523714262865],[132.96868422935748,33.79364355679216],[133.24547866295123,33.80055960293474],[133.46291640709185,33.88352163906755],[133.60300734947467,34.036159120757006],[133.80564406822467,34.17622336025896],[134.01023391197467,34.189330660063646],[134.1526747078731,34.113456331450365],[134.5404157967403,34.01269873257341],[134.60976699302935,33.898578249174975],[134.56475356529498,33.8413463460988],[134.5191297859981,33.650817476469896],[134.38769057701373,33.54264410610857],[133.99859145591998,33.14826925869646],[133.9174909920528,33.24331625576677],[133.7268934578731,33.37623556729021],[133.51652053306842,33.39485128994646],[133.2409773201778,33.299056612212084],[133.15415481041217,33.21636541958513],[133.04386428306842,32.9939456808156],[132.96967605064654,32.76526220913591],[132.90069106529498,32.66990240688982],[132.69875625084185,32.54885824795427]]]]},"properties":{"name":"Japan","role":"land"}},{"type":"Feature","geometry":{"type":"MultiPolygon","coordinates":[[[[141.46714309166217,40.5140872823781],[139.80463698814654,39.890746675688646],[139.91034987877154,39.98660620327654],[139.98502639244342,40.11461981411638],[139.91515639732623,40.57495459194841],[140.15972426841998,40.72901495571794],[140.38640883873248,40.98550375576677],[140.47280410240435,40.98567923184099],[140.65697768638873,40.72361334438982],[140.7933454842403,40.74948843594255],[141.1525526375606,40.865417085844896],[141.07664016197467,41.102138124663256],[140.93682387779498,41.1146617757863],[140.7745008797481,41.25522574063005],[141.08701613853717,41.44161947842302],[141.28579238365435,41.371539674956225],[141.43688491295123,41.26935537930193],[141.44120315025592,40.78918036099138],[141.46714309166217,40.5140872823781]]],[[[146.874939,43.860794],[146.861633,43.796661],[146.682739,43.707771],[146.610504,43.806656],[146.874939,43.860794]]],[[[146.359955,44.42083],[146.568024,44.43832400000014],[146.508331,44.358047],[146.329681,44.291664],[146.091919,44.236107],[145.940247,44.1280440000001],[145.779419,43.928604],[145.6574710000001,43.89971900000012],[145.575256,43.817497],[145.56192,43.661377],[145.437469,43.716934],[145.407471,43.829437],[145.74469,44.051659],[145.75943,44.111382000000106],[145.892487,44.25],[145.973846,44.287773],[146.078033,44.463608000000136],[146.20135500000015,44.49943500000012],[146.359955,44.42083]]],[[[148.52191200000016,45.287216000000114],[148.28524800000014,45.220825000000104],[148.04803500000014,45.09638200000012],[147.96414200000015,45.01166500000011],[147.622742,44.897217],[147.548035,44.812492],[147.291077,44.66693900000013],[147.22525,44.561935],[147.021088,44.5075],[146.948853,44.4086],[146.846924,44.47693600000014],[146.940796,44.554436],[147.09829700000012,44.619438],[147.163025,44.692215],[147.111908,44.793884],[147.47995,44.974709],[147.504974,45.043884],[147.656372,45.075272],[147.7833250000001,45.197487],[147.894989,45.229988000000105],[147.857727,45.343048],[147.959961,45.419159],[148.051636,45.24943500000012],[148.312195,45.267212],[148.558868,45.45916],[148.700806,45.520828],[148.858856,45.467491],[148.839966,45.34665700000011],[148.52191200000016,45.287216000000114]]],[[[149.54357900000014,45.585823],[149.481079,45.60833],[149.667755,45.85083],[149.856903,45.92305],[149.929138,46.00750000000011],[150.34274300000016,46.2116620000001],[150.425537,46.118881],[150.221893,46.001938],[150.198853,45.932495],[149.981628,45.833603],[149.69247400000017,45.638603],[149.54357900000014,45.585823]]],[[[154.14053300000012,48.90971400000012],[154.188873,48.834991000000116],[154.063293,48.742767],[153.98800700000015,48.779991],[154.14053300000012,48.90971400000012]]],[[[154.745239,49.579163],[154.882172,49.547493000000145],[154.79025300000012,49.42999300000014],[154.834961,49.345825000000104],[154.71579,49.263885],[154.593903,49.291031],[154.600525,49.36721],[154.745239,49.579163]]],[[[155.483307,50.119438],[155.357452,50.053047],[155.208588,50.080826],[155.247742,50.301384],[155.449127,50.36805],[155.638031,50.3780440000001],[155.765533,50.463882000000126],[155.896942,50.698601],[156.022217,50.767494],[156.116364,50.74749],[156.15304600000013,50.524994],[155.892761,50.263611],[155.795258,50.188881],[155.6185610000001,50.183052],[155.483307,50.119438]]],[[[156.168854,50.741379],[156.341064,50.851105],[156.49411,50.842491],[156.4902340000001,50.756104],[156.4008480000001,50.625641],[156.19830300000012,50.670273],[156.168854,50.741379]]],[[[155.44775400000015,50.897774],[155.63916,50.92083],[155.620789,50.806099],[155.480804,50.828049],[155.44775400000015,50.897774]]],[[[143.05691054771685,53.06198462124529],[143.13886550377154,52.856246553618334],[143.14329055259967,52.51123770352068],[143.0334120125606,52.312186800200365],[142.94488051841998,51.961112581450365],[142.94391921470904,51.61730536099138],[143.0741834969356,51.2676273214406],[143.3407087654903,50.88577612515154],[143.6331434578731,50.234977327544115],[144.03820327232623,49.5088382589406],[144.5398817391231,48.753322206694506],[143.97294143150592,49.05807837124529],[143.5983534188106,49.23361929531755],[143.15282729576373,49.25887259121599],[142.85399917076373,49.12769659634294],[142.64614394615435,48.657523714262865],[142.5266218514278,48.16206320400896],[142.48990920494342,47.901603304106615],[142.6146345467403,47.45959814663591],[142.99332717369342,46.9536624776906],[143.23647597740435,46.86326178188982],[143.44480422447467,46.571742616850756],[143.30341628502154,46.01119955654802],[143.00429824302935,46.577350221831225],[142.61477187584185,46.71281012173357],[142.51378920982623,46.6996227132863],[142.32734206627154,46.56305655117693],[142.18766311119342,46.3229137289113],[141.89834121177935,45.91478308315935],[141.7083845467403,46.13979300137224],[141.62282851646685,46.55804022427263],[141.9093885750606,47.07343252773943],[141.73180678795123,47.471191011626146],[141.81064895103717,47.675616823393725],[142.0364637703731,47.959281526762865],[141.97751906822467,48.284747682768725],[141.76781753013873,48.701469026762865],[141.7395887703731,48.8072887289113],[141.9213514656856,48.943133913237475],[142.04911330650592,49.35470923062029],[142.08281997154498,49.70768316860857],[142.08507827232623,50.30426748867693],[142.15287307213092,50.89004477139177],[142.1123915047481,51.21959265347185],[142.01658156822467,51.4305911886281],[141.64321425865435,51.81308706875505],[141.59817031334185,52.216674410063646],[141.81145766685748,52.628043733794115],[141.84099868248248,52.960021578032396],[141.68964675377154,53.16572149868669],[141.76703933189654,53.2722659933156],[142.2141218514278,53.29970511074724],[142.67486098716998,53.54017218228044],[142.86388686607623,53.3408695089406],[143.05691054771685,53.06198462124529]]],[[[140.01261428306842,41.38180883999529],[139.9777479500606,41.5034671651906],[140.12449172447467,41.7921520101613],[140.0996961922481,41.9459720480031],[139.85248855064654,42.03524740811052],[139.77720168541217,42.112052522856615],[139.71174148033404,42.47759588833513],[139.9739637703731,42.65139731045427],[140.20896438072467,42.728900514799975],[140.49982741783404,42.896407686430834],[140.51682570884967,43.05700262661638],[140.37356093834185,43.18519171353044],[140.49824050377154,43.320357881743334],[140.59891799400592,43.326991640288256],[140.89655593345904,43.134826265532396],[141.0641737313106,43.09662588711443],[141.30364516685748,43.187030397612475],[141.30192092369342,43.72046621914568],[141.50669387291217,43.80445440884294],[141.70942214439654,43.91419180508318],[141.7426863045528,44.24878653164568],[141.74572280357623,44.628566347319506],[141.56659987877154,44.96956595059099],[141.52277663658404,45.18263205166521],[141.5974226326778,45.279723726469896],[141.8753309578731,45.435424410063646],[142.53904250572467,44.842650972563646],[143.02050307701373,44.463683687407396],[143.50817397545123,44.155761324126146],[143.79023269127154,44.02764471646013],[144.02810195396685,43.950927339751146],[144.61382583091998,43.84276159878435],[144.75043776939654,43.88161429043474],[145.13999465416217,44.178283296782396],[145.3485975594356,44.197990022856615],[145.20989516685748,44.03688772793474],[145.05938247154498,43.785766206938646],[145.1485700936153,43.59949835415544],[145.35955336998248,43.32998999233904],[145.4481306404903,43.16955908413591],[144.99468520591998,42.93744238491716],[144.7541609139278,42.86632879849138],[144.59018996666217,42.859584413725756],[144.37011245201373,42.94904669399919],[144.1663923592403,42.942226015288256],[144.00284865806842,42.87769278164568],[143.84792617271685,42.77464636440935],[143.50858596275592,42.42098196621599],[143.33037856529498,42.196105562407396],[143.2137556404903,41.926539980132006],[143.03350356529498,41.95822867031755],[142.84231093834185,42.066852174956225],[141.92812636802935,42.50126227017107],[141.72100356529498,42.53934820767107],[141.39690688560748,42.51944311733904],[140.92962172935748,42.255458437163256],[140.86069777916217,42.39004477139177],[140.69352248619342,42.55014380093279],[140.54087356041217,42.53700216885271],[140.22344497154498,42.36310919399919],[140.24552443931842,42.2284427511281],[140.7676649422481,42.00501211758318],[141.01946547935748,41.87086065884294],[141.1550398201778,41.74934347744646],[140.97927382896685,41.65285452480974],[140.84342482994342,41.639762483794115],[140.70597365806842,41.697169862944506],[140.5888777108028,41.67771109219255],[140.44289687584185,41.536429964262865],[140.26859572838092,41.324672304350756],[140.11245253990435,41.27311285610857],[140.01261428306842,41.38180883999529]]]]},"properties":{"name":"Ainu","role":"land"}},{"type":"Feature","geometry":{"type":"MultiPolygon","coordinates":[[[[35.500149928054235,14],[35.32767061354656,15.422954344688346],[37.07907389023707,17.094748381529282],[37.89511991723812,18.56012241001322],[38.0285978646114,18.477939211089037],[38.306651148302805,18.24978407498064],[38.527468714220774,18.161315523344896],[38.685671839220774,18.002805315215014],[39.008826288683665,17.056781374174975],[39.20794204185749,16.326509081084154],[37.32277482651148,14],[35.500149928054235,14]]],[[[30.78994394212117,15.502563584537913],[30.471506982722893,14.308424986794389],[30.471506982722893,14],[28,14],[28,24.100068150465237],[29.344724201269283,24.0279744911095],[28.612697221302753,20.56183430498075],[29.45340165386746,17.829544899145432],[30.78994394212117,15.502563584537913]]],[[[40.63650937235158,14],[40.739138636095774,14.919243417937182],[41.341250452502024,14.342323862273119],[41.64353343039036,14],[40.63650937235158,14]]]]},"properties":{"name":null,"role":"land"}},{"type":"Feature","geometry":{"type":"MultiPolygon","coordinates":[[[[120.30511001060749,14.57529219265642],[119.97168258140827,14.90490301724138],[119.77184585045124,15.469834886748217],[119.81296065758015,15.978120409209154],[119.68141463707234,16.187451921660326],[119.76202681968952,16.35914000149431],[120.20210555504109,16.042466722685717],[120.2931242317989,16.233226381499193],[120.30344680259968,16.41746290798845],[120.25812819908406,16.61428793545427],[120.24656203697468,16.874698244292162],[120.31154159019734,17.071763597685717],[120.3230314583614,17.370326601225756],[120.3930769295528,18.04379232998552],[120.56437209556843,18.43162306423845],[120.80041793297077,18.55281790371599],[121.03637221763874,18.527911745268725],[121.58078292320515,18.294051729399584],[121.83984664390827,18.275552355009935],[121.92465499351765,18.37100752468767],[122.0495939583614,18.447494112212084],[122.13901046226765,18.384166322905443],[122.14715102623249,18.206330858427904],[122.02781203697468,18.00917204495134],[122.00743392418171,17.793162904936693],[122.07029250572468,17.43757780667009],[122.31363967369343,17.260247789580248],[122.39557937095906,17.114329897124193],[122.20331099937702,16.542222582060717],[122.06395247886921,16.33230360623064],[121.68860152672077,16.058362566191576],[121.43898299644734,15.918075166899584],[121.3681745858028,15.498668276030443],[121.24220565269734,15.30783327694597],[121.45681289146687,14.882681451994799],[121.61163619468952,14.38752134915056],[121.7287931771114,14.108259760100267],[121.90372110772182,14],[120.56232741721995,14],[120.5106306404903,14.112003885466478],[120.79860213707234,14.385773264128588],[120.94382003258015,14.290805422026537],[121.10496810386921,14.253032289702318],[121.28544143150593,14.34235819454851],[121.21723464439656,14.418434702116869],[120.89658645103718,14.551147066313646],[120.70640853355671,14.728614412505053],[120.47143081138874,14.804338060576342],[120.36362746666218,14.530945383269213],[120.30511001060749,14.57529219265642]]],[[[122.14708203214498,14],[122.17925551841999,14.064768396574877],[122.39741042564656,14.306631647307299],[122.48647597740437,14.319521509367846],[122.67462447593952,14.269106470305346],[122.77617171715046,14.174032770354174],[122.8250085076082,14],[122.14708203214498,14]]]]},"properties":{"name":"Malay","role":"land"}},{"type":"Feature","geometry":{"type":"Polygon","coordinates":[[[56.71228137226839,71],[57.25065902183796,70.8177982198781],[57.23775390098835,70.69104345913591],[56.05858519981648,70.73096808071794],[55.67880156944538,70.70719488735857],[55.266253504259836,70.56052740688982],[54.998293909533274,70.52167090054216],[54.69406035850788,70.74377020474138],[54.52245238731648,70.75885351772966],[54.03161147545124,70.71947821255388],[53.72863677452351,70.7650638448781],[53.714697870714915,70.92670019741716],[53.98699738055305,71],[56.71228137226839,71]]]},"properties":{"name":null,"role":"land"}},{"type":"Feature","geometry":{"type":"Polygon","coordinates":[[[28.918236765368224,44.765750490385905],[28.68624785850788,44.48805197354021],[28.445693048937564,43.47636374111832],[28.18705848167682,43.45011862393084],[28.03463843773151,43.391902528960124],[28,43.27734915628892],[28,44.88079635352646],[28.918236765368224,44.765750490385905]]]},"properties":{"name":"Bulgars","role":"land"}},{"type":"Feature","geometry":{"type":"Polygon","coordinates":[[[132.8273573250606,42.86189993496599],[132.92358521282023,44.33844999781499],[131.77267819862973,45.14408490774835],[130.3915897816011,44.798812803491195],[128.5501385588963,43.64790578930068],[126.01814312767718,42.15172667085302],[125.09741751632478,42.957361580786376],[123.37105699503901,42.957361580786376],[116.23543350705785,41.57627316375776],[110.7110798389434,40.88572895524346],[107.48854019920998,41.115910358081564],[104.84145406657181,41.231001059500606],[104.15090985805752,40.310275448148204],[104.03581915663845,38.00846141976718],[102.19436793393365,38.468824225443385],[101.27364232258124,39.389549836795794],[100.81327951690504,40.310275448148204],[98.97182829420022,41.00081965666251],[96.32474216156204,40.65554755240535],[94.59838164027629,41.11591035808156],[92.06638620905717,43.302633685043524],[90.9596929884755,43.54918991631177],[91.33393557869015,45.92025067110863],[80.71884642202563,46.43604046828073],[82.20868349664521,51.32924897531792],[93.94115045927443,51.095929022398096],[105.30115815324875,51.21273678060715],[110.70143086835411,50.98293023313427],[130.25592915312674,50.1507960103906],[137.25694377302335,45.61244439836563],[136.4941053719356,44.966029726225756],[136.28505996177935,44.753043733794115],[136.17924025963092,44.54676779385271],[136.03397658775592,44.39840658779802],[135.69280532310748,44.22396811123552],[135.4147596688106,44.036830507475756],[135.15606215904498,43.72116430874529],[134.96242812584185,43.51504477139177],[134.56858352134967,43.21221502896013],[134.13894179771685,42.99295385952654],[133.31200698326373,42.77939184780779],[132.95279982994342,42.669540010649584],[132.8273573250606,42.86189993496599]]]},"properties":{"name":"Uyghurs","role":"realm","label":"Уйгурын хаант улс","labelAt":[108.51,47.15]}},{"type":"Feature","geometry":{"type":"Polygon","coordinates":[[[137.25694377302335,45.61244439836563],[130.25592915312674,50.1507960103906],[110.70143086835411,50.98293023313427],[115.20548227520561,57.386117039726635],[116.96157547350965,59.88266776324234],[127.80939535096982,61.80384030510338],[137.17796706332177,61.33433849362306],[142.72148001084966,59.23899962729002],[142.35776809166217,59.140956484038256],[141.9238386483028,58.94089468594255],[141.5908308358028,58.727531038481615],[141.34955886314654,58.50086554165544],[140.99425795982623,58.39063223477068],[140.58739760826373,58.239310823637865],[140.4998426766231,58.17075689907732],[140.02874282310748,57.64412649746599],[139.2938337654903,57.33617743130388],[138.86675551841998,57.12446554775896],[138.34592727134967,56.80420645352068],[137.6019392342403,56.240348421294115],[137.2290907234981,55.98272284146013],[136.52126601646685,55.5898929464406],[136.1193952889278,55.420646272856615],[135.2695417733028,55.02874334927263],[134.98522475670123,54.853934847075365],[134.89373305748248,54.71992453213396],[134.90200332115435,54.55941732998552],[135.09450820396685,54.432784639555834],[135.31255629966998,54.413165651518725],[135.72582534263873,54.4072643148488],[136.1964216561153,54.47499807949724],[136.49160293052935,54.4554935323781],[136.34353164146685,53.88782843228044],[136.35065749595904,53.70121344204607],[136.48705581138873,53.65484198208513],[136.77021316002154,53.695357881743334],[137.0406599373653,53.862479768950365],[137.38286879966998,53.809806429106615],[137.12172988365435,53.58943899746599],[137.07131484459185,53.48947104092302],[137.23923781822467,53.45651587124529],[137.97939589927935,53.464583955962084],[138.23403457115435,53.571586214262865],[138.40946486900592,53.80512198086443],[138.41680434654498,54.091910921294115],[139.37804702232623,54.08039435024919],[139.8059187264278,53.961146913725756],[140.10245803306842,53.80170401211443],[140.3212995858028,53.53564795132341],[140.70232680748248,53.27686270352068],[140.89365676353717,53.197433077055834],[141.12119582603717,53.05163153286638],[141.08967116783404,52.98512228604021],[140.82819655845904,52.825248323637865],[141.03197768638873,52.726073824126146],[141.0905409188106,52.58686407681169],[140.93949416588092,52.261771761137865],[141.16062453697467,52.20920523281755],[141.25706008384967,52.10346182461443],[141.12632277916217,51.8716197835988],[140.73028090904498,51.441302858549975],[140.40453628013873,50.827384554106615],[140.3234968514278,50.51783712979021],[140.4569959969356,50.103988252837084],[140.3722029061153,49.69127997036638],[140.32822707603717,49.35787924404802],[140.08100417564654,48.50260504360857],[139.2137098641231,47.81061514492693],[139.04668715904498,47.6151500570363],[138.94929030845904,47.3224254476613],[138.3515730233028,46.873160921294115],[137.9846296639278,46.26929052944841],[137.72051528404498,45.99668081875505],[137.25694377302335,45.61244439836563]]]},"properties":{"name":"Tungus","role":"land"}},{"type":"Feature","geometry":{"type":"MultiPolygon","coordinates":[[[[28.366646591060462,45.74043460486146],[32.24967629252438,47.3005826376168],[32.15018587907352,46.63651247346525],[31.95127013633991,46.86462744351091],[31.781046900255927,46.701861940581225],[31.537734064562567,46.701381288725756],[31.087231668932684,46.6355357992238],[30.832856211169013,46.576591097075365],[30.520461115343817,46.25140722866716],[30.068821939928778,45.86140020962419],[29.62951186607624,45.750358186919115],[29.50043014000202,45.523368440825365],[29.53609374473835,45.4521976339406],[29.683211359484442,45.37478979702654],[29.71076491783405,45.25833471890154],[29.57896140526081,45.05750235195818],[29.45752242515827,44.91514929409685],[29.089749369127997,44.875732027251146],[28.918236765368224,44.765750490385905],[28,44.88079635352646],[28,45.59312103743143],[28.366646591060462,45.74043460486146]]],[[[28.194165742860143,48.494270255736346],[31.07498925424037,49.017806389820606],[29.69097302008956,48.455662073759996],[28.194165742860143,48.494270255736346]]]]},"properties":{"name":"Magyars","role":"land"}},{"type":"Feature","geometry":{"type":"Polygon","coordinates":[[[79.0477855784419,27.760018565682024],[79.28046073820109,27.630754588038034],[79.86677185863776,27.305026187795438],[81.59313237992353,25.233393562252523],[82.74403939411404,24.773030756576322],[83.20440219979024,24.773030756576322],[84.04122082383469,24.832803515436638],[83.98475979804715,24.781047575131392],[84.81951509494861,23.85354168968533],[84.90316249640829,22.849772872169332],[78.83095554586629,20.39958410265239],[75.03296239903761,20.51467480407144],[72.88083899016083,20.337086357612478],[73.10968306968952,20.687320314604662],[73.11286452720906,20.827090822417162],[72.93113234947468,20.95375784512224],[72.76573470543171,21.150355898100756],[72.71466353843952,21.436120592314623],[72.66594222496296,21.848943315703295],[72.6930851549148,22.104650299819557],[73.91520626221168,23.111399465707596],[72.26562547084175,24.223124794410293],[76.10516385314365,26.99855206169772],[76.30908035561204,27.045147438940386],[78.55131883527947,27.630428226015034],[79.0477855784419,27.760018565682024]]]},"properties":{"name":"Gurjara Pratihara","role":"land"}},{"type":"Feature","geometry":{"type":"Polygon","coordinates":[[[28,58.28387684736019],[28.327142903779805,58.245392189535146],[28.41628887652815,57.903350067981854],[28.800529363512936,56.42906662810114],[28,56.210257043692934],[28,57.86752707939114],[28.169238281250017,57.914501953125],[28,58.113437777039024],[28,58.28387684736019]]]},"properties":{"name":"Baltic tribes","role":"land"}},{"type":"Feature","geometry":{"type":"Polygon","coordinates":[[[28,48.45898424047473],[28.194165742860143,48.494270255736346],[29.69097302008956,48.455662073759996],[28.52438726200185,47.98183124943542],[30.838721065141616,47.076221036554614],[32.25888044434102,47.362017728654706],[32.24967629252438,47.3005826376168],[28.366646591060462,45.74043460486146],[28,45.59312103743143],[28,48.45898424047473]]]},"properties":{"name":"Avars","role":"land"}},{"type":"Feature","geometry":{"type":"Polygon","coordinates":[[[49.08690174463439,41.452765992874305],[48.63145638422998,41.19549595422624],[48.95942727193395,40.14598911357356],[48.237891318985234,39.949206580951184],[46.829363867475664,40.3453241370081],[45.761100353084615,40.645749898743766],[44.04926667709765,41.127165700318066],[43.361727296702725,41.32052112179959],[41.68046859215046,41.79333838101091],[41.65183547447468,42.1206432210988],[41.502722773058665,42.608478151518725],[41.40974334190632,42.78824194546404],[41.12255385826374,43.019088350493334],[40.969336542589915,43.076659761626146],[40.55709365318562,43.14658697720232],[40.25161651085163,43.26818426724138],[39.458689722521555,43.832931123930834],[38.92371276329304,44.21186026211443],[38.55609038780476,44.385097109038256],[38.27700332115437,44.42320593472185],[38.10918334434773,44.493774019438646],[37.880373987658274,44.71894796963396],[37.774050745470774,44.74454077358904],[37.62174514244343,44.67330893154802],[37.47389129112507,44.69235952969255],[37.31793883751179,44.92420920010271],[36.95986846397663,45.227355562407396],[37.22774795006062,45.31201895352068],[37.4609709114864,45.31247671719255],[37.661265406115305,45.345233522612475],[37.70609572838093,45.57840307827654],[37.867877039416086,45.79251440640154],[37.98994353721882,46.00666006680193],[38.22715285728718,46.02009161587419],[38.45897963951374,46.07891424771013],[38.2649145455196,46.31855734463396],[37.970171961291086,46.441283785063646],[37.757098230822336,46.60319098110857],[37.8665991158321,46.65535696621599],[38.40109160850788,46.7213512289113],[38.72273925255085,46.877921663481615],[39.282359156115305,47.07403143521013],[39.159853968127024,47.26889380093279],[38.80024627159382,47.22916754360857],[37.85925200889851,47.103744112212084],[37.42214492271687,47.07688101406755],[37.19263366173054,46.89442022915544],[36.9367246947688,46.828017144301214],[36.35396865318562,46.77579840298357],[35.85055831383015,46.66439016934099],[35.624331507189524,46.52106054897966],[35.41610244224812,46.494689546782396],[35.21237472008015,46.63714178677263],[35.04636672447468,46.357650362212084],[34.906809839709055,46.27302130337419],[34.69234755943562,46.25312765713396],[34.49565413902546,46.27870138760271],[34.06421569298054,46.26487311001482],[33.910963458488936,46.215984148888815],[33.72802734375,46.228125],[33.7705078125,46.13330078125],[33.88505859375002,46.059912109375],[34.19738488696985,46.02791572502596],[35.00805190513874,45.61194571133318],[34.9900122017696,45.45001562710466],[35.063418421252024,45.34009894009294],[35.35848902795352,45.331876713762966],[35.8497648567989,45.4452281820363],[36.323164972765696,45.439696871001146],[36.52104857872273,45.38828619595232],[36.41513350914265,45.271571718413256],[36.36711409996296,45.161483370024584],[36.264754328234446,45.09658774014177],[35.865454706652415,45.031119905669115],[35.59955504844929,45.10174139614763],[35.386660608752024,45.08192404385271],[35.06732085655476,44.86172445889177],[34.61416152427937,44.8414684164113],[34.37224105308796,44.75717505093279],[34.13495543907429,44.53749807949724],[34.01372435997273,44.49212225552263],[33.66015532921101,44.52365835781755],[33.39549544761921,44.600490175444506],[33.55937865684773,44.93613775845232],[33.516673120959055,45.12350805874529],[33.397872004015696,45.25268133755388],[33.013491663439524,45.38137014980974],[32.64344695518757,45.380633913237475],[32.50324157188679,45.44510229702654],[32.902258905871165,45.67258032437029],[33.19164946983601,45.78977545376482],[33.53945830772663,45.874713503081225],[33.638838800890696,45.92677267666521],[33.52794555137898,46.13406332607927],[33.33253386925007,46.16611059780779],[32.51644423912312,46.12558325405779],[32.202166590197336,46.17036017056169],[32.11410430382038,46.215621553618334],[31.92594054649616,46.409930788237475],[32.188792261584055,46.59223898525896],[32.15018587907352,46.63651247346525],[32.24967629252438,47.3005826376168],[32.25888044434102,47.362017728654706],[30.838721065141616,47.076221036554614],[28.52438726200185,47.98183124943542],[29.69097302008956,48.455662073759996],[31.07498925424037,49.017806389820606],[32.470572926630325,49.27142778583737],[32.76953125,49.11591796875],[33.04345703125,49.063134765624994],[33.1625,48.993603515625],[33.1943359375,49.11875],[32.92593319816684,49.354181052475894],[35.6011114034524,49.84034497402438],[35.219443479706364,50.70115469783274],[34.97463897212363,52.858867571225346],[35.7461608019382,53.019625088709326],[40.05433250446553,53.917293775490954],[45.64216426366803,54.27788952796341],[53.434110403633724,50.914706833077894],[55.10980972080421,48.60153189574375],[52.95724453208572,46.92652371360974],[52.55578521202351,46.98212011929216],[52.37594893883015,46.87421759243669],[52.14215758751179,46.838248811919115],[51.935347589953196,46.89220007534685],[51.79147628258015,47.009093843657396],[51.36885741661335,47.09002264614763],[51.117083582384836,47.06304510708513],[50.82035354088093,46.91917761440935],[50.63152221153523,46.910182558257006],[50.27184966514851,46.68538626309099],[49.9481420845821,46.559501253325365],[49.723345789416086,46.532523714262865],[49.53451446007038,46.54151877041521],[49.23778441856648,46.26276739712419],[49.05794433067585,46.13688238735857],[48.833148035509836,46.082931123930834],[48.833148035509836,45.92107733364763],[48.770205530627024,45.88510855313005],[48.63532927940632,45.975028597075365],[48.30262664268757,45.768214784819506],[47.871016535265696,45.67829855557146],[47.67319777916218,45.75023230190935],[47.60126403282429,45.66031225796404],[47.65521148155476,45.54341848965349],[47.55630401085163,45.45349844570818],[47.39445022056843,45.17475088711443],[47.169653925402415,44.860038362700365],[46.87292006920124,44.68019827480974],[46.80997756431843,44.53633078213396],[46.84594634483601,44.446410738188646],[46.99880507896687,44.356490694243334],[47.142676386339915,44.33850821133318],[47.22360137413288,44.20362814541521],[47.33150771568562,44.18564566250505],[47.56529525230671,43.84395559902849],[47.73614028404499,43.861938081938646],[47.67319777916218,43.664115511137865],[47.57428649376179,43.50226172085466],[47.60126403282429,43.3224254476613],[47.65521148155476,43.277465425688646],[47.58327773521687,43.1875491964406],[47.56529525230671,43.007709108549975],[47.79009154747273,42.85484655972185],[47.84404281090046,42.621059023100756],[47.969927820666086,42.59408529873552],[48.2217016548946,42.27936895962419],[48.41952422569538,42.09053763027849],[48.50044921348835,41.92868383999529],[48.662303003771555,41.90171011563005],[48.683238062365305,41.83590658779802],[48.89249709556843,41.68698462124529],[48.99886992882038,41.51678808804216],[49.08690174463439,41.452765992874305]]]},"properties":{"name":"Khazars","role":"land"}},{"type":"Feature","geometry":{"type":"MultiPolygon","coordinates":[[[[129.75330354143455,71],[130.1717176766231,70.81534918423357],[130.77927688072467,70.67834051724138],[131.05480483482623,70.68650396938982],[131.4126844734981,70.86376532192888],[131.57196053729268,71],[151.55364152709916,71],[151.64484694908404,70.89377936001482],[151.89907363365435,70.73301275845232],[152.13401320884967,70.66443213101091],[152.79058364341998,70.68098791714372],[153.4044294686153,70.72815283413591],[155.04923537681842,70.9385486471242],[156.0431776375606,70.98655279751482],[157.39641860435748,70.927516542632],[158.07795241783404,70.86731299038591],[158.40867141197467,70.81418951626482],[158.93413833091998,70.62346991177263],[159.2292127938106,70.54745062466326],[159.46557143638873,70.39498480435076],[159.62790969322467,70.21980627651872],[159.57267287681842,69.99896582241716],[159.4438124031856,69.76456030483904],[159.67295363853717,69.6519275533742],[160.39239028404498,69.61560400601091],[160.6816053719356,69.57847937222185],[160.6740370125606,69.27026709194841],[160.86234572838092,69.08311804409685],[161.17081740806842,69.15864904995622],[161.4161024422481,69.35423620815935],[161.96099379966998,69.52816351528826],[163.03823378990435,69.54520758267107],[163.72240737388873,69.6744876730031],[164.05369094322467,69.66003759976091],[164.31817153404498,69.46485479946794],[164.63646987388873,69.41282232876482],[166.30924514244342,69.37832983608904],[166.70035842369342,69.43165930386247],[167.3200788826778,69.65857275601091],[168.09997085045123,69.23150213833513],[168.5924177498653,69.11246069546404],[168.98606399009967,68.96339758511247],[169.11321547935748,68.784205995757],[169.38860610435748,68.71748694058122],[170,68.7707944028511],[170,66.63727496866716],[168.13549806605704,67.45778023799447],[155.89216029229675,68.16901029658281],[130.86731605142418,69.90104204211539],[126.74328795837215,71],[129.75330354143455,71]]],[[[170,60.643581116045155],[169.48091979943723,61.192640399715565],[170,61.523348446421195],[170,60.643581116045155]]]]},"properties":{"name":"Arctic marine mammal hunters","role":"land"}},{"type":"Feature","geometry":{"type":"Polygon","coordinates":[[[79.28046073820109,27.630754588038034],[79.2465183230073,27.81189282357719],[79.8537096880478,27.970385081763993],[79.14818133348803,28.336681312199808],[79.0611369487044,28.801205306243105],[78.48568344160915,30.527565827528864],[77.56495783025674,31.103019334624125],[77.10459502458055,31.333200737462224],[76.75932292032338,31.908654244557475],[76.75970453702153,33.18387536469871],[76.52914151748529,35.13119388429091],[76.52914151748529,36.97264510699573],[75.95368801039002,37.433007912671926],[75.14805310045668,37.778280016929074],[75.14805310045668,39.274459135376745],[75.37823450329478,40.19518474672915],[77.91022993451391,40.42536614956725],[79.98186256005681,40.7706382538244],[82.05349518559973,41.46118246233871],[85.62130692959032,43.41772438646258],[87.57784885371417,43.76299649071973],[90,43.76299649071973],[90.9596929884755,43.54918991631177],[92.06638620905717,43.302633685043524],[94.59838164027629,41.11591035808156],[96.32474216156204,40.65554755240535],[98.97182829420022,41.00081965666251],[100.81327951690504,40.310275448148204],[101.27364232258124,39.389549836795794],[102.19436793393365,38.468824225443385],[104.03581915663845,38.00846141976718],[104.26600055947657,37.20282650983383],[104.26600055947655,36.51228230131952],[103.13087089214311,34.15470529993467],[102.7698214410289,33.404833363005146],[103.00594580115165,33.168709002882395],[104.26600055947655,31.908654244557486],[103.57545635096224,30.297384424690776],[104.1509098580575,28.68611460482406],[104.1509098580575,27.995570396309752],[103.000002843867,26.38430057644304],[102.42454933677173,24.88812145799538],[101.96418653109554,22.586307429614358],[101.42947309529906,21.975206360132667],[99.4321910998764,21.89576322110005],[98.2812840856859,22.586307429614358],[98.39637478710496,24.42775865231917],[97.93601198142875,24.88812145799538],[94.48329093885722,24.657940055157276],[93.41314187588453,24.246344261706238],[93.11712297292769,24.868998540531784],[91.58073367614277,27.16988510222067],[87.86779287557921,27.01790872908419],[87.18714917578343,25.105397515821135],[85.93252215748387,25.24480051785442],[85.09776686058242,25.801304049122052],[84.04122082383469,24.832803515436638],[83.20440219979024,24.773030756576322],[82.74403939411404,24.773030756576322],[81.59313237992353,25.233393562252523],[79.86677185863776,27.305026187795438],[79.28046073820109,27.630754588038034]]]},"properties":{"name":"Tibetan Empire","role":"other","label":"Төвдийн эзэнт гүрэн","labelAt":[90.72,33.55]}},{"type":"Feature","geometry":{"type":"MultiPolygon","coordinates":[[[[41.2777620965858,41.28002979187384],[40.6289667242533,39.883612403410396],[37.34925784721369,38.83410556275771],[34.66238311241413,36.64777334805193],[34.4851293892696,36.62678106899919],[34.103220972521555,36.38032492275896],[33.95171264122273,36.251578890044115],[33.95405486534382,36.15975912686052],[33.83587554405476,36.10729559536638],[33.753176722033274,36.14664038296404],[33.481699976427805,36.05428274746599],[33.171336206896555,35.97088202114763],[32.904116663439524,35.97669561978044],[32.64034179161335,36.00799902554216],[32.334979090197336,36.12836798306169],[31.90200713585163,36.4968639242238],[31.37069037864948,36.71234472866716],[30.90531066368366,36.794215761382006],[30.59359076927448,36.76173361416521],[30.540066751940497,36.64696081753435],[30.472832712633856,36.18825491543474],[30.394862207873114,36.11804541226091],[30.279892954333075,36.11780508633318],[30.166131052477606,36.18761786099138],[29.66195586632038,36.07834585781755],[29.47193244407917,36.09069403286638],[29.298188242419013,36.17311819668474],[29.002251657946356,36.69479712124529],[28.81352714012409,36.535155855376146],[28.469845804674872,36.738307558257006],[28.26692298362995,36.71240957852068],[28.01418975303913,36.52716406460466],[28,36.90762505080783],[28,40.36164650428783],[28.477719339831122,40.39510305996599],[28.756440195544013,40.37645300503435],[29.05242446373249,40.33473166104021],[29.083527597887763,40.45607718105974],[28.873215708239325,40.471908174712084],[28.777958902819403,40.524676881987475],[28.9016218514278,40.62010534878435],[29.52519706199909,40.68828924771013],[29.32035544822956,40.741073213774584],[29.289643320544013,40.806686006743334],[29.014533075793036,40.97867163296404],[29.161208185656317,41.21636541958513],[29.5777807564571,41.153365694243334],[30.13762381981159,41.131835542876146],[30.256087336046942,41.18466528530779],[30.744805368883856,41.04032477017107],[31.217682871325263,41.05409201260271],[31.404126200182684,41.163539491850756],[31.385666880114325,41.28504141445818],[31.666388544543036,41.3948131429738],[32.418982538683665,41.74916800137224],[32.687911066515696,41.845973573882006],[33.15546325157429,41.94960745449724],[33.55554107139851,41.982501589018725],[33.89665511558796,41.95108374233904],[34.30390075157429,41.89411886807146],[34.66290954063679,41.87558325405779],[35.001868280871165,42.04316290493669],[35.09883025596882,41.80586203213396],[35.286074671252024,41.67147787686052],[35.41143706749226,41.626815401274584],[35.67785552452351,41.62093313809099],[35.95779326866413,41.68564566250505],[36.16136840294148,41.35250052090349],[36.38289550255085,41.23751791592302],[36.641245874865305,41.31498297329607],[36.81701186607624,41.28968390103044],[37.252825769884836,41.02772101040544],[37.821841272814524,41.00963171597185],[38.31396392296101,40.92090185757341],[38.65118316124226,40.921569429594896],[39.13864425133015,41.04431875820818],[39.37017730186726,41.06399878140154],[39.66300490806843,41.00049551602068],[40.00671294639851,40.95632895107927],[40.36101439903523,40.96344336147966],[40.60989287803913,41.02802618618669],[41.2777620965858,41.28002979187384]]],[[[28,41.9054495109822],[28.01817801903034,41.75320776577654],[28.104397806627997,41.59297140713396],[28.371457132799872,41.43312796230974],[29.012368235094794,41.25483282681169],[29.081099543078192,41.20051153774919],[28.96445373008991,40.98923834438982],[28.827807459337958,40.914699159819506],[28.596150431139716,40.946986757475756],[28.173314127428778,41.05789526577654],[28,41.006985255351],[28,41.9054495109822]]]]},"properties":{"name":"Byzantine Empire","role":"land"}},{"type":"Feature","geometry":{"type":"MultiPolygon","coordinates":[[[[28.23630825891875,71],[28.30841353843952,70.94864996548357],[28,70.72826748209384],[28,71],[28.23630825891875,71]]],[[[28,70.40916662696053],[28.289725336535223,70.37221106167497],[28.388907465441473,70.57175024624529],[28.794812235338934,70.864772402007],[28.98433783958698,70.85741003628435],[29.741230997545966,70.60498388882341],[30.04143813560749,70.5441394674367],[30.461960825426825,70.53725012417497],[30.754202875597723,70.43041571255388],[30.798840555651434,70.30796393032732],[30.251879724962958,70.13114508267107],[29.734896692736395,70.1148944723195],[28.730080637438544,70.13592871304216],[29.08001998375202,69.9612308370656],[29.55593207786823,69.8334003316945],[29.728575739367255,69.69756659146013],[30.361294779284247,69.76681097622576],[30.735358271105536,69.75236090298357],[31.05378249595905,69.63959082241716],[31.33127501915241,69.66276129360857],[31.782200846178778,69.77701910610857],[32.07601073692585,69.8153568136281],[32.190562281115305,69.64171179409685],[32.35172561119343,69.51367529507341],[32.59630874107624,69.42361792202654],[33.28056624840046,69.34201391812029],[33.31560042808796,69.07128485317888],[33.628375086291086,69.21468695278826],[33.81804564903523,69.19247778530779],[34.93413833091999,69.149440370757],[35.43655303428913,69.15035589810076],[36.01827910850788,69.023707948882],[37.24586394737507,68.79349859829607],[37.68857863853718,68.62961157437029],[38.406443628771555,68.24269446011247],[38.66845229576374,68.14634283657732],[39.91807082603718,67.9403797018117],[40.826052698595774,67.66004522915544],[40.973391565783274,67.5343738424367],[40.9508276314571,67.33465918179216],[41.01687148521687,67.20186194058122],[41.20882705162312,67.06946142788591],[41.25529769371296,66.93697699185076],[41.14697173546101,66.78226812954607],[40.83637908409382,66.56139715786638],[40.34514907310749,66.31864508267107],[39.977522882921946,66.20091589565935],[39.19002822349812,66.03870733853044],[38.78211120079304,66.00145300503435],[38.047869715197336,66.0073734151906],[37.42243102501179,66.0938220846242],[36.505225214464915,66.17248877163591],[35.771746668322336,66.25886877651872],[35.16772368858601,66.41150244351091],[34.15295318077351,66.62963446255388],[33.43749144981648,66.70173987026872],[33.157725367052805,66.9144779073781],[32.990950617296946,66.987819277007],[32.64433959434773,67.04610022183122],[32.21943572471882,66.99374731655779],[32.424727472765696,66.89102514858904],[32.75353911827351,66.64904364224138],[32.970862421496165,66.58338507290544],[33.469668421252024,66.31309851284685],[33.844214472277415,66.18213995571794],[34.258494410021555,66.10982855435076],[34.54369643638874,66.00083502407732],[34.72611897050977,65.78029310527337],[29.21614894912162,65.4840873230457],[28,65.41870940821465],[28,70.40916662696053]]]]},"properties":{"name":"Sámi","role":"land"}},{"type":"Feature","geometry":{"type":"Polygon","coordinates":[[[129.715515,28.451107],[129.511932,28.294998],[129.368561,28.116108],[129.157745,28.234993],[129.25665300000014,28.320831],[129.574982,28.461662],[129.715515,28.451107]]]},"properties":{"name":null,"role":"land"}},{"type":"Feature","geometry":{"type":"Polygon","coordinates":[[[129.963013,29.957218000000125],[129.92358400000012,29.983883],[129.94165,30],[129.963013,29.957218000000125]]]},"properties":{"name":null,"role":"land"}},{"type":"Feature","geometry":{"type":"Polygon","coordinates":[[[129.89636200000018,29.87416500000012],[129.923309,29.824997],[129.877167,29.83083],[129.89636200000018,29.87416500000012]]]},"properties":{"name":null,"role":"land"}},{"type":"Feature","geometry":{"type":"Polygon","coordinates":[[[130.906097,30.354717000000107],[130.869415,30.469715],[130.94720500000017,30.570274],[130.945251,30.683331000000123],[131.039703,30.831108],[131.074402,30.689163],[130.9696960000001,30.390553],[130.906097,30.354717000000107]]]},"properties":{"name":null,"role":"land"}},{"type":"Feature","geometry":{"type":"Polygon","coordinates":[[[130.558594,30.236382000000106],[130.440247,30.252777],[130.387207,30.397217],[130.510803,30.458885000000123],[130.671906,30.373329000000126],[130.649414,30.28777700000012],[130.558594,30.236382000000106]]]},"properties":{"name":null,"role":"land"}},{"type":"Feature","geometry":{"type":"Polygon","coordinates":[[[120.90708832908835,24.844964321936814],[121.00166300000012,25.001663],[121.19470200000012,25.109997000000135],[121.384987,25.157497],[121.4805530000001,25.271942],[121.610809,25.2575],[121.734711,25.138885],[121.881653,25.114719],[121.999153,25.01083],[121.913879,24.959995],[121.81694000000016,24.847775],[121.799713,24.756664],[121.843597,24.606384],[121.839706,24.476383000000112],[121.780548,24.426384],[121.74498000000017,24.286385],[121.60498,24.080551],[121.596367,23.899998],[121.536926,23.70138500000013],[121.453049,23.327221],[121.355553,23.087498],[121.168053,22.762497],[121.079437,22.70916],[120.969711,22.568329],[120.878593,22.341385000000116],[120.88247700000011,22.039440000000127],[120.824158,21.927773000000116],[120.69555011623473,21.970797727388323],[120.674988,22.181938],[120.573036,22.366108],[120.416901,22.482502],[120.328598,22.519444],[120.199707,22.786942],[120.163879,22.953606],[120.049149,23.060829],[120.055542,23.153049],[120.148331,23.327221],[120.11554,23.631386],[120.1933140000001,23.781109],[120.278702,23.889069],[120.4272,24.149998],[120.471909,24.193045],[120.558868,24.385273],[120.6741596643803,24.551345764602157],[120.72771726859703,24.626902539736413],[120.871597,24.73999],[120.90708832908835,24.844964321936814]]]},"properties":{"name":null,"role":"land"}},{"type":"Feature","geometry":{"type":"Polygon","coordinates":[[[128.900818,32.643051],[128.741913,32.589157],[128.610229,32.61166400000013],[128.649414,32.777771],[128.813293,32.792496],[128.900818,32.643051]]]},"properties":{"name":null,"role":"land"}},{"type":"Feature","geometry":{"type":"MultiPolygon","coordinates":[[[[128.97818684994573,35.089154494240915],[129.0600233406856,35.169784151274584],[129.28525832603717,35.50729712124529],[129.4122419686153,35.74289663906755],[129.46677688072467,35.92748602505388],[129.24174025963092,35.90793951626482],[129.17754653404498,35.958697878081225],[129.23533156822467,36.24512442227068],[129.25080398033404,36.671527467924975],[129.24999526451373,37.008876405913256],[129.12926772545123,37.30785711880388],[128.9809217781856,37.53040655728044],[128.4510603279903,38.255424104887865],[128.26961771449336,38.42048735945783],[128.36355600000013,38.625244],[128.641083,38.11721],[128.858002,37.859436],[129.049988,37.685822],[129.066376,37.62443500000012],[129.342468,37.257217],[129.362488,37.150024],[129.433594,37.058884],[129.427765,36.878876],[129.474976,36.774437],[129.416931,36.616661000000136],[129.450531,36.506386],[129.38192700000013,36.308563],[129.386902,36.036018],[129.583862,35.988884],[129.486633,35.683327],[129.43942300000015,35.475822],[129.281097,35.30082700000014],[129.237488,35.18990300000013],[129.136932,35.11221300000011],[128.97818684994573,35.089154494240915]]],[[[128.32027994049614,34.94809832777141],[128.37973462296088,35.00482007157996],[128.501373,35.008331],[128.451904,34.845543],[128.3355100000001,34.871376],[128.32027994049614,34.94809832777141]]],[[[127.86763354498882,34.917350804893196],[127.91561994663591,34.880016957016174],[127.916382,34.832771],[128.075531,34.79999500000014],[128.044434,34.69499200000013],[127.85720800000013,34.723877],[127.82222000000013,34.843048],[127.86763354498882,34.917350804893196]]],[[[127.22625581501744,34.71084916264209],[127.35909560631062,34.80417975063982],[127.57686679533917,34.88631382510549],[127.638603,34.81415600000014],[127.773613,34.84388000000013],[127.747757,34.727486],[127.640823,34.616936],[127.554153,34.656097],[127.567757,34.766663],[127.52249100000017,34.856941],[127.363876,34.75138900000013],[127.48580900000013,34.641937],[127.50998700000014,34.578606],[127.315262,34.443604],[127.242203,34.569443],[127.352768,34.692764],[127.22625581501744,34.71084916264209]]],[[[126.5012152661373,34.33095713564836],[126.67125902453992,34.4141966464544],[126.60027300000013,34.30027],[126.5012152661373,34.33095713564836]]],[[[126.35425670700678,34.694227683117724],[126.38093239964809,34.54690151703139],[126.288307,34.590271],[126.35425670700678,34.694227683117724]]],[[[126.3706402401706,36.591604967449406],[126.39824398788753,36.40139591354638],[126.33582300000012,36.438599],[126.3706402401706,36.591604967449406]]],[[[126.79735306470363,36.944461181079404],[126.68535140465046,36.8381725179738],[126.5069960868761,36.911072192170614],[126.499153,37.049721],[126.61998000000017,36.9727630000001],[126.79735306470363,36.944461181079404]]],[[[126.622208,33.23999],[126.330833,33.225548],[126.261108,33.193878],[126.170532,33.262497],[126.183594,33.352776],[126.31749,33.452774],[126.633614,33.531662],[126.793053,33.550827],[126.898041,33.52332300000012],[126.941093,33.45388],[126.843048,33.308327],[126.622208,33.23999]]],[[[126.186653,34.351387],[126.10192900000015,34.424995],[126.23887600000012,34.569992],[126.382751,34.471931],[126.346939,34.40470900000014],[126.186653,34.351387]]],[[[128.754425,34.87693800000011],[128.741913,34.781662],[128.594116,34.697769],[128.604126,34.80915800000014],[128.501923,34.887497],[128.71109000000013,34.976654],[128.754425,34.87693800000011]]]]},"properties":{"name":null,"role":"land"}},{"type":"Feature","geometry":{"type":"Polygon","coordinates":[[[123.870819,24.252499],[123.718323,24.277222],[123.678864,24.316109],[123.767212,24.41444],[123.92192100000011,24.371109],[123.870819,24.252499]]]},"properties":{"name":null,"role":"land"}},{"type":"Feature","geometry":{"type":"Polygon","coordinates":[[[125.356369,24.776665],[125.252213,24.737774],[125.261932,24.878883],[125.356369,24.776665]]]},"properties":{"name":null,"role":"land"}},{"type":"Feature","geometry":{"type":"Polygon","coordinates":[[[124.26165800000012,24.457497],[124.22971300000017,24.338329],[124.121918,24.344997],[124.077766,24.419994],[124.26165800000012,24.457497]]]},"properties":{"name":null,"role":"land"}},{"type":"Feature","geometry":{"type":"Polygon","coordinates":[[[128.252777,26.63888500000013],[127.94637300000011,26.451107],[127.83582300000012,26.41944100000012],[127.778587,26.23666],[127.813026,26.155552000000114],[127.65277100000014,26.083054],[127.639977,26.208607000000143],[127.743874,26.306942],[127.7211,26.436108],[127.800537,26.442493],[127.958878,26.544441],[127.876373,26.620552],[127.954987,26.695827000000122],[128.023865,26.631107],[128.247192,26.839996],[128.33136,26.752499000000114],[128.252777,26.63888500000013]]]},"properties":{"name":null,"role":"land"}},{"type":"Feature","geometry":{"type":"Polygon","coordinates":[[[126.76193200000012,26.38694],[126.8099820000001,26.346943],[126.781097,26.29833200000013],[126.701927,26.348606],[126.76193200000012,26.38694]]]},"properties":{"name":null,"role":"land"}},{"type":"Feature","geometry":{"type":"Polygon","coordinates":[[[128.95108,27.67582700000014],[128.89721700000018,27.725826],[128.89886500000011,27.89777400000014],[128.96109,27.898605],[129.029968,27.774441000000138],[128.95108,27.67582700000014]]]},"properties":{"name":null,"role":"land"}},{"type":"Feature","geometry":{"type":"Polygon","coordinates":[[[128.609131,27.358887],[128.52359000000013,27.413609],[128.69635000000017,27.4486050000001],[128.609131,27.358887]]]},"properties":{"name":null,"role":"land"}},{"type":"Feature","geometry":{"type":"Polygon","coordinates":[[[129.992188,28.281666],[129.943024,28.32222],[130.0324710000001,28.35305],[129.992188,28.281666]]]},"properties":{"name":null,"role":"land"}},{"type":"Feature","geometry":{"type":"Polygon","coordinates":[[[129.33609000000013,28.075275],[129.219116,28.097775],[129.223846,28.183605],[129.3402400000001,28.110828],[129.33609000000013,28.075275]]]},"properties":{"name":null,"role":"land"}},{"type":"Feature","geometry":{"type":"Polygon","coordinates":[[[129.733032,29.609718],[129.70968600000015,29.651661],[129.75332600000013,29.64777400000014],[129.733032,29.609718]]]},"properties":{"name":null,"role":"land"}},{"type":"Feature","geometry":{"type":"Polygon","coordinates":[[[72.84855423490407,33.34569850268744],[73.65187398200901,35.24628458570996],[73.19151117633278,37.317917211252876],[73.19151117633278,39.96500334389104],[71.69533205788512,40.88572895524346],[70.88969714795176,41.0008196566625],[69.96897153659937,40.5404568509863],[68.58788311957075,40.65554755240535],[67.20679470254214,41.69136386517681],[64.55970856990398,44.108268594976884],[63.5238922571325,45.02899420632929],[61.452259631589584,45.25917560916739],[58.69008279753237,44.108268594976884],[58.69008279753237,42.72718017794827],[59.72589911030383,41.80645456659586],[60.87680612449434,40.65554755240535],[61.276375378160836,39.69658134360576],[61.452259631589584,39.27445913537674],[61.106987527332436,38.69900562828148],[54.86755273069272,36.805650524911364],[54.06743911216999,36.94152411099138],[53.98521712730671,37.517726503569506],[53.87986281822468,38.025355898100756],[53.937327417834055,38.15944632168474],[53.937327417834055,38.57129629727068],[54.07141784141804,38.89694555874529],[54.03310683677937,38.992721162993334],[53.77450469444538,39.1363902914113],[53.58294585655476,39.31837042446794],[53.20941070030476,39.40457113857927],[53.31476500938679,39.56739767666521],[53.37223342369343,39.51950796719255],[53.544634851916086,39.538661562163256],[53.79366210411335,39.4907718526906],[53.812815699084055,39.54824026699724],[53.669146570666086,39.64401968594255],[53.55421355675007,39.65359839077654],[53.5159025521114,39.77811010952654],[53.688303980334055,39.979247652251146],[53.506323847277415,39.99840124722185],[53.362654718859446,39.96009024258318],[53.19025329063679,39.96009024258318],[53.04658416221882,39.99840124722185],[52.98911574791218,39.93135794277849],[52.84545043419148,40.18038138027849],[52.82629302452351,40.46771963711443],[52.90291503380085,40.56349905605974],[52.96996215294148,40.822101198393725],[53.056162867052805,41.05197104092302],[53.180674585802805,40.84125479336443],[53.257300409777415,40.764632784087084],[53.43927672813679,40.802943788725756],[53.61168197105671,40.74547918911638],[53.64999297569538,40.879569612700365],[53.7649259896114,40.86999090786638],[53.84155181358601,40.640121065337084],[54.10973266075398,40.678432069975756],[54.22466567466999,40.72632177944841],[54.41622451256062,40.65927847500505],[54.45453551719929,40.71674307461443],[54.36833480308796,40.89872320767107],[54.60778335045124,40.81252249355974],[54.81849578331257,40.879569612700365],[54.828074488146555,40.984923921782396],[54.751448664171946,41.13817175503435],[54.35875609825398,41.38719519253435],[54.16719726036335,41.48297461147966],[54.119307550890696,41.779891573149584],[54.02352813194538,41.85651358242693],[54.02352813194538,42.04807242031755],[53.98521712730671,42.10553701992693],[53.73619368980671,42.13427313442888],[53.26687529991413,42.086383424956225],[53.06574157188679,42.028915010649584],[52.97954085777546,41.904403291899584],[52.94122985313679,41.7703128683156],[52.998694452746165,41.68411215420427],[52.931651148302805,41.37762030239763],[52.855025324328196,41.38719519253435],[52.692202600939524,41.53086432095232],[52.68262389610554,41.693690859038256],[52.55927184532429,41.757838808257006],[52.600745233996165,41.93767889614763],[52.51981643150593,42.072555147368334],[52.672678980334055,42.27936895962419],[52.73562148521687,42.42324026699724],[52.75360778282429,42.55811651821794],[52.83453277061726,42.648036562163256],[52.76259902427937,42.755939089018725],[52.58275893638874,42.827872835356615],[52.37594893883015,42.800895296294115],[52.295020136339915,42.87283285732927],[52.0702238411739,42.827872835356615],[51.88139632652546,43.05266913052263],[51.737525019152415,43.178554140288256],[51.422808680041086,43.16956289883318],[51.458777460558665,43.385367952544115],[51.36885741661335,43.556212984282396],[51.26095488975788,43.61016424771013],[51.17103484581257,43.7180667745656],[50.99119857261921,44.077743135649584],[50.95522979210163,44.20362814541521],[50.70345977257038,44.25757940884294],[50.388743433459055,44.29354818936052],[50.32580092857624,44.36548193569841],[50.33479217003132,44.56330450649919],[50.54160598228718,44.64423330898943],[50.874304804308665,44.626247011382006],[51.332888636095774,44.482379518706225],[51.57567122886921,44.554313265044115],[51.4857511849239,44.626247011382006],[51.18902114341999,44.77011831875505],[51.09910109947468,44.87802084561052],[51.21599486778523,45.039874635893725],[51.34188369224812,45.05785711880388],[51.37784865806843,45.17475088711443],[51.5127287239864,45.37257345791521],[51.629622492296946,45.35459097500505],[51.84542754600788,45.43551596279802],[51.99829009483601,45.38156469937029],[52.60973647545124,45.39955099697771],[53.059329065783274,45.33660467739763],[53.284129175646555,45.32761343594255],[53.059329065783274,45.45349844570818],[52.843524012072336,45.50745352383318],[52.83453277061726,45.64232977505388],[53.050337824328196,45.831161104399584],[53.149249109728586,45.95704611416521],[53.20320037315632,46.1908336507863],[53.257151636584055,46.31672247524919],[53.12227538536335,46.49655874844255],[53.16723159263874,46.5864749776906],[53.284129175646555,46.67639502163591],[53.185217890246165,46.865226350981615],[52.95724453208572,46.92652371360974],[55.10980972080421,48.60153189574375],[53.434110403633724,50.914706833077894],[53.22380231865083,51.228186137245814],[55.60284884418971,51.1110259255245],[56.24637298105904,51.07933447968096],[60.601688626082954,50.8648495179089],[62.741023889670544,50.759494296926825],[63.529460290022826,51.25640822674382],[70.38420641791649,55.57662839261589],[78.36223290626025,56.41019430623805],[93.70004066679506,56.48455609390737],[99.53745541241915,55.2811223478262],[99.48535412032993,55.65854236961009],[107.9615110406255,59.8183896994711],[114.0159088408366,59.54672904426065],[115.20548227520561,57.386117039726635],[110.70143086835411,50.98293023313427],[105.30115815324875,51.21273678060715],[93.94115045927443,51.095929022398096],[82.20868349664521,51.32924897531792],[80.71884642202563,46.43604046828073],[91.33393557869015,45.92025067110863],[90.9596929884755,43.54918991631177],[90,43.76299649071973],[87.57784885371417,43.76299649071973],[85.62130692959032,43.41772438646258],[82.05349518559973,41.46118246233871],[79.98186256005681,40.7706382538244],[77.91022993451391,40.42536614956725],[75.37823450329478,40.19518474672915],[75.14805310045668,39.274459135376745],[75.14805310045668,37.778280016929074],[75.95368801039002,37.433007912671926],[76.52914151748529,36.97264510699573],[76.52914151748529,35.13119388429091],[76.75970453702153,33.18387536469871],[72.84855423490407,33.34569850268744]]]},"properties":{"name":null,"role":"land"}},{"type":"Feature","geometry":{"type":"Polygon","coordinates":[[[28.41628887652815,57.903350067981854],[28.327142903779805,58.245392189535146],[28,58.28387684736019],[28,59.65412815875271],[28.163104090197333,59.590682588774584],[28.444363626940497,59.73374136563005],[28.662732157213934,59.644340120512865],[28.795933756335028,59.67222174282732],[28.93626883934284,59.824550234038256],[29.0760660500362,59.907794557768725],[29.413628611071356,59.860030733305834],[29.76545241783405,59.7362438070363],[29.9631567330196,59.736617647368334],[30.126639399035223,59.80604513760271],[29.952874216540106,59.98558386440935],[29.687296900255927,60.131000124174975],[29.510743174059638,60.14456518765154],[28.968979868395575,60.10878714199724],[28.691634211046942,60.14997824307146],[28.475426921404363,60.2957185535218],[30.50425026614263,60.71773014695087],[30.53388671875001,60.630078125],[30.723730468750006,60.561767578125],[30.84912109375,60.442626953125],[30.956835937500017,60.263623046875],[31.108984375,60.146435546875],[31.145312500000017,60.005517578124994],[31.10625,59.927685546875],[31.509765625,59.920361328125],[31.548242187500023,60.071875],[31.69941406250001,60.23564453125],[32.05712890625,60.226513671875],[32.36152343750001,60.148095703124994],[32.6123046875,60.245361328125],[32.59492187500001,60.35458984375],[32.67666015625002,60.392431640625],[32.59990234375002,60.53349609375],[32.84140625,60.497021484375],[32.9443359375,60.642578125],[32.81191406250002,60.756494140624994],[32.76542968750002,60.88603515625],[32.58106290346476,61.03638688259808],[35.03693649251914,61.520591730110375],[35.45742187500002,61.355908203125],[35.611425781250006,61.197412109374994],[35.58339843750002,61.034228515625],[35.14199218750002,61.077294921874994],[34.97421875,61.211962890625],[34.83808593750001,61.19365234375],[34.795507812500006,61.096484375],[35.18447265625002,61.0048828125],[35.449804687500006,61.022998046875],[35.66528396359543,60.91339726791925],[35.20899562784979,60.29362818858747],[35.05609828284478,60.32989960259712],[31.558113162344142,56.2545338994928],[30.086482868915475,57.39124250744209],[28.41628887652815,57.903350067981854]],[[31.688281250000017,58.202294921874994],[31.637109375000023,58.38798828125],[31.5107421875,58.3888671875],[31.29833984375,58.4765625],[31.170214843750017,58.35947265625],[31.019433593750023,58.319726562499994],[30.87617187500001,58.214111328125],[31.39404296875,58.141992187499994],[31.53095703125001,58.23017578125],[31.688281250000017,58.202294921874994]]]},"properties":{"name":"Rus' Khaganate","role":"land"}},{"type":"Feature","geometry":{"type":"Polygon","coordinates":[[[142.72148001084966,59.23899962729002],[137.17796706332177,61.33433849362306],[127.80939535096982,61.80384030510338],[116.96157547350965,59.88266776324234],[115.20548227520561,57.386117039726635],[114.0159088408366,59.54672904426065],[107.9615110406255,59.8183896994711],[99.48535412032993,55.65854236961009],[99.53745541241915,55.2811223478262],[93.70004066679506,56.48455609390737],[78.36223290626025,56.41019430623805],[70.38420641791649,55.57662839261589],[69.66336346330628,55.50131275949338],[64.62542547206408,57.57866818738834],[75.85638492783956,61.42677903286463],[98.45947004862771,69.79094730127832],[101.29780920747532,71],[126.74328795837215,71],[130.86731605142418,69.90104204211539],[155.89216029229675,68.16901029658281],[168.13549806605704,67.45778023799447],[170,66.63727496866716],[170,61.523348446421195],[169.48091979943723,61.192640399715565],[170,60.643581116045155],[170,59.87941740600361],[169.87749770591998,59.8745609151906],[169.61364272545123,60.01220282192888],[169.45571425865435,60.29626806851091],[169.15412429283404,60.43464239712419],[168.67075637291217,60.45457800503435],[168.2109022469356,60.432860933501146],[167.10398391197467,60.27102621670427],[166.8684187264278,60.17341574307146],[166.2685194344356,59.833278261382006],[166.02721694420123,59.70872076626482],[165.94497207115435,59.77061041470232],[166.20342544029498,60.35263785000505],[165.95633986900592,60.31051596279802],[165.7799940438106,60.35411413784685],[165.41538527916217,60.11518820400896],[164.93296340416217,59.96187552090349],[164.88157180259967,59.73413809414568],[164.5846052498653,59.66465338345232],[164.4419050545528,59.74018820400896],[164.32805922935748,59.96072729702654],[164.11052993248248,60.07820852871599],[163.76682570884967,59.88375815029802],[163.3886823983028,59.81406363125505],[163.10639480064654,59.57917364712419],[163.04290297935748,59.462001405913256],[163.09977248619342,59.35886725063982],[163.25451186607623,59.29037436123552],[162.8352156014278,59.055907808501146],[162.75344375084185,58.96646460171404],[162.90740493248248,58.891280733305834],[162.61590102623248,58.732963167387865],[162.22001174400592,58.48553045864763],[161.93841079185748,58.25918539639177],[161.80436232994342,58.1017223226613],[161.7999372811153,57.86273535366716],[161.9892225594356,57.71985205288591],[162.20365432213092,57.67936285610857],[162.82566359947467,57.700980745512865],[163.0783796639278,57.62649878140154],[163.12783339927935,57.55162390347185],[162.93203261802935,57.37424048062029],[162.5932722420528,57.169540010649584],[162.51240066002154,57.033492647368334],[162.61281875084185,56.802882753569506],[162.74430373619342,56.59970816250505],[163.09797194908404,56.55972632046404],[163.17226699302935,56.383815370757006],[163.16599563072467,56.106498323637865],[163.00907424400592,55.94406851406755],[162.77128127525592,55.91659506436052],[162.55463698814654,56.01072271938982],[162.54719069908404,56.10531576748552],[162.72187331627154,56.34234961147966],[162.5218153328731,56.34873541470232],[162.31757644127154,56.24010046597185],[161.86132338951373,55.86087378140154],[161.60943129966998,55.55691488857927],[161.50274184654498,55.287372194487475],[161.64737990806842,54.985091768462084],[161.93853286216998,54.84510000820818],[162.00820449302935,54.73822363491716],[161.8758650154903,54.56412848110857],[161.5666151375606,54.42324026699724],[161.1363630623653,54.40906866665544],[160.68291762779498,54.4482799398488],[160.4043073983028,54.36758764858904],[159.93114760826373,54.086356722075365],[159.69506362388873,53.85922583218279],[159.63321975181842,53.70584448452654],[159.68349746177935,53.579433046538256],[159.90476516197467,53.40018042202654],[159.8968611092403,53.24057730313005],[159.5917616219356,53.133624635893725],[159.31981948326373,53.12647207852068],[158.78814223716998,52.95936545010271],[158.46136001060748,52.82596167202654],[158.43166640709185,52.71308477993669],[158.4623670906856,52.58713873501482],[158.38950637291217,52.2026859151906],[158.2580213875606,52.01712378140154],[157.89777663658404,51.66602285977068],[157.20952895591998,51.229003511626146],[156.82464126060748,51.00411947842302],[156.6963758797481,50.957748018462084],[156.5637312264278,51.234359346587084],[156.4746961922481,51.603820406157396],[156.36185744713092,51.914237581450365],[156.33323195884967,52.27155645962419],[156.17524245689654,52.60925634976091],[156.0380964608028,52.78148993130388],[155.94184401939654,53.193080507475756],[155.71079543541217,53.80493887539568],[155.70746901939654,54.06495245571794],[155.58306411216998,54.55207403774919],[155.46520522545123,54.91977270718279],[155.45347121666217,55.27581366177263],[155.50568679283404,55.63962133999529],[155.6275739998653,56.26791723843279],[155.70299819420123,56.36959799404802],[156.23583510826373,56.756827913481615],[156.5578718514278,56.94747122402849],[156.8776502938106,57.36274298306169],[156.77685073326373,57.58045538540544],[157.51116469810748,57.74545248623552],[157.96169570396685,57.88275869961443],[158.3262586922481,58.026820741850756],[159.10428908775592,58.424884401518725],[159.39269545982623,58.610351167876146],[159.58628371666217,58.80267675991716],[159.64911941002154,58.95374640103044],[160.45193007896685,59.35388907070818],[160.8442488045528,59.554244600493334],[161.5352430672481,59.9416881429738],[161.70084670494342,60.07350882168474],[161.81792739341998,60.2679935323781],[162.38112929771685,60.46357306118669],[163.32929519127154,60.69494970913591],[163.44480422447467,60.89026602383318],[163.79265883873248,61.128192506987475],[163.83137038658404,61.23308905239763],[163.57572463463092,61.330470644194506],[163.94228652427935,61.73741491909685],[163.92588332603717,61.955001436430834],[164.00829604576373,62.1308971273488],[164.27720168541217,62.22288092251482],[165.05478957603717,62.25954397793474],[165.28571608970904,62.2881351339406],[165.06716445396685,62.435687624174975],[164.13767531822467,62.532653413969896],[163.34025100181842,62.411300264555834],[162.9902448983028,62.32608374233904],[163.00915053795123,62.17827948208513],[162.71056655357623,61.76318701382341],[162.74877456138873,61.60898550625505],[162.2352400154903,61.5099254476613],[161.5357771248653,61.1868167745656],[160.6449842781856,60.71775396938982],[160.11884597252154,60.563624941069506],[160.00710586021685,60.59125097866716],[160.0769911141231,60.7375865804738],[160.23559096763873,60.94700964565935],[159.8155165047481,60.98108252163591],[159.74351027916217,61.099635683257006],[159.85686782310748,61.30249746914568],[160.0562391609981,61.51285132046404],[160.14934829185748,61.66016729946794],[160.1182508797481,61.75127752896013],[159.96580031822467,61.765040956694506],[159.45463088463092,61.56075247402849],[159.23105910728717,61.546310030180834],[159.10642531822467,61.70729025479021],[158.84125808189654,61.78396948452654],[158.11835769127154,61.719474397856615],[157.0979872078731,61.63339956875505],[156.82523635338092,61.56281241055193],[156.42315200279498,61.40100439663591],[156.38117507408404,61.20508154507341],[156.41843703697467,61.121329866606615],[155.85076430748248,60.88296850796404],[155.66668227623248,60.778041444975756],[155.7338972420528,60.55536612148943],[155.15180495689654,60.39435156460466],[154.6933241219356,60.199019991118334],[154.31565383384967,59.98334845181169],[154.09215835045123,59.775878511626146],[153.94297316978717,59.56882818813982],[153.9444685311153,59.39667852993669],[154.18178847740435,59.30077704067888],[154.75280288170123,59.28121908779802],[154.9058943123653,59.102767549712084],[154.38708022545123,59.03995092983904],[153.92443374107623,58.922347627837084],[153.45414260338092,58.94891699429216],[153.13988784263873,59.010123811919115],[152.8283338875606,58.947738252837084],[152.50420669029498,58.76871832485857],[152.1912489266231,58.9259410726613],[151.69065383384967,58.75345953579607],[151.35448745201373,58.691119753081225],[151.13540175865435,58.73182638760271],[151.00748732994342,58.79334219570818],[151.05617812584185,58.923812471587084],[151.8572645516231,59.055812441069506],[151.52360061119342,59.34394415493669],[151.14020827720904,59.43957098599138],[150.6634168953731,59.4318004476613],[150.2786512703731,59.36224707241716],[150.12006667564654,59.3894534933156],[149.7295790047481,59.595328890044115],[149.38030532310748,59.60845526333513],[149.04528335045123,59.58715399380388],[148.72844985435748,59.476337038237475],[148.7472029061153,59.29743155117693],[148.63029006431842,59.19402655239763],[148.41608718345904,59.09739264126482],[147.91918471763873,59.261474214751146],[147.35222915123248,59.23288687344255],[146.99962905357623,59.19095953579607],[146.30735305259967,59.28595312710466],[146.0539656014278,59.25107153530779],[145.95696547935748,58.98285635586443],[145.65258315513873,58.97540625210466],[145.51279738853717,59.03694876309099],[145.49566176841998,59.20875128384294],[145.4041395516231,59.32550390835466],[144.84569838951373,59.283195100981615],[144.38981154869342,59.309859834868334],[143.30285170982623,59.2665286886281],[142.92681411216998,59.27957113857927],[142.72148001084966,59.23899962729002]]]},"properties":{"name":"Paleo-Siberian hunter-gatherers","role":"land"}},{"type":"Feature","geometry":{"type":"Polygon","coordinates":[[[31.07498925424037,49.017806389820606],[28.194165742860143,48.494270255736346],[28,48.45898424047473],[28,56.210257043692934],[28.800529363512936,56.42906662810114],[28.41628887652815,57.903350067981854],[30.086482868915475,57.39124250744209],[31.558113162344142,56.2545338994928],[35.05609828284478,60.32989960259712],[35.20899562784979,60.29362818858747],[43.17157635700763,58.404687198780906],[44.17773490594777,58.16599899077597],[43.19086873393651,57.46750307925482],[44.401984422320126,56.22728884226823],[46.06633402989045,56.21046143901542],[45.95860038543071,54.29830988533164],[45.64216426366803,54.27788952796341],[40.05433250446553,53.917293775490954],[35.7461608019382,53.019625088709326],[34.97463897212363,52.858867571225346],[35.219443479706364,50.70115469783274],[35.6011114034524,49.84034497402438],[32.92593319816684,49.354181052475894],[32.664648437500006,49.537011718749994],[32.6318359375,49.3818359375],[32.11445312500001,49.541308593749996],[31.955371093750017,49.569677734375],[31.900488281250006,49.51279296875],[32.470572926630325,49.27142778583737],[31.07498925424037,49.017806389820606]],[[38.81875,58.134814453125],[38.87089843750002,58.3310546875],[39.00527343750002,58.358056640624994],[38.9892578125,58.49560546875],[38.75283203125002,58.546923828125],[38.11943359375002,58.95458984375],[37.85771484375002,59.075146484375],[37.9873046875,59.1767578125],[37.64492187500002,59.156787109375],[37.67324218750002,59.0251953125],[37.499121093750006,58.944189453125],[37.77724609375002,58.926220703125],[37.99589843750002,58.861669921875],[37.98769531250002,58.672216796875],[38.09550781250002,58.63447265625],[38.07392578125001,58.541943359375],[37.76777343750001,58.617626953125],[37.56464843750001,58.55283203125],[37.41035156250001,58.669970703125],[37.4228515625,58.7265625],[37.15078125000002,58.84873046875],[37.1552734375,58.694970703124994],[37.41689453125002,58.6130859375],[37.50712890625002,58.5353515625],[37.89716796875001,58.291796875],[38.22050781250002,58.2373046875],[38.25917968750002,58.0708984375],[38.38310546875002,58.121875],[38.68095703125002,58.108203125],[38.81875,58.134814453125]]]},"properties":{"name":"Slavonic tribes","role":"land"}},{"type":"Feature","geometry":{"type":"Polygon","coordinates":[[[45.95860038543071,54.29830988533164],[46.06633402989045,56.21046143901542],[46.824215799087334,56.20279887696102],[47.57290549736083,56.81036802150695],[49.10288188427606,57.7086220534561],[51.78568869315165,57.7086220534561],[53.97646398874319,57.7086220534561],[53.92448387264525,57.601384527021416],[59.04370492698055,56.44328398358337],[56.603624428906805,52.66191720011336],[56.091064969237024,52.892304706354835],[49.98783786904271,55.30659984305514],[50.734472656250006,55.407080078125],[50.87714843750001,55.45205078125],[51.21875,55.400146484375],[51.20585937500002,55.488720703125],[51.41044921875002,55.441015625],[51.46914062500002,55.511279296874996],[51.254980468750006,55.526171875],[50.67519531250002,55.450634765625],[50.37910156250001,55.430517578125],[50.08955078125001,55.46279296875],[49.78828125000001,55.38349609375],[49.45488281250002,55.403613281249996],[49.17226562500002,55.29267578125],[49.15947265625002,55.1630859375],[48.859472656250006,55.01162109375],[48.86376953125,54.87080078125],[48.7451171875,54.675048828125],[48.55146484375001,54.652197265625],[48.41582031250002,54.59716796875],[48.38594593050253,54.17722260028808],[47.82687562021761,54.41887402239682],[45.95860038543071,54.29830988533164]]]},"properties":{"name":"Volga Bulgars","role":"land"}},{"type":"Feature","geometry":{"type":"Polygon","coordinates":[[[70.38420641791649,55.57662839261589],[63.529460290022826,51.25640822674382],[62.741023889670544,50.759494296926825],[60.601688626082954,50.8648495179089],[56.24637298105904,51.07933447968096],[55.60284884418971,51.1110259255245],[55.70654913223376,51.271729158452935],[56.603624428906805,52.66191720011336],[59.04370492698055,56.44328398358337],[59.09429166962169,56.4318399506882],[60.313126298665715,56.60370826057892],[62.80579411405116,56.95520024672745],[64.62542547206408,57.57866818738834],[69.66336346330628,55.50131275949338],[70.38420641791649,55.57662839261589]]]},"properties":{"name":"Bashkirs","role":"land"}},{"type":"Feature","geometry":{"type":"Polygon","coordinates":[[[53.434110403633724,50.914706833077894],[45.64216426366803,54.27788952796341],[45.95860038543071,54.29830988533164],[47.82687562021761,54.41887402239682],[48.38594593050253,54.17722260028808],[48.41582031250002,54.59716796875],[48.55146484375001,54.652197265625],[48.7451171875,54.675048828125],[48.86376953125,54.87080078125],[48.859472656250006,55.01162109375],[49.15947265625002,55.1630859375],[49.17226562500002,55.29267578125],[49.45488281250002,55.403613281249996],[49.78828125000001,55.38349609375],[50.08955078125001,55.46279296875],[50.37910156250001,55.430517578125],[50.67519531250002,55.450634765625],[51.254980468750006,55.526171875],[51.46914062500002,55.511279296874996],[51.41044921875002,55.441015625],[51.20585937500002,55.488720703125],[51.21875,55.400146484375],[50.87714843750001,55.45205078125],[50.734472656250006,55.407080078125],[49.98783786904271,55.30659984305514],[56.091064969237024,52.892304706354835],[56.603624428906805,52.66191720011336],[55.70654913223376,51.271729158452935],[55.60284884418971,51.1110259255245],[53.22380231865083,51.228186137245814],[53.434110403633724,50.914706833077894]]]},"properties":{"name":"Mordvinians","role":"land"}},{"type":"Feature","geometry":{"type":"Polygon","coordinates":[[[28,65.41870940821465],[29.21614894912162,65.4840873230457],[30.796568093460085,61.750649631190136],[30.466210937500023,61.487158203125],[30.28515625,61.5166015625],[30.173925781250006,61.3140625],[29.857226562500017,61.18798828125],[30.124902343750023,61.087353515625],[30.40869140625,60.92802734375],[30.527929687500006,60.81171875],[30.50425026614263,60.71773014695087],[28.475426921404363,60.2957185535218],[28.43523124168659,60.33733709927263],[28.551247629626044,60.5326419698781],[28.52150824974323,60.62326391812029],[28,60.508930110250624],[28,65.41870940821465]]]},"properties":{"name":"Finns","role":"land"}},{"type":"Feature","geometry":{"type":"Polygon","coordinates":[[[46.06633402989045,56.21046143901542],[44.401984422320126,56.22728884226823],[43.19086873393651,57.46750307925482],[44.17773490594777,58.16599899077597],[44.51208584853681,58.40264988938335],[46.62603323189728,58.15952943841164],[49.114325464394526,57.71534061595762],[49.10288188427606,57.7086220534561],[47.57290549736083,56.81036802150695],[46.824215799087334,56.20279887696102],[46.06633402989045,56.21046143901542]]]},"properties":{"name":"Mari","role":"land"}},{"type":"Feature","geometry":{"type":"Polygon","coordinates":[[[44.17773490594777,58.16599899077597],[43.17157635700763,58.404687198780906],[42.86056445528644,61.477467993890556],[37.79464824015371,63.83191934815207],[37.94491866539265,63.850394808012865],[38.054080042345774,63.98631628628435],[38.05385878990437,64.12927588101091],[37.87985518883015,64.30789526577654],[37.668128046496165,64.3433109151906],[37.46328643272663,64.29996069546404],[37.26195052574421,64.3138919698781],[36.996741327746165,64.40655859585466],[36.56850722740437,64.7645755636281],[36.88390639732624,65.0676990377492],[37.10194304893757,65.06812628384294],[37.60409453819538,64.85277136440935],[38.25292113731648,64.70306738491716],[39.19344237755085,64.5110355245656],[39.62159636925007,64.47596319790544],[39.99705031822468,64.54121740933122],[40.32217315147663,64.46293219204607],[40.43979171226765,64.56356390591326],[40.46206191490437,64.75027807827654],[40.365950617296946,64.85792883511247],[39.979388269884836,65.15314062710466],[39.823103937609446,65.43561133022966],[39.9513273567989,65.58116491909685],[40.681407007677805,65.79355963345232],[41.35424712608601,65.95517309780779],[41.62328246544148,66.06516607876482],[42.1334448189571,66.3878894674367],[42.21078780601765,66.41000708218279],[43.241431269152415,66.25089605923357],[43.87621978233601,66.01096686001482],[44.052840265734446,66.04050024624529],[44.12211135338093,66.2671619283742],[44.383608850939524,66.61201819058122],[44.36195281456257,66.90596350308122],[44.21916488121296,67.08982428188982],[43.83810714195515,67.16285284634294],[43.703597101671946,67.26593359585466],[44.21583465050007,67.71826513882341],[44.26107314537312,67.8296390401906],[44.16874984215046,68.09702643032732],[43.8221655220821,68.3273197042531],[43.85324386070515,68.46920355435076],[44.012026819689524,68.49190863247576],[44.66781142662312,68.38859137173357],[45.57964232872273,68.44253882046404],[45.8634367317989,68.3833499776906],[46.16195205162312,68.10819586392107],[46.439368280871165,67.90793951626482],[46.6340666146114,67.7005115377492],[45.46258071373249,67.6390643941945],[45.092505487902415,67.54207953091326],[44.87120727012898,67.31241949673357],[44.95714095543171,67.23135717983904],[45.38563445518757,67.09937628384294],[45.715350183947336,66.84962805386247],[46.07677749107624,66.76208075161638],[46.40205291221882,66.71860083218279],[46.972640070421946,66.77846106167497],[47.5711889595821,66.8163104879445],[47.706187281115305,66.89010962124529],[47.952918085558665,67.37729223843279],[48.08066085289265,67.56245764370622],[48.63532165001179,67.65238531704607],[49.18562987755085,67.83882483120622],[49.63012221763874,67.93619116421404],[50.49589827965046,68.1534686910695],[51.13895705650593,68.26639898892107],[51.83080962608601,68.40938147183122],[52.244875940783274,68.54455908413591],[52.33738234947468,68.33572729702654],[52.4626684517696,68.29867132778826],[52.719729456408274,68.35138281460466],[52.93876937340046,68.47117956753435],[53.00575164268757,68.6805683004445],[53.17943480919148,68.75574835415544],[53.50243285606648,68.81625708218279],[53.889117273791086,68.78699835415544],[53.808394464953196,68.60726507778826],[53.78207686851765,68.33842047329607],[53.3959074349239,68.30042608853044],[53.316844019396555,68.13638647671404],[53.62573913048054,68.04768713589372],[54.37974837730671,68.16070898647966],[54.57595733116413,68.16109045620622],[54.752295526964915,68.04978521938982],[54.99598601768757,68.20653113003435],[55.1264982552364,68.40060766812029],[55.335391077502024,68.48309668179216],[55.72289184044148,68.53610571499529],[56.1951017708614,68.56686743374529],[56.54026320884968,68.55256994839372],[57.02422622154499,68.44890936489763],[57.363692316515696,68.45701941128435],[57.52586654136921,68.49463995571794],[57.967217369904084,68.70704370826272],[60.313126298665715,56.60370826057892],[59.09429166962169,56.4318399506882],[59.04370492698055,56.44328398358337],[53.92448387264525,57.601384527021416],[53.97646398874319,57.7086220534561],[51.78568869315165,57.7086220534561],[49.10288188427606,57.7086220534561],[49.114325464394526,57.71534061595762],[46.62603323189728,58.15952943841164],[44.51208584853681,58.40264988938335],[44.17773490594777,58.16599899077597]]]},"properties":{"name":"Permians","role":"land"}},{"type":"Feature","geometry":{"type":"Polygon","coordinates":[[[101.29780920747532,71],[98.45947004862771,69.79094730127832],[75.85638492783956,61.42677903286463],[64.62542547206408,57.57866818738834],[62.80579411405116,56.95520024672745],[60.313126298665715,56.60370826057892],[57.967217369904084,68.70704370826272],[58.40928939293171,68.83285864468279],[58.77038100670124,68.8560062276906],[59.19904998253132,68.77440985317888],[59.34587386558796,68.69986303921404],[59.06195739219929,68.4974857198781],[59.119788202746165,68.393092714507],[59.50186065147663,68.28942450161638],[59.762347254259836,68.297389589507],[59.892046961291086,68.4020038473195],[59.92537597130085,68.58127173062029],[60.07908919761921,68.61895331021013],[60.51208404014851,68.58985479946794],[60.75627425621296,68.67254980679216],[60.93412307213093,68.81508215542497],[60.98595717857624,69.00259741421404],[60.36923507164265,69.46769293423357],[60.84873488853718,69.71004065151872],[61.030039820177805,69.74060400601091],[62.2812719673946,69.7051273214406],[62.85394957969929,69.61560400601091],[63.41231826256062,69.54873999233904],[63.92324355552937,69.45921667690935],[64.87299636314656,69.22766455288591],[65.35536483238484,69.18344458218279],[66.58425429771687,68.88553961392107],[68.21540358970906,68.20135077114763],[68.48788741539265,68.22421606655779],[69.00261214683796,68.69536932583513],[69.10895064781452,68.83031042690935],[68.69183639000202,68.81454809780779],[68.51176742027546,68.83668097134294],[68.25765517662312,68.94111975308122],[68.09354690025593,69.13594397183122],[68.10592940758015,69.42932470913591],[67.77870467613484,69.55685003872576],[66.88444045494343,69.62308081265154],[66.79896834800984,69.74374731655779],[66.9648542733028,69.95582159634294],[67.27720168541218,70.07055243130388],[67.42175582359577,70.22343023892107],[67.39824202965046,70.59850653286638],[67.28530410240437,70.70580633755388],[66.7748136849239,70.73557623501482],[66.67020705650593,70.86613043423357],[66.7528878100301,71],[72.52325489538856,71],[72.67970565269734,70.823512636382],[72.7742033333614,70.45523413296404],[72.69588759849812,70.35557898159685],[72.43689254234577,70.18696936245622],[72.55148604820515,69.65626104946794],[72.52553084800984,69.06907995815935],[72.64349654625202,68.806911073882],[72.84616378258015,68.63523443813982],[73.30861190269734,68.5165515768117],[73.39364913414265,68.38238867397966],[73.17524245689656,68.16592749233904],[72.98776534508015,67.79414709683122],[72.83769515465046,67.64564856167497],[72.48502639244343,67.43782385464372],[71.93047622154499,67.156276308257],[71.64714339683796,67.06732519741716],[71.39950087974812,66.94906958218279],[71.54405501793171,66.71412237759294],[70.83993056724812,66.55140265103044],[70.12074569175984,66.7188220846242],[69.79152205894734,66.7549320089406],[69.35537246177937,66.73943670864763],[69.08476546715046,66.68753393765154],[69.17261031578327,66.5482898580617],[69.43512252281452,66.42423590298357],[69.76729873131062,66.32971533413591],[70.47356704185749,66.23597296353044],[70.98342421959187,66.2003894674367],[71.2595320076778,66.22281225796404],[71.79433730552937,66.15806158657732],[72.20881179283406,66.17345770474138],[72.42107680748249,66.3346668111867],[72.55741408775593,66.49599035854997],[73.16545394371296,66.64375647183122],[73.69016555259968,66.86506994839372],[73.81080916832234,66.99035223599138],[73.9845075936153,67.26336248989763],[74.35252669761921,67.40435370083513],[74.74171737144734,67.68622168179216],[74.77064803550984,67.84936865444841],[74.66936019371296,68.10174902554216],[74.39512923668171,68.34698828335466],[74.50497725914265,68.59347876187029],[74.91630080650593,68.70638617153826],[75.53720382164265,68.77486761685076],[76.32775405357624,68.77634008999529],[76.66087630699421,68.67222174282732],[77.03982070396687,68.4637714254445],[77.10788253258015,68.11375006313982],[76.95493606041218,67.65331610317888],[77.09069350670124,67.52774389858904],[77.50477889488484,67.432399355132],[78.08904555748249,67.41131170864763],[78.47786239097859,67.478541933257],[78.53574660728718,67.61183508511247],[77.94601729820515,67.77371557827654],[77.68886092613484,67.75840338345232],[77.48322585533406,67.802516542632],[77.51418593834187,67.97325476284685],[77.97751906822468,68.14512213345232],[78.00718215416218,68.25683935757341],[77.90906051109577,68.32369574185076],[77.63582900474812,68.81619604702654],[77.40597823570515,68.9356189596242],[77.02994826744343,68.97991522427263],[76.53798964927937,69.0840564596242],[75.59802535484577,69.21000250454607],[74.90170577476765,69.0810047018117],[74.31795791099812,69.16254004116716],[73.91452315758015,69.15427740688982],[73.90792373131062,69.27452429409685],[73.65407851646687,69.75646551724138],[73.79099563072468,70.05221136685076],[74.1222257942989,70.36587866421404],[74.24957564781452,70.5729480611867],[74.18918899009968,70.67260321255388],[73.84613261279736,71],[77.78717601226745,71],[78.10473159263874,70.84130438442888],[78.60852340172077,70.8499256002492],[78.51977058492662,71],[82.14978334584647,71],[82.04561141441609,70.41893347378435],[82.19571975181843,70.3579822408742],[82.50152877281452,70.7111316549367],[82.80373671959187,70.81927832241716],[83.07590774009968,70.58175238247576],[83.03633407066609,70.24492987271013],[83.37072280357624,70.33726080532732],[83.67697432945515,70.46026190396013],[83.6571150154903,70.598170839507],[83.33416675663571,71],[101.29780920747532,71]]]},"properties":{"name":"Finno-Ugric taiga hunter-gatherers","role":"land"}},{"type":"Feature","geometry":{"type":"Polygon","coordinates":[[[34.72611897050977,65.78029310527337],[34.725588831408274,65.61499365444841],[34.60118773887898,65.48392828579607],[34.293414148791086,65.39624365444841],[34.425662073595774,65.10652502651872],[34.772864374621165,64.68222387905779],[34.814768824084055,64.45981939907732],[34.88461211632038,64.3667713033742],[35.081763300402415,64.28833349819841],[35.62327102134968,64.2535663473195],[36.01547149132038,64.19702490444841],[36.23997024009968,63.91862066860857],[36.68079814219038,63.86021464860759],[35.73301048584266,62.52305671529207],[35.4638671875,62.60419921875],[34.91044921875002,62.8154296875],[34.479589843750006,62.873828125],[34.62109375,62.712353515625],[34.83857421875001,62.591162109375],[34.943359375,62.642822265625],[35.14716796875001,62.5591796875],[35.35175781250001,62.52265625],[35.54023437500001,62.354248046875],[35.55351562500002,62.2359375],[35.34130859375,62.1490234375],[35.09589843750001,62.21806640625],[35.1650390625,62.0806640625],[35.02861328125002,62.0779296875],[34.89248046875002,62.187060546875],[34.85195312500002,62.29443359375],[34.69560546875002,62.36455078125],[34.59140625,62.096484375],[34.342871093750006,62.19892578125],[34.25517578125002,62.1685546875],[34.53730468750001,61.998974609375],[34.56240234375002,61.823828125],[34.38798828125002,61.796142578125],[34.7724609375,61.60087890625],[35.03693649251914,61.520591730110375],[32.58106290346476,61.03638688259808],[32.52685546875,61.117529296875],[31.89863281250001,61.323974609375],[31.36484375,61.62744140625],[31.098437500000017,61.620361328125],[31.02587890625,61.71435546875],[30.796568093460085,61.750649631190136],[29.21614894912162,65.4840873230457],[34.72611897050977,65.78029310527337]]]},"properties":{"name":"Karelians","role":"land"}},{"type":"Feature","geometry":{"type":"Polygon","coordinates":[[[35.20899562784979,60.29362818858747],[35.66528396359543,60.91339726791925],[35.88027343750002,60.94775390625],[36.098730468750006,61.062646484374994],[36.279296875,61.113818359375],[36.394628906250006,61.20615234375],[36.40556640625002,61.4107421875],[36.24726562500001,61.49326171875],[35.68935546875002,62.040234375],[35.82265625000002,62.352197265624994],[35.73301048584266,62.52305671529207],[36.68079814219038,63.86021464860759],[36.98754027794148,63.841483675200365],[37.410540613634836,63.749496065337084],[37.79464824015371,63.83191934815207],[42.86056445528644,61.477467993890556],[43.17157635700763,58.404687198780906],[35.20899562784979,60.29362818858747]]]},"properties":{"name":"Veps","role":"land"}},{"type":"Feature","geometry":{"type":"Polygon","coordinates":[[[85.37910750816609,19.60537489529314],[84.726764506404,20.88552285625795],[84.726764506404,21.90577933024861],[84.91226568349322,22.740534627150062],[84.90316249640829,22.849772872169332],[84.81951509494861,23.85354168968533],[83.98475979804715,24.781047575131392],[84.04122082383469,24.832803515436638],[85.09776686058242,25.801304049122052],[85.93252215748387,25.24480051785442],[87.18714917578343,25.105397515821135],[87.86779287557921,27.01790872908419],[91.58073367614277,27.16988510222067],[93.11712297292769,24.868998540531784],[93.41314187588453,24.246344261706238],[92.98711182040957,24.08248654806202],[91.6517870269344,22.356924150680594],[91.57107070396687,22.543313585478685],[91.41017440269734,22.72083433743181],[91.08137801597859,22.561330400664232],[90,22.560958467680834],[90,21.93025358792009],[89.86968520591999,22.1332279073781],[89.79633620689656,21.832069002348803],[89.6701765389278,21.719838701445482],[89.57895186851765,21.700582109648607],[89.45661452720906,21.94171293850603],[89.23388198326374,21.655381761748217],[89.07225326011921,21.774339281279467],[88.99476912925984,21.629476152617357],[89.02553847740437,21.546960436064623],[88.88093856285359,21.514886461455248],[88.72346023033406,21.53995283718767],[88.65697768638874,21.857440553862475],[88.56759932945515,21.89536627407732],[88.45388320396687,21.736314378935717],[88.37705520103718,21.577336870390795],[88.24792769859577,21.596122347075365],[88.12160781334187,21.86265143032732],[88.05304244468952,21.938741289336107],[87.86748794029499,21.696960054594896],[87.64071944664265,21.563081346709154],[86.93719771812702,21.288428865630053],[86.79619124840046,21.1356693136281],[86.84421065758015,20.875316225249193],[86.92611220787312,20.69125898953142],[86.77521041343952,20.468600832182787],[86.6378507942989,20.31910666104021],[86.63238051841999,20.203647218901537],[86.11916640709187,19.806542955595873],[85.9089460701778,19.723508440215014],[85.71477797935749,19.697682939726732],[85.37910750816609,19.60537489529314]]]},"properties":{"name":"Palas","role":"land"}},{"type":"Feature","geometry":{"type":"Polygon","coordinates":[[[79.2465183230073,27.81189282357719],[79.0477855784419,27.760018565682024],[78.55131883527947,27.630428226015034],[76.30908035561204,27.045147438940386],[76.10516385314365,26.99855206169772],[74.1173958209184,26.544342617090322],[72.62766425774089,28.366551993013818],[77.06013118879203,29.420755243488284],[79.14818133348803,28.336681312199808],[79.8537096880478,27.970385081763993],[79.2465183230073,27.81189282357719]]]},"properties":{"name":"Chauhans","role":"land"}}]}